22603	411+1919	0	8243	1	63979at147550_2|C192050|+|634|6.854e-184|2|411|2329|411[411]:821[821]:411[411]|893[893]:2329[2329]:1437[1437]
22605	209353-2465	0	1621	-1	12772at147550_8|scaffold32|-|1104|0|3|206889|209353|209353[209353]:209246[209246]:108[108]|209191[209191]:208865[208865]:327[327]|208811[208811]:206889[206889]:1923[1923]
22605	234490-2400	0	1867	-1	41854at147550_8|scaffold32|-|331|1.117e-92|1|232091|234490|234490[234490]:232091[232091]:2400[2400]
22605	15451+3503	0	3025	1	7411at147550_0|scaffold32|+|1541|0|3|15451|18953|15451[15451]:16641[16641]:1191[1191]|16709[16745]:18808[18808]:2100[2064]|18840[18870]:18953[18953]:114[84]
22605	228929+488	0	3533	1	99124at147550_4|scaffold32|+|137|2.805e-34|2|228929|229416|228929[228929]:229159[229159]:231[231]|229222[229225]:229416[229416]:195[192]
22605	160939-1878	0	5096	-1	66931at147550_6|scaffold32|-|654|6.537e-190|1|159062|160939|160939[160939]:159062[159062]:1878[1878]
22605	189016-3887	0	5100	-1	4147at147550_9|scaffold32|-|1832|0|4|185130|189016|189016[189016]:188186[188186]:831[831]|188078[188078]:185787[185787]:2292[2292]|185722[185722]:185501[185501]:222[222]|185453[185447]:185130[185130]:324[318]
22605	44553+1321	0	5501	1	34845at147550_9|scaffold32|+|208|1.188e-55|2|44553|45873|44553[44553]:45179[45179]:627[627]|45268[45268]:45873[45873]:606[606]
22605	256792-894	0	6820	-1	80614at147550_6|scaffold32|-|369|4.063e-104|1|255899|256792|256792[256792]:255899[255899]:894[894]
22605	163790-612	0	7161	-1	94949at147550_6|scaffold32|-|276|4.024e-76|2|163179|163790|163790[163790]:163563[163563]:228[228]|163445[163445]:163179[163179]:267[267]
22605	120534-957	0	11093	-1	62329at147550_7|scaffold32|-|428|7.049e-122|1|119578|120534|120534[120534]:119578[119578]:957[957]
22605	128190+1486	0	11182	1	46260at147550_7|scaffold32|+|378|7.936e-107|2|128190|129675|128190[128190]:129038[129038]:849[849]|129076[129094]:129675[129675]:600[582]
22605	85295+3186	0	12028	1	4537at147550_8|scaffold32|+|1152|0|3|85295|88480|85295[85295]:86461[86461]:1167[1167]|86520[86520]:87830[87830]:1311[1311]|87875[87890]:88480[88480]:606[591]
22605	57824-228	0	12095	-1	44913at147550_0|scaffold32|-|40|4.444e-05|1|57597|57824|57824[57824]:57597[57597]:228[228]
22605	211231+2955	0	14178	1	18800at147550_4|scaffold32|+|1064|2.472e-313|1|211231|214185|211231[211231]:214185[214185]:2955[2955]
22605	2384+1170	0	17586	1	64635at147550_4|scaffold32|+|595|3.768e-172|1|2384|3553|2384[2384]:3553[3553]:1170[1170]
22605	138588-807	0	18332	-1	85893at147550|scaffold32|-|409|3.696e-116|3|137782|138588|138588[138588]:138529[138529]:60[60]|138455[138446]:138114[138114]:342[333]|138051[138042]:137782[137782]:270[261]
22605	164125+1349	0	18430	1	64056at147550_9|scaffold32|+|492|3.821e-141|2|164125|165473|164125[164125]:164253[164253]:129[129]|164304[164307]:165473[165473]:1170[1167]
22605	197125+2738	0	20101	1	15368at147550_8|scaffold32|+|1086|5.8942e-320|3|197125|199862|197125[197125]:197301[197301]:177[177]|197523[197523]:199670[199670]:2148[2148]|199728[199728]:199862[199862]:135[135]
22605	257501+2355	0	22656	1	14782at147550_4|scaffold32|+|993|5.837e-292|4|257501|259855|257501[257501]:257737[257737]:237[237]|257817[257817]:258626[258626]:810[810]|258682[258682]:259035[259035]:354[354]|259100[259100]:259855[259855]:756[756]
22605	255130-1687	0	23321	-1	43834at147550_3|scaffold32|-|880|6.061e-258|2|253444|255130|255130[255130]:254855[254855]:276[276]|254781[254772]:253444[253444]:1338[1329]
22605	141286-1214	0	24307	-1	49120at147550_6|scaffold32|-|572|3.161e-165|2|140073|141286|141286[141286]:140726[140726]:561[561]|140666[140654]:140073[140073]:594[582]
22605	6587+2679	0	24366	1	8986at147550_7|scaffold32|+|878|2.425e-257|1|6587|9265|6587[6587]:9265[9265]:2679[2679]
22605	245698-954	0	26266	-1	42994at147550_5|scaffold32|-|299|4.797e-83|2|244745|245698|245698[245698]:245387[245387]:312[312]|245320[245320]:244745[244745]:576[576]
22605	215826-1075	0	27823	-1	99979at147550_7|scaffold32|-|352|5.326e-99|3|214752|215826|215826[215826]:215650[215650]:177[177]|215510[215510]:215127[215127]:384[384]|214979[214979]:214752[214752]:228[228]
22605	249428-439	0	30844	-1	99037at147550_5|scaffold32|-|207|2.376e-55|3|248990|249428|249428[249428]:249267[249267]:162[162]|249210[249201]:249142[249142]:69[60]|249085[249085]:248990[248990]:96[96]
22605	170428-1198	0	32716	-1	52682at147550|scaffold32|-|691|4.756e-201|3|169231|170428|170428[170428]:170300[170300]:129[129]|170184[170181]:169843[169843]:342[339]|169785[169785]:169231[169231]:555[555]
22605	218528-1754	0	35191	-1	36548at147550_6|scaffold32|-|739|1.69e-215|3|216775|218528|218528[218528]:218436[218436]:93[93]|218338[218338]:217319[217319]:1020[1020]|217266[217239]:216775[216775]:492[465]
22605	146809+1306	0	37670	1	79626at147550_4|scaffold32|+|456|2.626e-130|2|146809|148114|146809[146809]:146877[146877]:69[69]|146954[146960]:148114[148114]:1161[1155]
22605	178919+4131	0	38284	1	12917at147550_1|scaffold32|+|728|3.46e-212|2|178919|183049|178919[178919]:182218[182218]:3300[3300]|182294[182294]:183049[183049]:756[756]
22605	178433-420	0	38407	-1	105506at147550_0|scaffold32|-|165|1.045e-42|2|178014|178433|178433[178433]:178335[178335]:99[99]|178208[178205]:178014[178014]:195[192]
22605	224382-994	0	40905	-1	58492at147550_1|scaffold32|-|527|1.112e-151|2|223389|224382|224382[224382]:224290[224290]:93[93]|224231[224207]:223389[223389]:843[819]
22605	158646-2565	0	40926	-1	39873at147550_7|scaffold32|-|854|4.068e-250|1|156082|158646|158646[158646]:156082[156082]:2565[2565]
22605	68102-3269	0	40933	-1	15867at147550_4|scaffold32|-|1004|2.85e-295|2|64834|68102|68102[68102]:64962[64962]:3141[3141]|64890[64890]:64834[64834]:57[57]
22606	67454+666	0	852	1	99181at147550_6|scaffold64|+|251|1.35e-68|2|67454|68119|67454[67454]:67585[67585]:132[132]|67859[67859]:68119[68119]:261[261]
22606	44944+306	0	2445	1	110026at147550_6|scaffold64|+|152|8.559e-39|2|44944|45249|44944[44944]:45090[45090]:147[147]|45166[45169]:45249[45249]:84[81]
22606	77009-744	0	2780	-1	76187at147550_1|scaffold64|-|191|1.557e-50|1|76266|77009|77009[77009]:76266[76266]:744[744]
22606	226677+1770	0	2952	1	25190at147550_1|scaffold64|+|356|3.329e-100|2|226677|228446|226677[226677]:228218[228218]:1542[1542]|228270[228273]:228446[228446]:177[174]
22606	131300+2097	0	3030	1	73310at147550_0|scaffold64|+|581|6.174e-168|3|131300|133396|131300[131300]:131530[131530]:231[231]|131688[131688]:132110[132110]:423[423]|132170[132173]:133396[133396]:1227[1224]
22606	176214-1816	0	3417	-1	50170at147550_2|scaffold64|-|559|2.589e-161|2|174399|176214|176214[176214]:176032[176032]:183[183]|175817[175817]:174399[174399]:1419[1419]
22606	43615-1693	0	5824	-1	69701at147550_9|scaffold64|-|549|2.652e-158|6|41923|43615|43615[43615]:43559[43559]:57[57]|43490[43487]:43347[43347]:144[141]|43162[43162]:43058[43058]:105[105]|42996[42996]:42757[42757]:240[240]|42705[42702]:42142[42142]:564[561]|42084[42084]:41923[41923]:162[162]
22606	55949+1455	0	7141	1	81353at147550_2|scaffold64|+|513|1.822e-147|2|55949|57403|55949[55949]:56434[56434]:486[486]|56492[56492]:57403[57403]:912[912]
22606	245872+3282	0	7178	1	44359at147550_0|scaffold64|+|768|3.147e-224|4|245872|249153|245872[245872]:247077[247077]:1206[1206]|247128[247131]:247205[247205]:78[75]|247253[247256]:249040[249040]:1788[1785]|249094[249094]:249153[249153]:60[60]
22606	68923+1930	0	8088	1	16854at147550_0|scaffold64|+|890|5.919e-261|2|68923|70852|68923[68923]:70707[70707]:1785[1785]|70787[70790]:70852[70852]:66[63]
22606	180185+1195	0	8260	1	68881at147550_6|scaffold64|+|589|2.412e-170|3|180185|181379|180185[180185]:180235[180235]:51[51]|180301[180301]:180774[180774]:474[474]|180882[180897]:181379[181379]:498[483]
22606	214672+885	0	9162	1	99307at147550|scaffold64|+|224|1.812e-60|1|214672|215556|214672[214672]:215556[215556]:885[885]
22606	65299+306	0	13402	1	107568at147550_3|scaffold64|+|119|7.352e-29|2|65299|65604|65299[65299]:65400[65400]:102[102]|65461[65464]:65604[65604]:144[141]
22606	203958-1462	0	13722	-1	37869at147550_4|scaffold64|-|798|2.931e-233|3|202497|203958|203958[203958]:203839[203839]:120[120]|203797[203758]:203708[203708]:90[51]|203642[203642]:202497[202497]:1146[1146]
22606	254731+1679	0	14656	1	27359at147550_2|scaffold64|+|332|5.585e-93|2|254731|256409|254731[254731]:255792[255792]:1062[1062]|256290[256290]:256409[256409]:120[120]
22606	252326+1028	0	15227	1	82898at147550_6|scaffold64|+|444|1.076e-126|3|252326|253353|252326[252326]:252532[252532]:207[207]|252630[252630]:252908[252908]:279[279]|252976[252979]:253353[253353]:378[375]
22606	66475-507	0	16115	-1	97937at147550_4|scaffold64|-|283|3.144e-78|2|65969|66475|66475[66475]:66152[66152]:324[324]|66088[66088]:65969[65969]:120[120]
22606	96103-1329	0	18678	-1	36214at147550_4|scaffold64|-|597|9.42e-173|1|94775|96103|96103[96103]:94775[94775]:1329[1329]
22606	141225-1704	0	18754	-1	78192at147550_2|scaffold64|-|406|2.957e-115|1|139522|141225|141225[141225]:139522[139522]:1704[1704]
22606	47083+2027	0	19905	1	36003at147550_2|scaffold64|+|613|1.437e-177|2|47083|49109|47083[47083]:47454[47454]:372[372]|47517[47535]:49109[49109]:1593[1575]
22606	238463-1998	0	22004	-1	25786at147550_0|scaffold64|-|653|1.307e-189|1|236466|238463|238463[238463]:236466[236466]:1998[1998]
22606	141204-720	0	22239	-1	39235at147550|scaffold64|-|208|1.188e-55|1|140485|141204|141204[141204]:140485[140485]:720[720]
22606	110610-420	0	22707	-1	109636at147550_2|scaffold64|-|110|3.764e-26|1|110191|110610|110610[110610]:110191[110191]:420[420]
22606	185876+940	0	23824	1	98280at147550_7|scaffold64|+|208|1.188e-55|2|185876|186815|185876[185876]:186199[186199]:324[324]|186264[186264]:186815[186815]:552[552]
22606	212449-3760	0	24222	-1	11947at147550_3|scaffold64|-|653|1.307e-189|2|208690|212449|212449[212449]:209957[209957]:2493[2493]|209886[209886]:208690[208690]:1197[1197]
22606	159568-1981	0	24696	-1	64671at147550_6|scaffold64|-|638|4.284e-185|4|157588|159568|159568[159568]:159398[159398]:171[171]|159341[159341]:159114[159114]:228[228]|159048[159048]:158884[158884]:165[165]|158829[158829]:157588[157588]:1242[1242]
22606	204852+556	0	27019	1	96804at147550_8|scaffold64|+|204|1.9e-54|2|204852|205407|204852[204852]:205100[205100]:249[249]|205204[205204]:205407[205407]:204[204]
22606	184508-1650	0	27833	-1	32604at147550_7|scaffold64|-|317|1.83e-88|1|182859|184508|184508[184508]:182859[182859]:1650[1650]
22606	160575+1695	0	28553	1	44265at147550_3|scaffold64|+|795|2.345e-232|4|160575|162269|160575[160575]:161078[161078]:504[504]|161155[161158]:161547[161547]:393[390]|161669[161669]:161998[161998]:330[330]|162153[162174]:162269[162269]:117[96]
22606	250388+688	0	28660	1	107368at147550_9|scaffold64|+|191|1.557e-50|2|250388|251075|250388[250388]:250495[250495]:108[108]|250641[250644]:251075[251075]:435[432]
22606	124716+1121	0	30341	1	62373at147550_6|scaffold64|+|417|1.444e-118|4|124716|125836|124716[124716]:124889[124889]:174[174]|124976[124982]:125026[125026]:51[45]|125060[125081]:125203[125203]:144[123]|125276[125279]:125836[125836]:561[558]
22606	126785+1262	0	31018	1	85461at147550_8|scaffold64|+|327|1.787e-91|2|126785|128046|126785[126785]:127156[127156]:372[372]|127300[127300]:128046[128046]:747[747]
22606	276433+932	0	31535	1	86344at147550_9|scaffold64|+|232|7.08e-63|2|276433|277364|276433[276433]:277059[277059]:627[627]|277185[277197]:277364[277364]:180[168]
22606	167742+2911	0	32008	1	11237at147550_2|scaffold64|+|885|1.894e-259|2|167742|170652|167742[167742]:167864[167864]:123[123]|168040[168058]:170652[170652]:2613[2595]
22606	201092-915	0	32277	-1	92667at147550_1|scaffold64|-|312|5.856e-87|1|200178|201092|201092[201092]:200178[200178]:915[915]
22606	187540-444	0	32923	-1	94700at147550_2|scaffold64|-|291|1.228e-80|1|187097|187540|187540[187540]:187097[187097]:444[444]
22606	148034+2538	0	33111	1	56220at147550_5|scaffold64|+|738|3.379e-215|3|148034|150571|148034[148034]:148150[148150]:117[117]|148478[148490]:148639[148639]:162[150]|148697[148703]:150571[150571]:1875[1869]
22606	189111-462	0	35103	-1	105127at147550_7|scaffold64|-|180|3.188e-47|3|188650|189111|189111[189111]:189004[189004]:108[108]|188940[188940]:188863[188863]:78[78]|188793[188793]:188650[188650]:144[144]
22606	50649+955	0	35693	1	90167at147550_5|scaffold64|+|317|1.83e-88|2|50649|51603|50649[50649]:51224[51224]:576[576]|51307[51307]:51603[51603]:297[297]
22606	229985+835	0	39101	1	86687at147550_3|scaffold64|+|122|9.19e-30|2|229985|230819|229985[229985]:230434[230434]:450[450]|230628[230640]:230819[230819]:192[180]
22606	178498+981	0	39389	1	73824at147550_2|scaffold64|+|466|2.564e-133|3|178498|179478|178498[178498]:179058[179058]:561[561]|179204[179225]:179302[179302]:99[78]|179356[179356]:179478[179478]:123[123]
22606	195231+1485	0	40403	1	58131at147550_6|scaffold64|+|527|1.112e-151|2|195231|196715|195231[195231]:195479[195479]:249[249]|195621[195621]:196715[196715]:1095[1095]
22606	115692-1832	0	40481	-1	60912at147550_7|scaffold64|-|654|6.537e-190|2|113861|115692|115692[115692]:114091[114091]:1602[1602]|114034[114025]:113861[113861]:174[165]
22606	187851+570	0	41542	1	100789at147550_4|scaffold64|+|216|4.64e-58|3|187851|188420|187851[187851]:188000[188000]:150[150]|188102[188102]:188248[188248]:147[147]|188307[188310]:188420[188420]:114[111]
22607	257642-3136	0	2747	-1	58393at147550_5|scaffold96|-|432|4.406e-123|3|254507|257642|257642[257642]:257556[257556]:87[87]|257494[257473]:257375[257375]:120[99]|257305[257305]:254507[254507]:2799[2799]
22607	354641-672	0	4662	-1	104354at147550_5|scaffold96|-|93|4.934e-21|1|353970|354641|354641[354641]:353970[353970]:672[672]
22607	144004-676	0	6693	-1	100035at147550_4|scaffold96|-|241|1.383e-65|3|143329|144004|144004[144004]:143855[143855]:150[150]|143762[143756]:143586[143586]:177[171]|143424[143424]:143329[143329]:96[96]
22607	311447-2064	0	7091	-1	21409at147550_2|scaffold96|-|1131|0|2|309384|311447|311447[311447]:311256[311256]:192[192]|311204[311180]:309384[309384]:1821[1797]
22607	263860-2752	0	8466	-1	12766at147550_5|scaffold96|-|464|1.026e-132|2|261109|263860|263860[263860]:263786[263786]:75[75]|263601[263583]:261109[261109]:2493[2475]
22607	148769+2420	0	9544	1	7134at147550_3|scaffold96|+|584|7.717e-169|2|148769|151188|148769[148769]:148948[148948]:180[180]|149014[149014]:151188[151188]:2175[2175]
22607	219351+1351	0	9608	1	41386at147550_7|scaffold96|+|194|1.946e-51|3|219351|220701|219351[219351]:219611[219611]:261[261]|219667[219670]:220038[220038]:372[369]|220258[220258]:220701[220701]:444[444]
22607	146748-1257	0	9817	-1	68011at147550_7|scaffold96|-|334|1.396e-93|1|145492|146748|146748[146748]:145492[145492]:1257[1257]
22607	304065+1678	0	17407	1	36395at147550_7|scaffold96|+|495|4.777e-142|2|304065|305742|304065[304065]:305165[305165]:1101[1101]|305221[305224]:305742[305742]:522[519]
22607	316690+1283	0	17523	1	65987at147550_8|scaffold96|+|566|2.023e-163|2|316690|317972|316690[316690]:316938[316938]:249[249]|317100[317100]:317972[317972]:873[873]
22607	251145+1865	0	18463	1	24054at147550_5|scaffold96|+|1012|1.113e-297|2|251145|253009|251145[251145]:252842[252842]:1698[1698]|252908[252911]:253009[253009]:102[99]
22607	84050-693	0	18914	-1	92724at147550_3|scaffold96|-|251|1.35e-68|1|83358|84050|84050[84050]:83358[83358]:693[693]
22607	216523-804	0	19224	-1	48666at147550_5|scaffold96|-|118|1.47e-28|1|215720|216523|216523[216523]:215720[215720]:804[804]
22607	232070+1707	0	23669	1	2709at147550_3|scaffold96|+|128|1.436e-31|1|232070|233776|232070[232070]:233776[233776]:1707[1707]
22607	321239-2595	0	26057	-1	8123at147550_6|scaffold96|-|1370|0|1|318645|321239|321239[321239]:318645[318645]:2595[2595]
22607	331257-973	0	26104	-1	83919at147550_4|scaffold96|-|405|5.913e-115|2|330285|331257|331257[331257]:330601[330601]:657[657]|330521[330491]:330285[330285]:237[207]
22607	156848+9753	0	26577	1	407at147550_2|scaffold96|+|3553|0|1|156848|166600|156848[156848]:166600[166600]:9753[9753]
22607	195801+6388	0	29697	1	333at147550_7|scaffold96|+|3631|0|2|195801|202188|195801[195801]:201002[201002]:5202[5202]|201061[201064]:202188[202188]:1128[1125]
22607	155803-1245	0	30954	-1	41687at147550_5|scaffold96|-|622|2.807e-180|1|154559|155803|155803[155803]:154559[154559]:1245[1245]
22607	303004-3315	0	32330	-1	12283at147550_1|scaffold96|-|524|8.897e-151|1|299690|303004|303004[303004]:299690[299690]:3315[3315]
22607	141638+945	0	32700	1	103948at147550|scaffold96|+|214|1.856e-57|1|141638|142582|141638[141638]:142582[142582]:945[945]
22607	17172-1189	0	33920	-1	95501at147550_6|scaffold96|-|378|7.936e-107|3|15984|17172|17172[17172]:17089[17089]:84[84]|16797[16785]:16411[16411]:387[375]|16211[16211]:15984[15984]:228[228]
22607	192120-5525	0	34757	-1	1014at147550_8|scaffold96|-|2919|0|2|186596|192120|192120[192120]:191593[191593]:528[528]|191533[191527]:186596[186596]:4938[4932]
22607	8734+984	0	34774	1	67814at147550_2|scaffold96|+|58|1.695e-10|1|8734|9717|8734[8734]:9717[9717]:984[984]
22607	140580-3546	0	35582	-1	54072at147550_6|scaffold96|-|1020|4.349e-300|1|137035|140580|140580[140580]:137035[137035]:3546[3546]
22607	268087-3201	0	38263	-1	6309at147550_9|scaffold96|-|1438|0|3|264887|268087|268087[268087]:267752[267752]:336[336]|267703[267691]:265607[265607]:2097[2085]|265564[265546]:264887[264887]:678[660]
22607	212094+3040	0	40911	1	11669at147550_3|scaffold96|+|1136|0|2|212094|215133|212094[212094]:214631[214631]:2538[2538]|214696[214696]:215133[215133]:438[438]
22609	10729+3160	0	5064	1	5550at147550_2|scaffold160|+|950|5.134e-279|2|10729|13888|10729[10729]:13092[13092]:2364[2364]|13172[13172]:13888[13888]:717[717]
22609	19674-708	0	16788	-1	93640at147550_2|scaffold160|-|251|1.35e-68|3|18967|19674|19674[19674]:19597[19597]:78[78]|19544[19520]:19218[19218]:327[303]|19134[19095]:18967[18967]:168[129]
22609	1531+1136	0	18772	1	70408at147550_0|scaffold160|+|478|6.261e-137|3|1531|2666|1531[1531]:1953[1953]:423[423]|2275[2278]:2325[2325]:51[48]|2388[2388]:2666[2666]:279[279]
22609	16750+1151	0	19628	1	67736at147550|scaffold160|+|535|4.344e-154|3|16750|17900|16750[16750]:16803[16803]:54[54]|16868[16877]:17185[17185]:318[309]|17244[17289]:17900[17900]:657[612]
22609	27430+1618	0	24670	1	34560at147550_9|scaffold160|+|704|5.806e-205|3|27430|29047|27430[27430]:27522[27522]:93[93]|27673[27673]:27972[27972]:300[300]|28037[28046]:29047[29047]:1011[1002]
22609	20465+4695	0	30179	1	8760at147550_8|scaffold160|+|1828|0|1|20465|25159|20465[20465]:25159[25159]:4695[4695]
22609	55189-1335	0	40422	-1	71182at147550_5|scaffold160|-|384|1.24e-108|2|53855|55189|55189[55189]:54368[54368]:822[822]|54241[54238]:53855[53855]:387[384]
18238	392857-290	0	69	-1	99037at147550|scaffold250|-|65|1.324e-12|2|392568|392857|392857[392857]:392744[392744]:114[114]|392648[392648]:392568[392568]:81[81]
18238	161127-1610	0	2254	-1	22408at147550_8|scaffold250|-|902|1.445e-264|2|159518|161127|161127[161127]:160510[160510]:618[618]|160426[160414]:159518[159518]:909[897]
18238	268947-1857	0	3216	-1	36706at147550_5|scaffold250|-|865|1.986e-253|1|267091|268947|268947[268947]:267091[267091]:1857[1857]
18238	32588-518	0	3371	-1	100181at147550_4|scaffold250|-|207|2.376e-55|3|32071|32588|32588[32588]:32487[32487]:102[102]|32389[32383]:32243[32243]:147[141]|32142[32139]:32071[32071]:72[69]
18238	158283-621	0	3687	-1	102998at147550_4|scaffold250|-|162|8.358e-42|1|157663|158283|158283[158283]:157663[157663]:621[621]
18238	407054+861	0	4361	1	104642at147550_5|scaffold250|+|194|1.946e-51|1|407054|407914|407054[407054]:407914[407914]:861[861]
18238	295721-938	0	5420	-1	79157at147550_9|scaffold250|-|474|1.002e-135|3|294784|295721|295721[295721]:295443[295443]:279[279]|295373[295367]:295098[295098]:276[270]|295038[295023]:294784[294784]:255[240]
18238	10614+993	0	5451	1	80522at147550_3|scaffold250|+|329|4.468e-92|1|10614|11606|10614[10614]:11606[11606]:993[993]
18238	264770+1641	0	5837	1	60514at147550_9|scaffold250|+|568|5.057e-164|1|264770|266410|264770[264770]:266410[266410]:1641[1641]
18238	17318+2240	0	6510	1	11842at147550_1|scaffold250|+|671|4.987e-195|3|17318|19557|17318[17318]:18070[18070]:753[753]|18135[18138]:18512[18512]:378[375]|18562[18568]:19557[19557]:996[990]
18238	97263-564	0	6825	-1	65877at147550_6|scaffold250|-|152|8.559e-39|1|96700|97263|97263[97263]:96700[96700]:564[564]
18238	165421-1202	0	7090	-1	87022at147550_0|scaffold250|-|400|1.892e-113|2|164220|165421|165421[165421]:164819[164819]:603[603]|164516[164513]:164220[164220]:297[294]
18238	346368-549	0	7404	-1	98155at147550_3|scaffold250|-|223|3.625e-60|1|345820|346368|346368[346368]:345820[345820]:549[549]
18238	301300+1698	0	7414	1	25713at147550_3|scaffold250|+|944|3.286e-277|1|301300|302997|301300[301300]:302997[302997]:1698[1698]
18238	63737-2046	0	8087	-1	30688at147550_8|scaffold250|-|886|9.471e-260|1|61692|63737|63737[63737]:61692[61692]:2046[2046]
18238	65258+1779	0	8122	1	52444at147550_9|scaffold250|+|736|1.352e-214|1|65258|67036|65258[65258]:67036[67036]:1779[1779]
18238	107713+2839	0	8650	1	28278at147550_4|scaffold250|+|934|3.365e-274|3|107713|110551|107713[107713]:108660[108660]:948[948]|108771[108771]:110126[110126]:1356[1356]|110168[110180]:110551[110551]:384[372]
18238	152663-612	0	9120	-1	92162at147550_9|scaffold250|-|268|1.03e-73|2|152052|152663|152663[152663]:152310[152310]:354[354]|152153[152153]:152052[152052]:102[102]
18238	387958+973	0	10386	1	78728at147550_6|scaffold250|+|267|2.06e-73|2|387958|388930|387958[387958]:388074[388074]:117[117]|388169[388169]:388930[388930]:762[762]
18238	188815+1056	0	10907	1	98295at147550_4|scaffold250|+|297|1.919e-82|1|188815|189870|188815[188815]:189870[189870]:1056[1056]
18238	254272+1611	0	11906	1	49860at147550_6|scaffold250|+|702|2.322e-204|4|254272|255882|254272[254272]:254340[254340]:69[69]|254406[254406]:255467[255467]:1062[1062]|255527[255530]:255703[255703]:177[174]|255751[255757]:255882[255882]:132[126]
18238	34080+2487	0	12378	1	48402at147550_6|scaffold250|+|442|4.302e-126|4|34080|36566|34080[34080]:34163[34163]:84[84]|34355[34355]:35167[35167]:813[813]|35228[35246]:35503[35503]:276[258]|36156[36156]:36566[36566]:411[411]
18238	21681-1605	0	13314	-1	22772at147550_9|scaffold250|-|346|3.409e-97|3|20077|21681|21681[21681]:21391[21391]:291[291]|21339[21327]:20707[20707]:633[621]|20601[20598]:20077[20077]:525[522]
18238	150621+673	0	13318	1	104854at147550_7|scaffold250|+|202|7.602e-54|3|150621|151293|150621[150621]:150716[150716]:96[96]|150808[150826]:150918[150918]:111[93]|151078[151123]:151293[151293]:216[171]
18238	186738-1954	0	13678	-1	27434at147550_5|scaffold250|-|734|5.407e-214|3|184785|186738|186738[186738]:185323[185323]:1416[1416]|185299[185263]:185012[185012]:288[252]|184910[184910]:184785[184785]:126[126]
18238	403342+171	0	15199	1	98813at147550_7|scaffold250|+|52|1.085e-08|1|403342|403512|403342[403342]:403512[403512]:171[171]
18238	170647-3397	0	15868	-1	15009at147550_7|scaffold250|-|1088|1.47281e-320|5|167251|170647|170647[170647]:170480[170480]:168[168]|170306[170306]:170064[170064]:243[243]|170000[169994]:169773[169773]:228[222]|169717[169717]:167507[167507]:2211[2211]|167352[167352]:167251[167251]:102[102]
18238	179568+1506	0	15945	1	95645at147550_9|scaffold250|+|529|2.78e-152|3|179568|181073|179568[179568]:179735[179735]:168[168]|179795[179795]:180904[180904]:1110[1110]|180963[180966]:181073[181073]:111[108]
18238	6204+1905	0	17616	1	72357at147550_8|scaffold250|+|406|2.957e-115|1|6204|8108|6204[6204]:8108[8108]:1905[1905]
18238	304598-399	0	18064	-1	98223at147550_7|scaffold250|-|161|1.672e-41|1|304200|304598|304598[304598]:304200[304200]:399[399]
18238	175437-1618	0	18543	-1	50561at147550_3|scaffold250|-|553|1.657e-159|2|173820|175437|175437[175437]:175033[175033]:405[405]|174980[174974]:173820[173820]:1161[1155]
18238	250411-1777	0	21764	-1	58372at147550_5|scaffold250|-|695|2.972e-202|3|248635|250411|250411[250411]:250307[250307]:105[105]|250158[250158]:248857[248857]:1302[1302]|248781[248781]:248635[248635]:147[147]
18238	142010-1491	0	22399	-1	7820at147550_4|scaffold250|-|98|1.542e-22|1|140520|142010|142010[142010]:140520[140520]:1491[1491]
18238	232562+2263	0	23704	1	9925at147550_3|scaffold250|+|282|6.288e-78|2|232562|234824|232562[232562]:234004[234004]:1443[1443]|234060[234060]:234824[234824]:765[765]
18238	37682+2271	0	24058	1	22531at147550_3|scaffold250|+|1123|0|5|37682|39952|37682[37682]:37732[37732]:51[51]|37856[37865]:38035[38035]:180[171]|38170[38173]:38343[38343]:174[171]|38430[38439]:39455[39455]:1026[1017]|39512[39521]:39952[39952]:441[432]
18238	330301-707	0	24187	-1	95150at147550_3|scaffold250|-|251|1.35e-68|3|329595|330301|330301[330301]:330227[330227]:75[75]|330051[330042]:329761[329761]:291[282]|329690[329690]:329595[329595]:96[96]
18238	100689-1509	0	24391	-1	51727at147550_4|scaffold250|-|649|2.092e-188|1|99181|100689|100689[100689]:99181[99181]:1509[1509]
18238	395448+484	0	25116	1	105699at147550_0|scaffold250|+|190|3.114e-50|3|395448|395931|395448[395448]:395588[395588]:141[141]|395634[395634]:395690[395690]:57[57]|395761[395764]:395931[395931]:171[168]
18238	120116+4205	0	25454	1	2779at147550_8|scaffold250|+|744|5.28e-217|2|120116|124320|120116[120116]:123373[123373]:3258[3258]|123451[123451]:124320[124320]:870[870]
18238	117332-2437	0	25833	-1	24586at147550_3|scaffold250|-|1007|3.563e-296|5|114896|117332|117332[117332]:117210[117210]:123[123]|117139[117136]:117038[117038]:102[99]|116956[116956]:116720[116720]:237[237]|116656[116650]:115526[115526]:1131[1125]|115465[115465]:114896[114896]:570[570]
18238	14916-2117	0	25963	-1	61654at147550_4|scaffold250|-|739|1.69e-215|4|12800|14916|14916[14916]:14869[14869]:48[48]|14802[14799]:14557[14557]:246[243]|14477[14471]:14283[14283]:195[189]|14212[14212]:12800[12800]:1413[1413]
18238	264301-1002	0	26666	-1	73710at147550_7|scaffold250|-|282|6.288e-78|2|263300|264301|264301[264301]:264116[264116]:186[186]|263947[263947]:263300[263300]:648[648]
18238	50086+1944	0	26725	1	39727at147550_5|scaffold250|+|736|1.352e-214|1|50086|52029|50086[50086]:52029[52029]:1944[1944]
18238	176405+1294	0	26835	1	61904at147550_7|scaffold250|+|594|7.536e-172|2|176405|177698|176405[176405]:176509[176509]:105[105]|176565[176565]:177698[177698]:1134[1134]
18238	46232+1428	0	27004	1	76888at147550_8|scaffold250|+|545|4.242e-157|1|46232|47659|46232[46232]:47659[47659]:1428[1428]
18238	145963+996	0	28100	1	103644at147550_9|scaffold250|+|274|1.61e-75|1|145963|146958|145963[145963]:146958[146958]:996[996]
18238	404857+1544	0	29767	1	58689at147550_3|scaffold250|+|691|4.756e-201|2|404857|406400|404857[404857]:404901[404901]:45[45]|404967[404967]:406400[406400]:1434[1434]
18238	9913-751	0	30785	-1	95048at147550_1|scaffold250|-|311|1.171e-86|2|9163|9913|9913[9913]:9716[9716]:198[198]|9507[9507]:9163[9163]:345[345]
18238	131430+1869	0	30865	1	34868at147550_7|scaffold250|+|580|1.235e-167|2|131430|133298|131430[131430]:132110[132110]:681[681]|132171[132171]:133298[133298]:1128[1128]
18238	328216-3756	0	31063	-1	25251at147550_4|scaffold250|-|258|1.055e-70|1|324461|328216|328216[328216]:324461[324461]:3756[3756]
18238	247770-2651	0	31466	-1	53838at147550_9|scaffold250|-|453|2.101e-129|3|245120|247770|247770[247770]:247717[247717]:54[54]|247543[247543]:246536[246536]:1008[1008]|246451[246451]:245120[245120]:1332[1332]
18238	350833+1066	0	33130	1	66616at147550_3|scaffold250|+|469|3.206e-134|2|350833|351898|350833[350833]:350997[350997]:165[165]|351062[351062]:351898[351898]:837[837]
18238	153608+1678	0	33221	1	43750at147550_2|scaffold250|+|835|2.133e-244|2|153608|155285|153608[153608]:153694[153694]:87[87]|153756[153759]:155285[155285]:1530[1527]
18238	340886+2038	0	34097	1	32284at147550_1|scaffold250|+|850|6.508e-249|3|340886|342923|340886[340886]:341041[341041]:156[156]|341112[341130]:342053[342053]:942[924]|342099[342111]:342923[342923]:825[813]
18238	149240-1228	0	34389	-1	65963at147550_8|scaffold250|-|587|9.646e-170|3|148013|149240|149240[149240]:149112[149112]:129[129]|149028[149028]:148300[148300]:729[729]|148255[148243]:148013[148013]:243[231]
18238	393636+1001	0	34722	1	65961at147550_6|scaffold250|+|547|1.061e-157|2|393636|394636|393636[393636]:394526[394526]:891[891]|394586[394586]:394636[394636]:51[51]
18238	103456+835	0	35388	1	77295at147550_0|scaffold250|+|437|1.377e-124|2|103456|104290|103456[103456]:103557[103557]:102[102]|103634[103637]:104290[104290]:657[654]
18238	272651+1294	0	35430	1	64161at147550_6|scaffold250|+|482|3.913e-138|2|272651|273944|272651[272651]:273361[273361]:711[711]|273438[273438]:273944[273944]:507[507]
18238	257677+987	0	35906	1	28358at147550_4|scaffold250|+|174|2.041e-45|1|257677|258663|257677[257677]:258663[258663]:987[987]
18238	300605-564	0	36014	-1	99834at147550_5|scaffold250|-|205|9.502e-55|2|300042|300605|300605[300605]:300552[300552]:54[54]|300482[300476]:300042[300042]:441[435]
18238	241645-2163	0	37408	-1	80134at147550_8|scaffold250|-|386|3.1e-109|1|239483|241645|241645[241645]:239483[239483]:2163[2163]
18238	322789-1641	0	38744	-1	32578at147550_2|scaffold250|-|196|4.865e-52|1|321149|322789|322789[322789]:321149[321149]:1641[1641]
18238	83514+2658	0	39495	1	26981at147550_7|scaffold250|+|1225|0|4|83514|86171|83514[83514]:83933[83933]:420[420]|83995[83998]:84546[84546]:552[549]|84604[84604]:85989[85989]:1386[1386]|86061[86061]:86171[86171]:111[111]
18238	385516-1125	0	40762	-1	34845at147550_4|scaffold250|-|193|3.892e-51|3|384392|385516|385516[385516]:385142[385142]:375[375]|385081[385081]:384974[384974]:108[108]|384847[384847]:384392[384392]:456[456]
18238	75226+1978	0	40904	1	21579at147550_9|scaffold250|+|807|5.725e-236|3|75226|77203|75226[75226]:75471[75471]:246[246]|75627[75663]:76991[76991]:1365[1329]|77048[77048]:77203[77203]:156[156]
18239	3180-2222	0	19544	-1	31185at147550_5|scaffold282|-|500|1.493e-143|4|959|3180|3180[3180]:2968[2968]:213[213]|2927[2927]:2094[2094]:834[834]|2058[2016]:1189[1189]:870[828]|1126[1105]:959[959]:168[147]
9492	31312+2763	0	1497	1	14820at147550_6|scaffold302|+|1241|0|4|31312|34074|31312[31312]:31497[31497]:186[186]|31598[31607]:32017[32017]:420[411]|32060[32099]:32464[32464]:405[366]|32527[32527]:34074[34074]:1548[1548]
9492	103726-2954	0	6273	-1	20184at147550_3|scaffold302|-|1092|9.18962e-322|6|100773|103726|103726[103726]:103619[103619]:108[108]|103463[103460]:103236[103236]:228[225]|103180[103156]:103064[103064]:117[93]|103041[103011]:102805[102805]:237[207]|102795[102753]:102547[102547]:249[207]|102482[102482]:100773[100773]:1710[1710]
9492	110377+1040	0	6720	1	44343at147550_8|scaffold302|+|483|1.956e-138|3|110377|111416|110377[110377]:110469[110469]:93[93]|110591[110594]:110752[110752]:162[159]|110805[110808]:111416[111416]:612[609]
9492	85406-750	0	7799	-1	94213at147550_4|scaffold302|-|283|3.144e-78|1|84657|85406|85406[85406]:84657[84657]:750[750]
9492	86361+1272	0	8269	1	56305at147550_8|scaffold302|+|648|4.183e-188|1|86361|87632|86361[86361]:87632[87632]:1272[1272]
9492	10235-1857	0	8428	-1	60227at147550_8|scaffold302|-|662|2.553e-192|3|8379|10235|10235[10235]:10182[10182]:54[54]|10118[10118]:9663[9663]:456[456]|9593[9593]:8379[8379]:1215[1215]
9492	113696+689	0	10918	1	103344at147550_6|scaffold302|+|259|5.275e-71|2|113696|114384|113696[113696]:113944[113944]:249[249]|114130[114130]:114384[114384]:255[255]
9492	98419+1285	0	20384	1	81134at147550_8|scaffold302|+|459|3.282e-131|2|98419|99703|98419[98419]:98790[98790]:372[372]|98888[98888]:99703[99703]:816[816]
9492	89632-1617	0	21170	-1	46359at147550_5|scaffold302|-|617|8.984e-179|2|88016|89632|89632[89632]:89009[89009]:624[624]|88939[88939]:88016[88016]:924[924]
9492	76306-11643	0	25489	-1	1031at147550_6|scaffold302|-|3405|0|17|64664|76306|76306[76306]:76223[76223]:84[84]|76167[76158]:76084[76084]:84[75]|75863[75863]:75660[75660]:204[204]|75607[75598]:75167[75167]:441[432]|75120[75108]:74599[74599]:522[510]|74547[74532]:74503[74503]:45[30]|72815[72815]:72654[72654]:162[162]|72391[72391]:71486[71486]:906[906]|71322[71316]:70579[70579]:744[738]|70421[70391]:70119[70119]:303[273]|70062[70056]:69709[69709]:354[348]|69637[69637]:68798[68798]:840[840]|68683[68683]:66956[66956]:1728[1728]|66903[66897]:66412[66412]:492[486]|66317[66308]:65889[65889]:429[420]|65771[65768]:65454[65454]:318[315]|65341[65341]:64664[64664]:678[678]
9492	114933+1574	0	26246	1	41578at147550_3|scaffold302|+|813|8.945e-238|3|114933|116506|114933[114933]:115322[115322]:390[390]|115375[115375]:116391[116391]:1017[1017]|116453[116456]:116506[116506]:54[51]
9492	23830+5906	0	26839	1	5398at147550_9|scaffold302|+|1998|0|3|23830|29735|23830[23830]:25317[25317]:1488[1488]|25436[25436]:29461[29461]:4026[4026]|29520[29520]:29735[29735]:216[216]
9492	95184-2711	0	28376	-1	31561at147550_2|scaffold302|-|550|1.326e-158|4|92474|95184|95184[95184]:95131[95131]:54[54]|94709[94703]:94533[94533]:177[171]|94323[94323]:93019[93019]:1305[1305]|92944[92941]:92474[92474]:471[468]
9492	83571-682	0	34624	-1	98378at147550_2|scaffold302|-|268|1.03e-73|2|82890|83571|83571[83571]:83503[83503]:69[69]|83261[83255]:82890[82890]:372[366]
9492	76306-1828	0	37143	-1	25456at147550_3|scaffold302|-|823|8.735e-241|6|74479|76306|76306[76306]:76223[76223]:84[84]|76167[76158]:76084[76084]:84[75]|75863[75863]:75672[75672]:192[192]|75604[75604]:75167[75167]:438[438]|75120[75108]:74614[74614]:507[495]|74547[74547]:74479[74479]:69[69]
9492	79855+1449	0	41519	1	60699at147550_8|scaffold302|+|566|2.023e-163|3|79855|81303|79855[79855]:79974[79974]:120[120]|80090[80090]:80155[80155]:66[66]|80221[80221]:81303[81303]:1083[1083]
9492	62143+917	0	41561	1	101452at147550_3|scaffold302|+|333|2.792e-93|2|62143|63059|62143[62143]:62283[62283]:141[141]|62451[62454]:63059[63059]:609[606]
9492	12939+1893	0	41658	1	23802at147550_2|scaffold302|+|978|1.913e-287|5|12939|14831|12939[12939]:13019[13019]:81[81]|13098[13101]:13307[13307]:210[207]|13391[13391]:13981[13981]:591[591]|14033[14033]:14686[14686]:654[654]|14745[14760]:14831[14831]:87[72]
9495	18242+1089	0	4487	1	15027at147550_6|scaffold398|+|116|5.881e-28|1|18242|19330|18242[18242]:19330[19330]:1089[1089]
9495	11536-1429	0	33919	-1	79768at147550_4|scaffold398|-|365|6.502e-103|2|10108|11536|11536[11536]:11060[11060]:477[477]|11019[10983]:10108[10108]:912[876]
9498	2557+1641	0	3644	1	42006at147550_7|scaffold494|+|589|2.412e-170|1|2557|4197|2557[2557]:4197[4197]:1641[1641]
9498	12712-4107	0	20712	-1	7097at147550_7|scaffold494|-|2060|0|1|8606|12712|12712[12712]:8606[8606]:4107[4107]
5838	266783+1097	0	434	1	107308at147550_6|scaffold9|+|288|9.825e-80|2|266783|267879|266783[266783]:266935[266935]:153[153]|267004[267004]:267879[267879]:876[876]
5838	241174-2515	0	490	-1	24013at147550_7|scaffold9|-|742|2.112e-216|3|238660|241174|241174[241174]:240308[240308]:867[867]|240160[240160]:239552[239552]:609[609]|239505[239487]:238660[238660]:846[828]
5838	306387-1575	0	817	-1	54731at147550_6|scaffold9|-|528|5.561e-152|2|304813|306387|306387[306387]:305500[305500]:888[888]|305415[305412]:304813[304813]:603[600]
5838	161022-3285	0	1144	-1	5342at147550_7|scaffold9|-|1596|0|1|157738|161022|161022[161022]:157738[157738]:3285[3285]
5838	117644-3311	0	1178	-1	7945at147550_5|scaffold9|-|1623|0|4|114334|117644|117644[117644]:117393[117393]:252[252]|117342[117333]:116620[116620]:723[714]|116575[116557]:115625[115625]:951[933]|115572[115569]:114334[114334]:1239[1236]
5838	126703-1766	0	1804	-1	30058at147550_2|scaffold9|-|955|1.604e-280|3|124938|126703|126703[126703]:126647[126647]:57[57]|126579[126564]:125173[125173]:1407[1392]|125123[125111]:124938[124938]:186[174]
5838	195564-836	0	7529	-1	87851at147550_8|scaffold9|-|372|5.079e-105|2|194729|195564|195564[195564]:195373[195373]:192[192]|195220[195214]:194729[194729]:492[486]
5838	172791+8804	0	7958	1	304at147550_1|scaffold9|+|2305|0|3|172791|181594|172791[172791]:174077[174077]:1287[1287]|174547[174547]:179082[179082]:4536[4536]|179135[179135]:181594[181594]:2460[2460]
5838	377709-1717	0	8592	-1	43207at147550_2|scaffold9|-|827|5.46e-242|4|375993|377709|377709[377709]:377191[377191]:519[519]|377127[377127]:376849[376849]:279[279]|376787[376772]:376698[376698]:90[75]|376628[376628]:375993[375993]:636[636]
5838	139757-1109	0	9769	-1	93875at147550_0|scaffold9|-|243|3.457e-66|3|138649|139757|139757[139757]:139527[139527]:231[231]|139248[139242]:139180[139180]:69[63]|139122[139122]:138649[138649]:474[474]
5838	338827+1032	0	10246	1	72765at147550_7|scaffold9|+|529|2.78e-152|1|338827|339858|338827[338827]:339858[339858]:1032[1032]
5838	276736+5573	0	10995	1	4736at147550_7|scaffold9|+|1671|0|3|276736|282308|276736[276736]:276786[276786]:51[51]|276846[276849]:280928[280928]:4083[4080]|280974[280986]:282308[282308]:1335[1323]
5838	283327-374	0	11482	-1	107371at147550_7|scaffold9|-|144|2.191e-36|2|282954|283327|283327[283327]:283247[283247]:81[81]|283139[283136]:282954[282954]:186[183]
5838	231197+636	0	12935	1	98735at147550_8|scaffold9|+|297|1.919e-82|3|231197|231832|231197[231197]:231364[231364]:168[168]|231438[231438]:231527[231527]:90[90]|231617[231617]:231832[231832]:216[216]
5838	320614-1542	0	13813	-1	74757at147550_0|scaffold9|-|470|1.603e-134|2|319073|320614|320614[320614]:319829[319829]:786[786]|319723[319705]:319073[319073]:651[633]
5838	315863+1033	0	15136	1	91636at147550_9|scaffold9|+|261|1.319e-71|2|315863|316895|315863[315863]:316207[316207]:345[345]|316455[316464]:316895[316895]:441[432]
5838	180446+1149	0	15794	1	304at147550_7|scaffold9|+|531|6.951e-153|1|180446|181594|180446[180446]:181594[181594]:1149[1149]
5838	191579-432	0	16373	-1	99348at147550_1|scaffold9|-|194|1.946e-51|2|191148|191579|191579[191579]:191496[191496]:84[84]|191423[191423]:191148[191148]:276[276]
5838	276024-2355	0	16461	-1	17295at147550_5|scaffold9|-|1097|2.96439e-323|2|273670|276024|276024[276024]:275707[275707]:318[318]|275679[275664]:273670[273670]:2010[1995]
5838	127425+1032	0	17913	1	84372at147550_4|scaffold9|+|220|2.9e-59|1|127425|128456|127425[127425]:128456[128456]:1032[1032]
5838	189777+831	0	19954	1	82219at147550_2|scaffold9|+|400|1.892e-113|2|189777|190607|189777[189777]:189842[189842]:66[66]|189972[189972]:190607[190607]:636[636]
5838	293566-1911	0	22573	-1	34712at147550_8|scaffold9|-|896|9.249e-263|3|291656|293566|293566[293566]:293180[293180]:387[387]|293102[293096]:291789[291789]:1314[1308]|291724[291721]:291656[291656]:69[66]
5838	152124+1152	0	22737	1	55644at147550_2|scaffold9|+|629|2.193e-182|3|152124|153275|152124[152124]:152918[152918]:795[795]|152972[152978]:153085[153085]:114[108]|153153[153153]:153275[153275]:123[123]
5838	266010-504	0	22971	-1	92228at147550_3|scaffold9|-|82|1.01e-17|1|265507|266010|266010[266010]:265507[265507]:504[504]
5838	198846-2620	0	23806	-1	18297at147550_9|scaffold9|-|1142|0|2|196227|198846|198846[198846]:196324[196324]:2523[2523]|196283[196259]:196227[196227]:57[33]
5838	346239+5018	0	24396	1	3687at147550_4|scaffold9|+|1358|0|2|346239|351256|346239[346239]:349553[349553]:3315[3315]|349616[349616]:351256[351256]:1641[1641]
5838	307634+2151	0	25937	1	40560at147550_3|scaffold9|+|785|2.401e-229|2|307634|309784|307634[307634]:308836[308836]:1203[1203]|309113[309113]:309784[309784]:672[672]
5838	131077-1458	0	27358	-1	45473at147550_7|scaffold9|-|627|8.773e-182|1|129620|131077|131077[131077]:129620[129620]:1458[1458]
5838	287651+1441	0	27871	1	37279at147550_0|scaffold9|+|120|3.676e-29|2|287651|289091|287651[287651]:288379[288379]:729[729]|288621[288621]:289091[289091]:471[471]
5838	235067+1778	0	29205	1	23004at147550_6|scaffold9|+|822|1.747e-240|3|235067|236844|235067[235067]:235564[235564]:498[498]|235635[235635]:236732[236732]:1098[1098]|236779[236797]:236844[236844]:66[48]
5838	233454-1047	0	29465	-1	72285at147550_9|scaffold9|-|457|1.313e-130|1|232408|233454|233454[233454]:232408[232408]:1047[1047]
5838	111584-4189	0	33555	-1	3068at147550_5|scaffold9|-|2134|0|3|107396|111584|111584[111584]:108366[108366]:3219[3219]|108300[108288]:107632[107632]:669[657]|107560[107560]:107396[107396]:165[165]
5838	44936-576	0	36163	-1	57916at147550_9|scaffold9|-|86|6.315e-19|1|44361|44936|44936[44936]:44361[44361]:576[576]
5838	171349-4914	0	37762	-1	2553at147550_8|scaffold9|-|1677|0|3|166436|171349|171349[171349]:167012[167012]:4338[4338]|166938[166938]:166795[166795]:144[144]|166720[166720]:166436[166436]:285[285]
5838	331330-4261	0	41704	-1	3423at147550_7|scaffold9|-|1582|0|2|327070|331330|331330[331330]:327647[327647]:3684[3684]|327546[327546]:327070[327070]:477[477]
5839	139538+1311	0	979	1	51922at147550_5|scaffold41|+|768|3.147e-224|1|139538|140848|139538[139538]:140848[140848]:1311[1311]
5839	205456-1878	0	2673	-1	8585at147550|scaffold41|-|180|3.188e-47|1|203579|205456|205456[205456]:203579[203579]:1878[1878]
5839	18509+681	0	4982	1	104092at147550_3|scaffold41|+|184|1.993e-48|1|18509|19189|18509[18509]:19189[19189]:681[681]
5839	191522-4695	0	10254	-1	3425at147550_9|scaffold41|-|1643|0|1|186828|191522|191522[191522]:186828[186828]:4695[4695]
5839	162140-688	0	12112	-1	105401at147550_4|scaffold41|-|270|2.576e-74|3|161453|162140|162140[162140]:162003[162003]:138[138]|161946[161934]:161797[161797]:150[138]|161734[161734]:161453[161453]:282[282]
5839	50528-798	0	12694	-1	48666at147550_0|scaffold41|-|149|6.847e-38|1|49731|50528|50528[50528]:49731[49731]:798[798]
5839	13827+1839	0	13792	1	70875at147550_5|scaffold41|+|179|6.377e-47|1|13827|15665|13827[13827]:15665[15665]:1839[1839]
5839	12365-691	0	15287	-1	100863at147550_6|scaffold41|-|229|5.664e-62|2|11675|12365|12365[12365]:11994[11994]:372[372]|11908[11908]:11675[11675]:234[234]
5839	198877-2811	0	22894	-1	23045at147550_8|scaffold41|-|1156|0|3|196067|198877|198877[198877]:198770[198770]:108[108]|198681[198678]:198514[198514]:168[165]|198433[198433]:196067[196067]:2367[2367]
5839	135278+1359	0	24417	1	95974at147550_6|scaffold41|+|426|2.82e-121|1|135278|136636|135278[135278]:136636[136636]:1359[1359]
5839	151707+3476	0	27580	1	25035at147550_2|scaffold41|+|718|3.543e-209|5|151707|155182|151707[151707]:151856[151856]:150[150]|151906[151909]:152190[152190]:285[282]|152252[152258]:152893[152893]:642[636]|152949[152958]:154142[154142]:1194[1185]|154376[154376]:155182[155182]:807[807]
5839	133691-1424	0	27762	-1	62644at147550_2|scaffold41|-|625|3.509e-181|2|132268|133691|133691[133691]:133485[133485]:207[207]|133245[133245]:132268[132268]:978[978]
5839	174694+1570	0	29529	1	81876at147550_6|scaffold41|+|462|4.103e-132|2|174694|176263|174694[174694]:175089[175089]:396[396]|175163[175163]:176263[176263]:1101[1101]
5839	98062-4941	0	31016	-1	6342at147550_4|scaffold41|-|1864|0|1|93122|98062|98062[98062]:93122[93122]:4941[4941]
5839	17878-1846	0	36712	-1	61604at147550_9|scaffold41|-|550|1.326e-158|3|16033|17878|17878[17878]:17525[17525]:354[354]|17481[17448]:17266[17266]:216[183]|17187[17187]:16033[16033]:1155[1155]
5839	77365-1305	0	38907	-1	60699at147550_6|scaffold41|-|382|4.96e-108|4|76061|77365|77365[77365]:77300[77300]:66[66]|77094[77094]:76984[76984]:111[111]|76901[76901]:76653[76653]:249[249]|76594[76594]:76061[76061]:534[534]
5839	179771-2870	0	40278	-1	42890at147550_8|scaffold41|-|1005|1.425e-295|2|176902|179771|179771[179771]:179583[179583]:189[189]|179490[179484]:176902[176902]:2589[2583]
21160	5212-1575	0	15122	-1	43207at147550_7|scaffold446|-|313|2.928e-87|3|3638|5212|5212[5212]:4919[4919]:294[294]|4708[4705]:4238[4238]:471[468]|4174[4174]:3638[3638]:537[537]
21160	35339-2890	0	19495	-1	9739at147550_6|scaffold446|-|1427|0|3|32450|35339|35339[35339]:35208[35208]:132[132]|35105[35105]:32895[32895]:2211[2211]|32833[32809]:32450[32450]:384[360]
21160	28884+2995	0	27857	1	9611at147550_9|scaffold446|+|1364|0|3|28884|31878|28884[28884]:29693[29693]:810[810]|29906[29927]:31645[31645]:1740[1719]|31696[31711]:31878[31878]:183[168]
21162	85811+1210	0	3468	1	88622at147550_7|scaffold510|+|342|5.454e-96|3|85811|87020|85811[85811]:85858[85858]:48[48]|85920[85929]:86204[86204]:285[276]|86589[86589]:87020[87020]:432[432]
21162	77156+2841	0	3862	1	49377at147550_3|scaffold510|+|540|1.358e-155|1|77156|79996|77156[77156]:79996[79996]:2841[2841]
21162	17368+1561	0	5207	1	97006at147550_6|scaffold510|+|412|4.62e-117|2|17368|18928|17368[17368]:18579[18579]:1212[1212]|18692[18692]:18928[18928]:237[237]
21162	433-432	0	6755	-1	102739at147550_0|scaffold510|-|134|2.244e-33|1|2|433|433[433]:2[2]:432[432]
21162	84873-1444	0	9489	-1	39055at147550_0|scaffold510|-|678|3.896e-197|2|83430|84873|84873[84873]:84418[84418]:456[456]|84323[84317]:83430[83430]:894[888]
21162	12623-3079	0	11267	-1	4854at147550_6|scaffold510|-|1632|0|2|9545|12623|12623[12623]:12333[12333]:291[291]|12301[12277]:9545[9545]:2757[2733]
21162	7265-1389	0	14794	-1	36579at147550_3|scaffold510|-|729|1.73e-212|1|5877|7265|7265[7265]:5877[5877]:1389[1389]
21162	27075+1956	0	15299	1	30164at147550_8|scaffold510|+|1077|3.018e-317|1|27075|29030|27075[27075]:29030[29030]:1956[1956]
21162	4615-789	0	16138	-1	62589at147550_2|scaffold510|-|258|1.055e-70|1|3827|4615|4615[4615]:3827[3827]:789[789]
21162	1015+1242	0	18487	1	64525at147550_8|scaffold510|+|571|6.322e-165|2|1015|2256|1015[1015]:1278[1278]:264[264]|1498[1498]:2256[2256]:759[759]
21162	68878+1695	0	21202	1	50543at147550_5|scaffold510|+|720|8.859e-210|1|68878|70572|68878[68878]:70572[70572]:1695[1695]
21162	14627+1380	0	34234	1	58155at147550_3|scaffold510|+|492|3.821e-141|3|14627|16006|14627[14627]:14899[14899]:273[273]|15135[15135]:15314[15314]:180[180]|15338[15365]:16006[16006]:669[642]
21162	40189-967	0	36130	-1	77134at147550_6|scaffold510|-|466|2.564e-133|3|39223|40189|40189[40189]:39509[39509]:681[681]|39454[39445]:39374[39374]:81[72]|39330[39315]:39223[39223]:108[93]
21162	73917-2022	0	37228	-1	29069at147550_8|scaffold510|-|955|1.604e-280|1|71896|73917|73917[73917]:71896[71896]:2022[2022]
21162	74444+1221	0	40327	1	75981at147550_1|scaffold510|+|489|3.057e-140|1|74444|75664|74444[74444]:75664[75664]:1221[1221]
21167	22617+1590	0	9934	1	53259at147550_6|scaffold670|+|753|1.031e-219|1|22617|24206|22617[22617]:24206[24206]:1590[1590]
21167	20419+879	0	28600	1	74355at147550_6|scaffold670|+|423|2.256e-120|1|20419|21297|20419[20419]:21297[21297]:879[879]
21167	47445-1180	0	33782	-1	98178at147550_7|scaffold670|-|466|2.564e-133|2|46266|47445|47445[47445]:46759[46759]:687[687]|46709[46682]:46266[46266]:444[417]
21169	28428-5670	0	6762	-1	4927at147550_4|scaffold734|-|1038|1.659e-305|1|22759|28428|28428[28428]:22759[22759]:5670[5670]
21169	34303-1716	0	23091	-1	79121at147550_5|scaffold734|-|636|1.714e-184|1|32588|34303|34303[34303]:32588[32588]:1716[1716]
21169	11720-2838	0	28980	-1	28186at147550_8|scaffold734|-|906|9.032e-266|4|8883|11720|11720[11720]:11676[11676]:45[45]|11311[11305]:10829[10829]:483[477]|10466[10466]:10221[10221]:246[246]|9926[9920]:8883[8883]:1044[1038]
21169	5330+1680	0	33074	1	41915at147550_5|scaffold734|+|635|3.427e-184|1|5330|7009|5330[5330]:7009[7009]:1680[1680]
21169	3167+1506	0	34599	1	25575at147550_1|scaffold734|+|242|6.914e-66|1|3167|4672|3167[3167]:4672[4672]:1506[1506]
21169	29568+1140	0	40476	1	74402at147550_7|scaffold734|+|491|7.643e-141|2|29568|30707|29568[29568]:29945[29945]:378[378]|30003[30003]:30707[30707]:705[705]
3663	95048-2139	0	898	-1	67299at147550_8|scaffold422|-|528|5.561e-152|2|92910|95048|95048[95048]:93219[93219]:1830[1830]|93164[93143]:92910[92910]:255[234]
3663	134585-1192	0	4612	-1	56318at147550_8|scaffold422|-|614|7.187e-178|3|133394|134585|134585[134585]:134499[134499]:87[87]|134433[134433]:133813[133813]:621[621]|133738[133738]:133394[133394]:345[345]
3663	13969+753	0	7254	1	96316at147550_4|scaffold422|+|147|2.739e-37|1|13969|14721|13969[13969]:14721[14721]:753[753]
3663	77948-1818	0	10064	-1	84436at147550_4|scaffold422|-|344|1.363e-96|3|76131|77948|77948[77948]:77886[77886]:63[63]|77835[77820]:77380[77380]:456[441]|77312[77312]:76131[76131]:1182[1182]
3663	49065+426	0	10863	1	107501at147550_0|scaffold422|+|122|9.19e-30|1|49065|49490|49065[49065]:49490[49490]:426[426]
3663	136427+3210	0	12195	1	22176at147550_7|scaffold422|+|1320|0|2|136427|139636|136427[136427]:139258[139258]:2832[2832]|139316[139316]:139636[139636]:321[321]
3663	104997+1364	0	12990	1	64307at147550_1|scaffold422|+|401|9.461e-114|2|104997|106360|104997[104997]:105944[105944]:948[948]|106010[106010]:106360[106360]:351[351]
3663	130498-852	0	14935	-1	27428at147550_4|scaffold422|-|44|2.777e-06|1|129647|130498|130498[130498]:129647[129647]:852[852]
3663	13516-2181	0	15252	-1	23454at147550_3|scaffold422|-|724|5.537e-211|1|11336|13516|13516[13516]:11336[11336]:2181[2181]
3663	144837+989	0	17763	1	79064at147550_8|scaffold422|+|436|2.754e-124|2|144837|145825|144837[144837]:145424[145424]:588[588]|145490[145490]:145825[145825]:336[336]
3663	144230-816	0	18636	-1	101286at147550_7|scaffold422|-|278|1.006e-76|2|143415|144230|144230[144230]:143922[143922]:309[309]|143855[143852]:143415[143415]:441[438]
3663	100395+1527	0	19931	1	44913at147550_6|scaffold422|+|247|2.161e-67|3|100395|101921|100395[100395]:100517[100517]:123[123]|100633[100633]:100857[100857]:225[225]|100938[100938]:101921[101921]:984[984]
3663	147320-843	0	22138	-1	67328at147550_1|scaffold422|-|124|2.297e-30|1|146478|147320|147320[147320]:146478[146478]:843[843]
3663	71318-3653	0	26849	-1	3432at147550_9|scaffold422|-|2005|0|6|67666|71318|71318[71318]:70986[70986]:333[333]|70956[70932]:70846[70846]:111[87]|70818[70776]:70096[70096]:723[681]|70040[70037]:69279[69279]:762[759]|69231[69228]:67960[67960]:1272[1269]|67914[67905]:67666[67666]:249[240]
3663	99112-2013	0	29238	-1	18940at147550_5|scaffold422|-|1086|5.8942e-320|1|97100|99112|99112[99112]:97100[97100]:2013[2013]
3663	135901-789	0	29364	-1	84629at147550_5|scaffold422|-|305|7.496e-85|3|135113|135901|135901[135901]:135659[135659]:243[243]|135639[135603]:135421[135421]:219[183]|135367[135364]:135113[135113]:255[252]
3663	5155-3547	0	29507	-1	6650at147550_7|scaffold422|-|1594|0|2|1609|5155|5155[5155]:2054[2054]:3102[3102]|2016[2001]:1609[1609]:408[393]
3663	73408-1354	0	29790	-1	44060at147550_9|scaffold422|-|665|3.192e-193|3|72055|73408|73408[73408]:73322[73322]:87[87]|73238[73238]:72192[72192]:1047[1047]|72132[72132]:72055[72055]:78[78]
3663	10578-572	0	29804	-1	109282at147550_8|scaffold422|-|113|4.705e-27|2|10007|10578|10578[10578]:10414[10414]:165[165]|10282[10282]:10007[10007]:276[276]
3663	78390+487	0	30472	1	105710at147550_7|scaffold422|+|204|1.9e-54|2|78390|78876|78390[78390]:78638[78638]:249[249]|78682[78727]:78876[78876]:195[150]
3663	18680-3520	0	31574	-1	8510at147550_9|scaffold422|-|1124|0|3|15161|18680|18680[18680]:18288[18288]:393[393]|18159[18159]:16147[16147]:2013[2013]|16099[16087]:15161[15161]:939[927]
3663	74191+709	0	37775	1	86811at147550_2|scaffold422|+|363|2.601e-102|2|74191|74899|74191[74191]:74265[74265]:75[75]|74360[74366]:74899[74899]:540[534]
3663	148216+1326	0	38951	1	45369at147550_5|scaffold422|+|740|8.448e-216|1|148216|149541|148216[148216]:149541[149541]:1326[1326]
3663	104188-706	0	41030	-1	101440at147550_4|scaffold422|-|269|5.151e-74|2|103483|104188|104188[104188]:103823[103823]:366[366]|103698[103695]:103483[103483]:216[213]
3664	9965-1719	0	3947	-1	59480at147550|scaffold454|-|610|1.15e-176|2|8247|9965|9965[9965]:8664[8664]:1302[1302]|8597[8591]:8247[8247]:351[345]
3664	25340+2609	0	34535	1	18659at147550_9|scaffold454|+|996|7.296e-293|3|25340|27948|25340[25340]:26218[26218]:879[879]|26309[26309]:27571[27571]:1263[1263]|27667[27667]:27948[27948]:282[282]
3664	11411+843	0	40586	1	91468at147550|scaffold454|+|283|3.144e-78|2|11411|12253|11411[11411]:11491[11491]:81[81]|11804[11807]:12253[12253]:450[447]
3664	2926-1359	0	40799	-1	39404at147550_4|scaffold454|-|767|6.294e-224|3|1568|2926|2926[2926]:2750[2750]:177[177]|2682[2670]:1825[1825]:858[846]|1768[1768]:1568[1568]:201[201]
3665	90842+2108	0	144	1	33464at147550_3|scaffold486|+|858|2.542e-251|3|90842|92949|90842[90842]:91387[91387]:546[546]|91419[91437]:92684[92684]:1266[1248]|92746[92746]:92949[92949]:204[204]
3665	25527+714	0	3572	1	92939at147550_3|scaffold486|+|281|1.258e-77|1|25527|26240|25527[25527]:26240[26240]:714[714]
3665	14080+1200	0	4594	1	61819at147550_2|scaffold486|+|488|6.114e-140|1|14080|15279|14080[14080]:15279[15279]:1200[1200]
3665	138375-893	0	6090	-1	100462at147550_9|scaffold486|-|150|3.423e-38|4|137483|138375|138375[138375]:138325[138325]:51[51]|138202[138190]:138110[138110]:93[81]|138006[138003]:137881[137881]:126[123]|137587[137587]:137483[137483]:105[105]
3665	131840+805	0	9710	1	93540at147550_8|scaffold486|+|285|7.86e-79|3|131840|132644|131840[131840]:132289[132289]:450[450]|132363[132366]:132491[132491]:129[126]|132540[132555]:132644[132644]:105[90]
3665	30695-4272	0	12652	-1	2374at147550_5|scaffold486|-|1796|0|1|26424|30695|30695[30695]:26424[26424]:4272[4272]
3665	22748+917	0	13059	1	94235at147550_4|scaffold486|+|398|7.569e-113|2|22748|23664|22748[22748]:22942[22942]:195[195]|22975[23008]:23664[23664]:690[657]
3665	52408-2614	0	13525	-1	37623at147550_8|scaffold486|-|1063|4.944e-313|2|49795|52408|52408[52408]:52295[52295]:114[114]|51996[51996]:49795[49795]:2202[2202]
3665	76422+231	0	15482	1	93640at147550_1|scaffold486|+|51|2.17e-08|1|76422|76652|76422[76422]:76652[76652]:231[231]
3665	90160-1143	0	16362	-1	67541at147550_9|scaffold486|-|570|1.264e-164|1|89018|90160|90160[90160]:89018[89018]:1143[1143]
3665	31239+3384	0	18803	1	8213at147550_7|scaffold486|+|1128|0|2|31239|34622|31239[31239]:31502[31502]:264[264]|31584[31590]:34622[34622]:3039[3033]
3665	83278+700	0	19040	1	91220at147550_0|scaffold486|+|170|3.265e-44|3|83278|83977|83278[83278]:83448[83448]:171[171]|83658[83658]:83789[83789]:132[132]|83846[83846]:83977[83977]:132[132]
3665	21947-444	0	21844	-1	109061at147550_3|scaffold486|-|156|5.349e-40|2|21504|21947|21947[21947]:21855[21855]:93[93]|21746[21737]:21504[21504]:243[234]
3665	113514-1706	0	21941	-1	97554at147550_7|scaffold486|-|408|7.391e-116|2|111809|113514|113514[113514]:113431[113431]:84[84]|113341[113341]:111809[111809]:1533[1533]
3665	115874-780	0	22544	-1	43445at147550_0|scaffold486|-|57|3.39e-10|1|115095|115874|115874[115874]:115095[115095]:780[780]
3665	136057+740	0	23811	1	62373at147550_1|scaffold486|+|48|1.736e-07|2|136057|136796|136057[136057]:136485[136485]:429[429]|136674[136674]:136796[136796]:123[123]
3665	82899-948	0	24144	-1	83884at147550_9|scaffold486|-|341|1.091e-95|2|81952|82899|82899[82899]:82552[82552]:348[348]|82473[82470]:81952[81952]:522[519]
3665	12903-1626	0	26382	-1	66674at147550_5|scaffold486|-|569|2.529e-164|1|11278|12903|12903[12903]:11278[11278]:1626[1626]
3665	130220-762	0	26624	-1	59911at147550_3|scaffold486|-|104|2.409e-24|1|129459|130220|130220[130220]:129459[129459]:762[762]
3665	7600-2060	0	26715	-1	87395at147550_5|scaffold486|-|412|4.62e-117|2|5541|7600|7600[7600]:6062[6062]:1539[1539]|6002[5999]:5541[5541]:462[459]
3665	118885+4145	0	27675	1	81125at147550_9|scaffold486|+|588|4.823e-170|2|118885|123029|118885[118885]:119898[119898]:1014[1014]|122541[122541]:123029[123029]:489[489]
3665	17928-951	0	28129	-1	79287at147550_4|scaffold486|-|395|6.055e-112|1|16978|17928|17928[17928]:16978[16978]:951[951]
3665	3950+688	0	28234	1	104475at147550_7|scaffold486|+|237|2.212e-64|3|3950|4637|3950[3950]:4135[4135]:186[186]|4315[4345]:4485[4485]:171[141]|4548[4551]:4637[4637]:90[87]
3665	86121+2300	0	31881	1	46385at147550_3|scaffold486|+|747|6.6e-218|2|86121|88420|86121[86121]:86276[86276]:156[156]|86330[86342]:88420[88420]:2091[2079]
3665	18310+586	0	34622	1	96163at147550_8|scaffold486|+|263|3.297e-72|2|18310|18895|18310[18310]:18384[18384]:75[75]|18446[18446]:18895[18895]:450[450]
3665	105636-1327	0	35205	-1	58959at147550_5|scaffold486|-|645|3.347e-187|4|104310|105636|105636[105636]:105382[105382]:255[255]|105300[105300]:105052[105052]:249[249]|104931[104928]:104479[104479]:453[450]|104405[104396]:104310[104310]:96[87]
3665	9271+1578	0	36872	1	46680at147550_3|scaffold486|+|607|9.199e-176|4|9271|10848|9271[9271]:9885[9885]:615[615]|9944[9962]:10114[10114]:171[153]|10176[10182]:10436[10436]:261[255]|10465[10480]:10848[10848]:384[369]
3665	36139-1007	0	37716	-1	72764at147550_1|scaffold486|-|541|6.788e-156|2|35133|36139|36139[36139]:35270[35270]:870[870]|35222[35219]:35133[35133]:90[87]
3665	69142+1610	0	38645	1	53792at147550_9|scaffold486|+|704|5.806e-205|4|69142|70751|69142[69142]:69246[69246]:105[105]|69310[69319]:69558[69558]:249[240]|69640[69640]:70338[70338]:699[699]|70395[70407]:70751[70751]:357[345]
3665	74440-2141	0	40263	-1	17689at147550_8|scaffold486|-|941|2.629e-276|2|72300|74440|74440[74440]:73826[73826]:615[615]|73754[73754]:72300[72300]:1455[1455]
3669	1003+981	0	1106	1	80408at147550_2|scaffold614|+|416|2.887e-118|1|1003|1983|1003[1003]:1983[1983]:981[981]
3669	15031-681	0	1584	-1	95235at147550_8|scaffold614|-|273|3.219e-75|1|14351|15031|15031[15031]:14351[14351]:681[681]
3669	22583-1005	0	16011	-1	86544at147550_9|scaffold614|-|399|3.784e-113|2|21579|22583|22583[22583]:22461[22461]:123[123]|22433[22406]:21579[21579]:855[828]
3669	12129-3540	0	36695	-1	18949at147550_3|scaffold614|-|993|5.837e-292|5|8590|12129|12129[12129]:11371[11371]:759[759]|11296[11296]:11036[11036]:261[261]|10864[10864]:10340[10340]:525[525]|10280[10268]:9741[9741]:540[528]|9687[9687]:8590[8590]:1098[1098]
3669	22885+1507	0	40854	1	63608at147550_6|scaffold614|+|459|3.282e-131|2|22885|24391|22885[22885]:23556[23556]:672[672]|23603[23627]:24391[24391]:789[765]
5863	11305-952	0	12896	-1	110074at147550_0|scaffold809|-|170|3.265e-44|2|10354|11305|11305[11305]:11024[11024]:282[282]|10875[10875]:10354[10354]:522[522]
5863	2748+744	0	23668	1	77937at147550_1|scaffold809|+|456|2.626e-130|1|2748|3491|2748[2748]:3491[3491]:744[744]
5863	8538+1380	0	25744	1	67321at147550_0|scaffold809|+|546|2.121e-157|1|8538|9917|8538[8538]:9917[9917]:1380[1380]
5863	5553-556	0	26089	-1	28133at147550_0|scaffold809|-|122|9.19e-30|2|4998|5553|5553[5553]:5365[5365]:189[189]|5309[5306]:4998[4998]:312[309]
5863	25155-1825	0	27325	-1	47199at147550_0|scaffold809|-|675|3.117e-196|3|23331|25155|25155[25155]:24115[24115]:1041[1041]|24054[24054]:23641[23641]:414[414]|23414[23405]:23331[23331]:84[75]
5863	14522-1014	0	32934	-1	74762at147550_4|scaffold809|-|362|5.201e-102|1|13509|14522|14522[14522]:13509[13509]:1014[1014]
5863	27551-1135	0	35606	-1	58857at147550_4|scaffold809|-|406|2.957e-115|2|26417|27551|27551[27551]:27066[27066]:486[486]|27013[27013]:26417[26417]:597[597]
21144	1489-558	0	5052	-1	108600at147550_9|C184546|-|164|2.09e-42|1|932|1489|1489[1489]:932[932]:558[558]
21145	986-918	0	30738	-1	55696at147550_0|C191056|-|455|5.252e-130|1|69|986|986[986]:69[69]:918[918]
21147	102284+396	0	4268	1	102209at147550_2|scaffold30|+|126|5.744e-31|1|102284|102679|102284[102284]:102679[102679]:396[396]
21147	96449+1993	0	11571	1	48463at147550_2|scaffold30|+|767|6.294e-224|2|96449|98441|96449[96449]:96559[96559]:111[111]|96630[96645]:98441[98441]:1812[1797]
21147	89575-944	0	13129	-1	89847at147550|scaffold30|-|307|1.874e-85|2|88632|89575|89575[89575]:89261[89261]:315[315]|89171[89171]:88632[88632]:540[540]
21148	3303+972	0	29948	1	84716at147550_4|scaffold62|+|361|1.04e-101|2|3303|4274|3303[3303]:3617[3617]:315[315]|3708[3708]:4274[4274]:567[567]
21148	2876-715	0	41729	-1	89824at147550_8|scaffold62|-|262|6.593e-72|2|2162|2876|2876[2876]:2532[2532]:345[345]|2458[2458]:2162[2162]:297[297]
21149	159409+1813	0	4159	1	28955at147550_5|scaffold94|+|327|1.787e-91|2|159409|161221|159409[159409]:160245[160245]:837[837]|160364[160364]:161221[161221]:858[858]
21149	231526+1823	0	5873	1	23974at147550_1|scaffold94|+|863|7.945e-253|3|231526|233348|231526[231526]:231621[231621]:96[96]|231732[231735]:232124[232124]:393[390]|232176[232191]:233348[233348]:1173[1158]
21149	138003-915	0	8064	-1	86992at147550_7|scaffold94|-|267|2.06e-73|2|137089|138003|138003[138003]:137689[137689]:315[315]|137601[137565]:137089[137089]:513[477]
21149	208851+2940	0	8731	1	10441at147550_6|scaffold94|+|977|3.825e-287|1|208851|211790|208851[208851]:211790[211790]:2940[2940]
21149	201386-3254	0	10661	-1	15864at147550_9|scaffold94|-|1197|0|4|198133|201386|201386[201386]:200760[200760]:627[627]|200677[200668]:200141[200141]:537[528]|200080[200077]:199643[199643]:438[435]|199596[199596]:198133[198133]:1464[1464]
21149	87003+1413	0	14954	1	28395at147550_5|scaffold94|+|261|1.319e-71|2|87003|88415|87003[87003]:87293[87293]:291[291]|87519[87519]:88415[88415]:897[897]
21149	51286+1494	0	21225	1	34105at147550_3|scaffold94|+|280|2.515e-77|2|51286|52779|51286[51286]:51657[51657]:372[372]|51730[51730]:52779[52779]:1050[1050]
21149	131955-3318	0	24173	-1	88287at147550_8|scaffold94|-|469|3.206e-134|1|128638|131955|131955[131955]:128638[128638]:3318[3318]
21149	82357+1416	0	27378	1	82666at147550_7|scaffold94|+|526|2.224e-151|1|82357|83772|82357[82357]:83772[83772]:1416[1416]
21149	177230+642	0	33551	1	57916at147550_7|scaffold94|+|70|4.139e-14|1|177230|177871|177230[177230]:177871[177871]:642[642]
21149	33399-3278	0	36790	-1	21761at147550_7|scaffold94|-|1296|0|2|30122|33399|33399[33399]:32728[32728]:672[672]|32665[32665]:30122[30122]:2544[2544]
21149	47575+813	0	37444	1	38552at147550_0|scaffold94|+|293|3.07e-81|1|47575|48387|47575[47575]:48387[48387]:813[813]
21149	21943-675	0	38356	-1	80317at147550_1|scaffold94|-|87|3.158e-19|1|21269|21943|21943[21943]:21269[21269]:675[675]
21149	213322-642	0	40876	-1	92641at147550_3|scaffold94|-|337|1.745e-94|1|212681|213322|213322[213322]:212681[212681]:642[642]
7306	31791+3841	0	2520	1	3444at147550_9|scaffold331|+|1984|0|2|31791|35631|31791[31791]:35447[35447]:3657[3657]|35521[35521]:35631[35631]:111[111]
7306	20214+1944	0	5284	1	43334at147550|scaffold331|+|589|2.412e-170|1|20214|22157|20214[20214]:22157[22157]:1944[1944]
7307	94478-2768	0	2434	-1	35472at147550_5|scaffold363|-|958|2.006e-281|3|91711|94478|94478[94478]:93135[93135]:1344[1344]|93042[93042]:92356[92356]:687[687]|92295[92295]:91711[91711]:585[585]
7307	75434-3545	0	3891	-1	3453at147550_5|scaffold363|-|1933|0|2|71890|75434|75434[75434]:75318[75318]:117[117]|75231[75228]:71890[71890]:3342[3339]
7307	111595+592	0	7638	1	102143at147550_9|scaffold363|+|122|9.19e-30|2|111595|112186|111595[111595]:111738[111738]:144[144]|112046[112046]:112186[112186]:141[141]
7307	56307+414	0	12718	1	85406at147550_2|scaffold363|+|50|4.34e-08|1|56307|56720|56307[56307]:56720[56720]:414[414]
7307	33506-633	0	15889	-1	57795at147550_1|scaffold363|-|57|3.39e-10|1|32874|33506|33506[33506]:32874[32874]:633[633]
7307	78957+4787	0	17306	1	14075at147550_8|scaffold363|+|881|3.031e-258|5|78957|83743|78957[78957]:79145[79145]:189[189]|79481[79481]:79957[79957]:477[477]|80720[80732]:80920[80920]:201[189]|81550[81550]:82497[82497]:948[948]|82550[82550]:83743[83743]:1194[1194]
7307	66724-3046	0	19090	-1	8687at147550_6|scaffold363|-|1301|0|2|63679|66724|66724[66724]:66323[66323]:402[402]|66243[66240]:63679[63679]:2565[2562]
7307	10419+1281	0	19961	1	34712at147550_6|scaffold363|+|218|1.16e-58|1|10419|11699|10419[10419]:11699[11699]:1281[1281]
7307	110141-908	0	21531	-1	73287at147550_5|scaffold363|-|401|9.461e-114|3|109234|110141|110141[110141]:109992[109992]:150[150]|109918[109876]:109649[109649]:270[228]|109614[109581]:109234[109234]:381[348]
7307	5764+1137	0	22253	1	28802at147550|scaffold363|+|153|4.279e-39|1|5764|6900|5764[5764]:6900[6900]:1137[1137]
7307	70604-609	0	38226	-1	51876at147550_2|scaffold363|-|68|1.655e-13|1|69996|70604|70604[70604]:69996[69996]:609[609]
7308	30218+474	0	5723	1	104098at147550_7|scaffold395|+|162|8.358e-42|2|30218|30691|30218[30218]:30262[30262]:45[45]|30446[30446]:30691[30691]:246[246]
7308	38549-1423	0	7433	-1	40016at147550_1|scaffold395|-|461|8.206e-132|2|37127|38549|38549[38549]:38460[38460]:90[90]|38392[38392]:37127[37127]:1266[1266]
7308	57849+3116	0	18573	1	17423at147550_3|scaffold395|+|1273|0|6|57849|60964|57849[57849]:58055[58055]:207[207]|58109[58121]:58246[58246]:138[126]|58367[58367]:58435[58435]:69[69]|58543[58552]:58863[58863]:321[312]|58915[58924]:60159[60159]:1245[1236]|60221[60221]:60964[60964]:744[744]
7308	29559-1395	0	20887	-1	47438at147550_4|scaffold395|-|637|8.568e-185|1|28165|29559|29559[29559]:28165[28165]:1395[1395]
7308	41132-1151	0	21650	-1	93679at147550_8|scaffold395|-|414|1.155e-117|2|39982|41132|41132[41132]:41058[41058]:75[75]|40869[40869]:39982[39982]:888[888]
7308	62283+2561	0	22693	1	10154at147550_4|scaffold395|+|1117|0|2|62283|64843|62283[62283]:64055[64055]:1773[1773]|64121[64121]:64843[64843]:723[723]
7308	42895+792	0	37188	1	89254at147550_7|scaffold395|+|267|2.06e-73|1|42895|43686|42895[42895]:43686[43686]:792[792]
7308	26485-4226	0	39851	-1	8176at147550_2|scaffold395|-|618|4.492e-179|2|22260|26485|26485[26485]:23426[23426]:3060[3060]|23372[23372]:22260[22260]:1113[1113]
7309	2190-1242	0	21070	-1	44637at147550_7|scaffold427|-|662|2.553e-192|1|949|2190|2190[2190]:949[949]:1242[1242]
7309	2983+1044	0	40738	1	24839at147550_6|scaffold427|+|66|6.622e-13|1|2983|4026|2983[2983]:4026[4026]:1044[1044]
6567	56074-1140	0	634	-1	87020at147550_9|scaffold10|-|237|2.212e-64|1|54935|56074|56074[56074]:54935[54935]:1140[1140]
6567	46913-396	0	1852	-1	85792at147550_8|scaffold10|-|141|1.753e-35|1|46518|46913|46913[46913]:46518[46518]:396[396]
6567	29727-813	0	1907	-1	71763at147550_8|scaffold10|-|493|1.911e-141|1|28915|29727|29727[29727]:28915[28915]:813[813]
6567	22959+849	0	3314	1	92015at147550_3|scaffold10|+|290|2.456e-80|1|22959|23807|22959[22959]:23807[23807]:849[849]
6567	33472+1159	0	4571	1	55944at147550_8|scaffold10|+|611|5.75e-177|3|33472|34630|33472[33472]:33591[33591]:120[120]|33686[33686]:34372[34372]:687[687]|34433[34436]:34630[34630]:198[195]
6567	41693-6075	0	4845	-1	12201at147550_0|scaffold10|-|1177|0|5|35619|41693|41693[41693]:40218[40218]:1476[1476]|40169[40169]:39969[39969]:201[201]|39892[39892]:39302[39302]:591[591]|37509[37494]:37051[37051]:459[444]|36920[36920]:35619[35619]:1302[1302]
6567	26449+2298	0	8532	1	13748at147550_5|scaffold10|+|1097|2.96439e-323|1|26449|28746|26449[26449]:28746[28746]:2298[2298]
6567	16333+627	0	20999	1	100150at147550|scaffold10|+|229|5.664e-62|3|16333|16959|16333[16333]:16428[16428]:96[96]|16612[16621]:16836[16836]:225[216]|16915[16921]:16959[16959]:45[39]
6567	45236-1127	0	21034	-1	76622at147550_5|scaffold10|-|457|1.313e-130|3|44110|45236|45236[45236]:45108[45108]:129[129]|45023[45017]:44802[44802]:222[216]|44733[44733]:44110[44110]:624[624]
6567	22568-926	0	21354	-1	79238at147550_0|scaffold10|-|362|5.201e-102|3|21643|22568|22568[22568]:22428[22428]:141[141]|22383[22377]:22273[22273]:111[105]|22173[22173]:21643[21643]:531[531]
6567	25868-1747	0	21736	-1	40462at147550_6|scaffold10|-|874|3.879e-256|3|24122|25868|25868[25868]:25374[25374]:495[495]|25342[25312]:24782[24782]:561[531]|24721[24721]:24122[24122]:600[600]
6567	8563-1067	0	23353	-1	77733at147550_6|scaffold10|-|481|7.826e-138|4|7497|8563|8563[8563]:8411[8411]:153[153]|8326[8320]:8270[8270]:57[51]|8201[8201]:8046[8046]:156[156]|7955[7955]:7497[7497]:459[459]
6567	74555-2359	0	26633	-1	6579at147550_1|scaffold10|-|428|7.049e-122|2|72197|74555|74555[74555]:72984[72984]:1572[1572]|72844[72835]:72197[72197]:648[639]
6567	14315-2443	0	27217	-1	56247at147550_6|scaffold10|-|712|2.268e-207|3|11873|14315|14315[14315]:13302[13302]:1014[1014]|12975[12972]:12883[12883]:93[90]|12673[12673]:11873[11873]:801[801]
6567	10264+1195	0	28102	1	68532at147550_0|scaffold10|+|521|7.118e-150|3|10264|11458|10264[10264]:10464[10464]:201[201]|10538[10550]:10813[10813]:276[264]|10907[10907]:11458[11458]:552[552]
6567	67047+1431	0	30258	1	72121at147550_8|scaffold10|+|348|8.522e-98|1|67047|68477|67047[67047]:68477[68477]:1431[1431]
1461	123384-997	0	2660	-1	96438at147550|scaffold35|-|425|5.639e-121|2|122388|123384|123384[123384]:123154[123154]:231[231]|123095[123095]:122388[122388]:708[708]
1461	71726-3339	0	5767	-1	21167at147550_5|scaffold35|-|1251|0|1|68388|71726|71726[71726]:68388[68388]:3339[3339]
1461	29477-2132	0	7361	-1	14095at147550_7|scaffold35|-|1212|0|2|27346|29477|29477[29477]:27696[27696]:1782[1782]|27633[27633]:27346[27346]:288[288]
1461	91364+831	0	11251	1	52951at147550_4|scaffold35|+|89|7.894e-20|1|91364|92194|91364[91364]:92194[92194]:831[831]
1461	51725-2258	0	12261	-1	32746at147550_4|scaffold35|-|781|3.842e-228|3|49468|51725|51725[51725]:51636[51636]:90[90]|51567[51564]:51217[51217]:351[348]|51168[51159]:49468[49468]:1701[1692]
1461	172514-2298	0	17245	-1	15417at147550_8|scaffold35|-|1104|0|1|170217|172514|172514[172514]:170217[170217]:2298[2298]
1461	32079+7615	0	17404	1	716at147550_7|scaffold35|+|3598|0|2|32079|39693|32079[32079]:32831[32831]:753[753]|32893[32893]:39693[39693]:6801[6801]
1461	41293+3456	0	22794	1	6961at147550_6|scaffold35|+|1309|0|2|41293|44748|41293[41293]:41469[41469]:177[177]|41503[41530]:44748[44748]:3246[3219]
1461	23878-1623	0	23708	-1	72946at147550_6|scaffold35|-|561|6.473e-162|3|22256|23878|23878[23878]:22946[22946]:933[933]|22884[22884]:22558[22558]:327[327]|22501[22501]:22256[22256]:246[246]
1461	176340-1164	0	24857	-1	48906at147550|scaffold35|-|671|4.987e-195|1|175177|176340|176340[176340]:175177[175177]:1164[1164]
1461	13069-3614	0	27344	-1	9577at147550_8|scaffold35|-|1317|0|8|9456|13069|13069[13069]:12599[12599]:471[471]|12500[12500]:11076[11076]:1425[1425]|10975[10945]:10538[10538]:438[408]|10204[10204]:10130[10130]:75[75]|10063[10060]:9935[9935]:129[126]|9876[9870]:9811[9811]:66[60]|9708[9708]:9598[9598]:111[111]|9542[9533]:9456[9456]:87[78]
1461	13949+2268	0	28379	1	21359at147550_8|scaffold35|+|1007|3.563e-296|3|13949|16216|13949[13949]:14128[14128]:180[180]|14190[14190]:16013[16013]:1824[1824]|16163[16163]:16216[16216]:54[54]
1461	136110-1214	0	30669	-1	69019at147550_4|scaffold35|-|321|1.144e-89|2|134897|136110|136110[136110]:135892[135892]:219[219]|135841[135829]:134897[134897]:945[933]
1461	167031+2837	0	31581	1	84238at147550_3|scaffold35|+|443|2.151e-126|3|167031|169867|167031[167031]:167957[167957]:927[927]|168747[168747]:169688[169688]:942[942]|169754[169754]:169867[169867]:114[114]
1461	127116+1903	0	31790	1	33456at147550_5|scaffold35|+|822|1.747e-240|3|127116|129018|127116[127116]:127607[127607]:492[492]|127653[127662]:128108[128108]:456[447]|128161[128164]:129018[129018]:858[855]
1461	20089+1265	0	32461	1	55994at147550_6|scaffold35|+|566|2.023e-163|2|20089|21353|20089[20089]:20154[20154]:66[66]|20214[20232]:21353[21353]:1140[1122]
1461	126163-2289	0	32896	-1	15642at147550_7|scaffold35|-|886|9.471e-260|1|123875|126163|126163[126163]:123875[123875]:2289[2289]
1461	173076+1576	0	33026	1	34378at147550_6|scaffold35|+|756|1.289e-220|2|173076|174651|173076[173076]:173360[173360]:285[285]|173425[173425]:174651[174651]:1227[1227]
1461	45870+2520	0	34230	1	56068at147550_5|scaffold35|+|354|1.332e-99|3|45870|48389|45870[45870]:45962[45962]:93[93]|46025[46025]:46150[46150]:126[126]|46221[46221]:48389[48389]:2169[2169]
1461	40970-520	0	34769	-1	98025at147550_2|scaffold35|-|273|3.219e-75|2|40451|40970|40970[40970]:40713[40713]:258[258]|40621[40621]:40451[40451]:171[171]
1461	168675+1223	0	36252	1	82892at147550_2|scaffold35|+|389|3.875e-110|2|168675|169897|168675[168675]:169691[169691]:1017[1017]|169754[169754]:169897[169897]:144[144]
1461	19453-2796	0	40349	-1	11164at147550_5|scaffold35|-|1537|0|3|16658|19453|19453[19453]:19316[19316]:138[138]|19262[19262]:19191[19191]:72[72]|19132[19132]:16658[16658]:2475[2475]
1461	178844-1712	0	40762	-1	34845at147550_4|scaffold35|-|277|2.012e-76|2|177133|178844|178844[178844]:178314[178314]:531[531]|178089[178089]:177133[177133]:957[957]
1461	62416+987	0	41356	1	32578at147550_4|scaffold35|+|136|5.609e-34|1|62416|63402|62416[62416]:63402[63402]:987[987]
1462	71272-2661	0	926	-1	36892at147550_7|scaffold67|-|867|4.965e-254|1|68612|71272|71272[71272]:68612[68612]:2661[2661]
1462	38685-1956	0	6469	-1	58317at147550_5|scaffold67|-|575|3.951e-166|1|36730|38685|38685[38685]:36730[36730]:1956[1956]
1462	77301+2716	0	10309	1	9486at147550_8|scaffold67|+|974|3.06e-286|3|77301|80016|77301[77301]:78794[78794]:1494[1494]|78859[78859]:79005[79005]:147[147]|79108[79108]:80016[80016]:909[909]
1462	99189+1071	0	13594	1	34675at147550_3|scaffold67|+|235|8.849e-64|1|99189|100259|99189[99189]:100259[100259]:1071[1071]
1462	44753-3444	0	15009	-1	11368at147550_6|scaffold67|-|1206|0|4|41310|44753|44753[44753]:44691[44691]:63[63]|44591[44555]:44508[44508]:84[48]|44403[44403]:41626[41626]:2778[2778]|41474[41474]:41310[41310]:165[165]
1462	94718-1005	0	34429	-1	30753at147550_0|scaffold67|-|321|1.144e-89|2|93714|94718|94718[94718]:94407[94407]:312[312]|94349[94349]:93714[93714]:636[636]
1462	102020+1566	0	37224	1	27818at147550_9|scaffold67|+|657|8.171e-191|1|102020|103585|102020[102020]:103585[103585]:1566[1566]
1462	39412+909	0	39243	1	80870at147550|scaffold67|+|387|1.55e-109|1|39412|40320|39412[39412]:40320[40320]:909[909]
1464	16899+2868	0	185	1	6601at147550_5|scaffold131|+|1411|0|1|16899|19766|16899[16899]:19766[19766]:2868[2868]
1464	69388+1231	0	395	1	54932at147550_4|scaffold131|+|615|3.594e-178|2|69388|70618|69388[69388]:70497[70497]:1110[1110]|70556[70556]:70618[70618]:63[63]
1464	47510-1450	0	7433	-1	40016at147550_1|scaffold131|-|677|7.792e-197|3|46061|47510|47510[47510]:47400[47400]:111[111]|47343[47343]:47182[47182]:162[162]|47131[47128]:46061[46061]:1071[1068]
1464	61752-1825	0	14810	-1	64310at147550_8|scaffold131|-|486|2.446e-139|3|59928|61752|61752[61752]:61654[61654]:99[99]|61473[61473]:60994[60994]:480[480]|60923[60923]:59928[59928]:996[996]
1464	102189-2897	0	21604	-1	8162at147550_9|scaffold131|-|1646|0|2|99293|102189|102189[102189]:102142[102142]:48[48]|102064[102064]:99293[99293]:2772[2772]
1464	78748-1130	0	24434	-1	99026at147550_3|scaffold131|-|214|1.856e-57|2|77619|78748|78748[78748]:78626[78626]:123[123]|78557[78545]:77619[77619]:939[927]
1464	65089-1052	0	38753	-1	54093at147550_7|scaffold131|-|633|1.371e-183|2|64038|65089|65089[65089]:64529[64529]:561[561]|64475[64460]:64038[64038]:438[423]
1464	72489+2198	0	40099	1	21406at147550_8|scaffold131|+|741|4.224e-216|5|72489|74686|72489[72489]:73124[73124]:636[636]|73178[73178]:73402[73402]:225[225]|73610[73637]:74182[74182]:573[546]|74203[74245]:74352[74352]:150[108]|74402[74411]:74686[74686]:285[276]
1464	52305-3375	0	40868	-1	6719at147550_7|scaffold131|-|1608|0|3|48931|52305|52305[52305]:51886[51886]:420[420]|51827[51827]:49314[49314]:2514[2514]|49251[49251]:48931[48931]:321[321]
1464	28373+1308	0	41504	1	28847at147550_3|scaffold131|+|274|1.61e-75|1|28373|29680|28373[28373]:29680[29680]:1308[1308]
1465	112565+1119	0	3422	1	107306at147550_2|scaffold163|+|232|7.08e-63|3|112565|113683|112565[112565]:112672[112672]:108[108]|112745[112748]:113446[113446]:702[699]|113519[113519]:113683[113683]:165[165]
1465	99044-3571	0	4702	-1	15764at147550_6|scaffold163|-|808|2.862e-236|3|95474|99044|99044[99044]:97239[97239]:1806[1806]|97024[96979]:96293[96293]:732[687]|96235[96235]:95474[95474]:762[762]
1465	53988+2192	0	4938	1	15954at147550_9|scaffold163|+|529|2.78e-152|3|53988|56179|53988[53988]:54257[54257]:270[270]|54330[54330]:55136[55136]:807[807]|55193[55193]:56179[56179]:987[987]
1465	104413-1815	0	7715	-1	26580at147550_7|scaffold163|-|413|2.31e-117|1|102599|104413|104413[104413]:102599[102599]:1815[1815]
1465	6580-978	0	17487	-1	89027at147550_2|scaffold163|-|359|4.161e-101|1|5603|6580|6580[6580]:5603[5603]:978[978]
1465	137205-1711	0	18168	-1	89422at147550_5|scaffold163|-|399|3.784e-113|4|135495|137205|137205[137205]:136900[136900]:306[306]|136778[136778]:136686[136686]:93[93]|136183[136180]:135986[135986]:198[195]|135707[135677]:135495[135495]:213[183]
1465	92278+1909	0	21759	1	19960at147550_5|scaffold163|+|918|2.205e-269|2|92278|94186|92278[92278]:92382[92382]:105[105]|92471[92471]:94186[94186]:1716[1716]
1465	40838-3242	0	26028	-1	11058at147550_7|scaffold163|-|1061|1.978e-312|2|37597|40838|40838[40838]:38781[38781]:2058[2058]|38691[38691]:37597[37597]:1095[1095]
1465	46274-2118	0	27577	-1	20231at147550_6|scaffold163|-|952|1.284e-279|5|44157|46274|46274[46274]:45447[45447]:828[828]|45386[45383]:45339[45339]:48[45]|45283[45277]:45191[45191]:93[87]|45119[45119]:45003[45003]:117[117]|44948[44936]:44157[44157]:792[780]
1465	12365-1425	0	29369	-1	64368at147550_5|scaffold163|-|386|3.1e-109|3|10941|12365|12365[12365]:12291[12291]:75[75]|11970[11970]:11785[11785]:186[186]|11651[11651]:10941[10941]:711[711]
1465	117779-1567	0	33996	-1	46432at147550|scaffold163|-|592|3.014e-171|2|116213|117779|117779[117779]:117519[117519]:261[261]|117448[117448]:116213[116213]:1236[1236]
1465	118438+498	0	38166	1	87067at147550_4|scaffold163|+|196|4.865e-52|1|118438|118935|118438[118438]:118935[118935]:498[498]
1465	14399-777	0	39456	-1	34845at147550_3|scaffold163|-|68|1.655e-13|1|13623|14399|14399[14399]:13623[13623]:777[777]
1467	70487-960	0	1274	-1	57315at147550_1|scaffold227|-|314|1.464e-87|2|69528|70487|70487[70487]:69810[69810]:678[678]|69749[69746]:69528[69528]:222[219]
1467	8664+2472	0	8407	1	33218at147550_3|scaffold227|+|616|1.797e-178|1|8664|11135|8664[8664]:11135[11135]:2472[2472]
1467	138711+1107	0	10982	1	34675at147550_1|scaffold227|+|220|2.9e-59|1|138711|139817|138711[138711]:139817[139817]:1107[1107]
1467	917+2016	0	14500	1	28781at147550_2|scaffold227|+|359|4.161e-101|2|917|2932|917[917]:2290[2290]:1374[1374]|2417[2417]:2932[2932]:516[516]
1467	51833+5481	0	19176	1	1775at147550_8|scaffold227|+|2121|0|3|51833|57313|51833[51833]:56842[56842]:5010[5010]|56907[56907]:57056[57056]:150[150]|57119[57122]:57313[57313]:195[192]
1467	48716-5650	0	23521	-1	42230at147550|scaffold227|-|1013|5.566e-298|4|43067|48716|48716[48716]:48183[48183]:534[534]|48109[48109]:47378[47378]:732[732]|43957[43957]:43799[43799]:159[159]|43735[43732]:43067[43067]:669[666]
1467	102333+504	0	26349	1	96902at147550_3|scaffold227|+|132|8.974e-33|2|102333|102836|102333[102333]:102590[102590]:258[258]|102660[102660]:102836[102836]:177[177]
1467	83501+1338	0	29772	1	89540at147550_3|scaffold227|+|322|5.719e-90|1|83501|84838|83501[83501]:84838[84838]:1338[1338]
1467	63281+3386	0	32557	1	3444at147550_0|scaffold227|+|509|2.915e-146|2|63281|66666|63281[63281]:64168[64168]:888[888]|64249[64261]:66666[66666]:2418[2406]
1467	71663+1115	0	33357	1	80518at147550_6|scaffold227|+|528|5.561e-152|2|71663|72777|71663[71663]:72454[72454]:792[792]|72508[72508]:72777[72777]:270[270]
1467	13392+2239	0	36734	1	45405at147550_3|scaffold227|+|880|6.061e-258|3|13392|15630|13392[13392]:13583[13583]:192[192]|13680[13683]:13793[13793]:114[111]|13861[13867]:15630[15630]:1770[1764]
1469	11561+4462	0	20100	1	3223at147550_6|scaffold291|+|1622|0|5|11561|16022|11561[11561]:11695[11695]:135[135]|11811[11814]:11909[11909]:99[96]|11977[11977]:12411[12411]:435[435]|12488[12488]:13420[13420]:933[933]|13599[13599]:16022[16022]:2424[2424]
22597	50+336	0	29119	1	93146at147550_8|C168980|+|111|1.882e-26|1|50|385|50[50]:385[385]:336[336]
22625	13385+1818	0	9308	1	84053at147550_2|scaffold672|+|443|2.151e-126|3|13385|15202|13385[13385]:13495[13495]:111[111]|13738[13741]:13932[13932]:195[192]|14336[14351]:15202[15202]:867[852]
22625	2719+1749	0	10197	1	46019at147550_8|scaffold672|+|431|8.811e-123|2|2719|4467|2719[2719]:2895[2895]:177[177]|2953[2959]:4467[4467]:1515[1509]
22625	16743-897	0	37504	-1	94679at147550_1|scaffold672|-|177|2.551e-46|2|15847|16743|16743[16743]:16513[16513]:231[231]|16359[16326]:15847[15847]:513[480]
22627	9346-1467	0	35842	-1	88413at147550_2|scaffold736|-|292|6.141e-81|1|7880|9346|9346[9346]:7880[7880]:1467[1467]
22628	22959-1430	0	5833	-1	64515at147550_7|scaffold768|-|620|1.123e-179|3|21530|22959|22959[22959]:22876[22876]:84[84]|22840[22810]:21872[21872]:969[939]|21793[21793]:21530[21530]:264[264]
22628	13684-1237	0	6738	-1	61756at147550_5|scaffold768|-|555|4.143e-160|3|12448|13684|13684[13684]:13445[13445]:240[240]|13289[13286]:12717[12717]:573[570]|12645[12642]:12448[12448]:198[195]
22628	18602-3785	0	10222	-1	9626at147550_9|scaffold768|-|1441|0|3|14818|18602|18602[18602]:17256[17256]:1347[1347]|17219[17195]:15912[15912]:1308[1284]|15861[15858]:14818[14818]:1044[1041]
22628	821-633	0	34474	-1	100597at147550_7|scaffold768|-|252|6.752e-69|1|189|821|821[821]:189[189]:633[633]
22628	33535-2766	0	41164	-1	8603at147550_4|scaffold768|-|1617|0|1|30770|33535|33535[33535]:30770[30770]:2766[2766]
22629	7790+1580	0	24423	1	31701at147550_8|scaffold800|+|426|2.82e-121|2|7790|9369|7790[7790]:9238[9238]:1449[1449]|9301[9301]:9369[9369]:69[69]
13149	5787-546	0	8065	-1	106887at147550_9|scaffold691|-|232|7.08e-63|3|5242|5787|5787[5787]:5725[5725]:63[63]|5646[5628]:5446[5446]:201[183]|5364[5364]:5242[5242]:123[123]
13149	2256+878	0	16863	1	82099at147550_6|scaffold691|+|287|1.965e-79|4|2256|3133|2256[2256]:2432[2432]:177[177]|2489[2507]:2593[2593]:105[87]|2648[2648]:2818[2818]:171[171]|2843[2876]:3133[3133]:291[258]
13149	13884+1447	0	17218	1	65026at147550_3|scaffold691|+|413|2.31e-117|3|13884|15330|13884[13884]:14138[14138]:255[255]|14199[14202]:14384[14384]:186[183]|14467[14467]:15330[15330]:864[864]
13149	13541-1227	0	28369	-1	50638at147550_8|scaffold691|-|736|1.352e-214|1|12315|13541|13541[13541]:12315[12315]:1227[1227]
13149	3808+1060	0	30270	1	74365at147550_2|scaffold691|+|502|3.732e-144|3|3808|4867|3808[3808]:3861[3861]:54[54]|3939[3939]:4088[4088]:150[150]|4196[4196]:4867[4867]:672[672]
10960	36836+1566	0	7513	1	68329at147550_6|scaffold624|+|642|2.677e-186|2|36836|38401|36836[36836]:36898[36898]:63[63]|37154[37157]:38401[38401]:1248[1245]
10960	31112+923	0	8513	1	75106at147550_7|scaffold624|+|471|8.014e-135|2|31112|32034|31112[31112]:31399[31399]:288[288]|31531[31531]:32034[32034]:504[504]
10960	35032-2112	0	11502	-1	56994at147550_7|scaffold624|-|526|2.224e-151|1|32921|35032|35032[35032]:32921[32921]:2112[2112]
10960	46117-1462	0	17164	-1	46204at147550_8|scaffold624|-|715|2.835e-208|4|44656|46117|46117[46117]:45986[45986]:132[132]|45930[45930]:45796[45796]:135[135]|45588[45588]:44950[44950]:639[639]|44871[44871]:44656[44656]:216[216]
10960	30256-300	0	32234	-1	107226at147550_4|scaffold624|-|113|4.705e-27|1|29957|30256|30256[30256]:29957[29957]:300[300]
10960	22939+1351	0	37441	1	96493at147550_4|scaffold624|+|450|1.681e-128|2|22939|24289|22939[22939]:23367[23367]:429[429]|23462[23462]:24289[24289]:828[828]
10960	70731+3414	0	39749	1	23738at147550_3|scaffold624|+|1234|0|1|70731|74144|70731[70731]:74144[74144]:3414[3414]
10961	63821+591	0	1105	1	95629at147550_0|scaffold656|+|235|8.849e-64|1|63821|64411|63821[63821]:64411[64411]:591[591]
10961	31135+894	0	7722	1	49746at147550_1|scaffold656|+|208|1.188e-55|1|31135|32028|31135[31135]:32028[32028]:894[894]
10961	18731-1589	0	15944	-1	48542at147550_7|scaffold656|-|686|1.522e-199|3|17143|18731|18731[18731]:18675[18675]:57[57]|18509[18497]:17661[17661]:849[837]|17568[17565]:17143[17143]:426[423]
10961	13207-456	0	18900	-1	109439at147550_5|scaffold656|-|103|4.818e-24|1|12752|13207|13207[13207]:12752[12752]:456[456]
10961	6016+4589	0	22155	1	4050at147550_5|scaffold656|+|2191|0|2|6016|10604|6016[6016]:10386[10386]:4371[4371]|10458[10464]:10604[10604]:147[141]
10961	62930-1270	0	31001	-1	74986at147550_0|scaffold656|-|509|2.915e-146|7|61661|62930|62930[62930]:62886[62886]:45[45]|62824[62824]:62762[62762]:63[63]|62703[62691]:62653[62653]:51[39]|62543[62543]:62472[62472]:72[72]|62406[62406]:62239[62239]:168[168]|62176[62161]:62120[62120]:57[42]|62050[62050]:61661[61661]:390[390]
10961	241+2004	0	31529	1	24697at147550_7|scaffold656|+|1080|3.772e-318|3|241|2244|241[241]:825[825]:585[585]|906[906]:2048[2048]:1143[1143]|2119[2122]:2244[2244]:126[123]
10966	622+1110	0	32824	1	77391at147550_6|scaffold816|+|415|5.775e-118|1|622|1731|622[622]:1731[1731]:1110[1110]
10966	4817-2620	0	36047	-1	15916at147550_2|scaffold816|-|1227|0|2|2198|4817|4817[4817]:2778[2778]:2040[2040]|2695[2692]:2198[2198]:498[495]
10967	13388-1372	0	13869	-1	44684at147550_8|scaffold848|-|732|2.163e-213|4|12017|13388|13388[13388]:13245[13245]:144[144]|13169[13169]:12912[12912]:258[258]|12835[12835]:12212[12212]:624[624]|12160[12157]:12017[12017]:144[141]
10967	3383+4127	0	14596	1	35283at147550_6|scaffold848|+|1181|0|4|3383|7509|3383[3383]:3697[3697]:315[315]|3777[3780]:4520[4520]:744[741]|5360[5381]:6208[6208]:849[828]|6259[6268]:7509[7509]:1251[1242]
10967	14146+2754	0	31635	1	13316at147550_7|scaffold848|+|728|3.46e-212|1|14146|16899|14146[14146]:16899[16899]:2754[2754]
10967	10283+1071	0	32919	1	59795at147550_4|scaffold848|+|537|1.086e-154|1|10283|11353|10283[10283]:11353[11353]:1071[1071]
22612	57062+1795	0	514	1	82681at147550_5|scaffold256|+|370|2.032e-104|2|57062|58856|57062[57062]:57244[57244]:183[183]|57327[57327]:58856[58856]:1530[1530]
22612	112901-1139	0	2634	-1	61155at147550|scaffold256|-|490|1.529e-140|3|111763|112901|112901[112901]:112812[112812]:90[90]|112673[112673]:111939[111939]:735[735]|111861[111858]:111763[111763]:99[96]
22612	35458+2291	0	4541	1	28802at147550_8|scaffold256|+|987|3.736e-290|5|35458|37748|35458[35458]:35802[35802]:345[345]|35856[35880]:35954[35954]:99[75]|36020[36041]:36538[36538]:519[498]|36565[36598]:37293[37293]:729[696]|37347[37359]:37748[37748]:402[390]
22612	100812+735	0	4738	1	90296at147550_3|scaffold256|+|303|2.998e-84|2|100812|101546|100812[100812]:100922[100922]:111[111]|101064[101064]:101546[101546]:483[483]
22612	115723+2489	0	6439	1	76707at147550_4|scaffold256|+|403|2.365e-114|2|115723|118211|115723[115723]:116040[116040]:318[318]|116151[116154]:118211[118211]:2061[2058]
22612	102910-1248	0	8427	-1	50228at147550_6|scaffold256|-|427|1.41e-121|1|101663|102910|102910[102910]:101663[101663]:1248[1248]
22612	145261+1499	0	10504	1	30903at147550|scaffold256|+|774|4.918e-226|2|145261|146759|145261[145261]:145740[145740]:480[480]|145785[145809]:146759[146759]:975[951]
22612	55965-1174	0	11722	-1	51866at147550_7|scaffold256|-|310|2.342e-86|3|54792|55965|55965[55965]:55540[55540]:426[426]|55483[55480]:55049[55049]:435[432]|54953[54953]:54792[54792]:162[162]
22612	4581-697	0	11937	-1	103763at147550_8|scaffold256|-|240|2.765e-65|2|3885|4581|4581[4581]:4306[4306]:276[276]|4181[4181]:3885[3885]:297[297]
22612	166485+837	0	14896	1	92129at147550_6|scaffold256|+|328|8.936e-92|2|166485|167321|166485[166485]:166784[166784]:300[300]|166836[166851]:167321[167321]:486[471]
22612	28994-949	0	15433	-1	67749at147550_7|scaffold256|-|471|8.014e-135|2|28046|28994|28994[28994]:28758[28758]:237[237]|28684[28681]:28046[28046]:639[636]
22612	172181-900	0	17732	-1	93679at147550_5|scaffold256|-|193|3.892e-51|1|171282|172181|172181[172181]:171282[171282]:900[900]
22612	161170+2071	0	17752	1	43289at147550_9|scaffold256|+|600|1.178e-173|2|161170|163240|161170[161170]:161388[161388]:219[219]|161498[161507]:163240[163240]:1743[1734]
22612	100046-1262	0	17769	-1	94350at147550_0|scaffold256|-|303|2.998e-84|2|98785|100046|100046[100046]:99864[99864]:183[183]|99795[99792]:98785[98785]:1011[1008]
22612	109827+1131	0	18298	1	22772at147550|scaffold256|+|277|2.012e-76|2|109827|110957|109827[109827]:110399[110399]:573[573]|110526[110526]:110957[110957]:432[432]
22612	25738+562	0	18918	1	101582at147550_1|scaffold256|+|174|2.041e-45|2|25738|26299|25738[25738]:25800[25800]:63[63]|25871[25877]:26299[26299]:429[423]
22612	90164+13832	0	21643	1	20847at147550_4|scaffold256|+|933|6.729e-274|4|90164|103995|90164[90164]:91699[91699]:1536[1536]|91751[91751]:91945[91945]:195[195]|103502[103502]:103588[103588]:87[87]|103663[103666]:103995[103995]:333[330]
22612	103469+1111	0	21829	1	71951at147550_3|scaffold256|+|406|2.957e-115|3|103469|104579|103469[103469]:103588[103588]:120[120]|103663[103666]:103986[103986]:324[321]|104130[104130]:104579[104579]:450[450]
22612	156532+1164	0	23478	1	61508at147550_0|scaffold256|+|536|2.172e-154|3|156532|157695|156532[156532]:156609[156609]:78[78]|156832[156835]:157089[157089]:258[255]|157147[157156]:157695[157695]:549[540]
22612	153495-1006	0	25052	-1	81392at147550_0|scaffold256|-|395|6.055e-112|2|152490|153495|153495[153495]:153349[153349]:147[147]|153077[153074]:152490[152490]:588[585]
22612	14253-1665	0	31123	-1	56408at147550_5|scaffold256|-|681|4.87e-198|1|12589|14253|14253[14253]:12589[12589]:1665[1665]
22612	153917+504	0	32266	1	109058at147550_1|scaffold256|+|175|1.02e-45|2|153917|154420|153917[153917]:153973[153973]:57[57]|154190[154190]:154420[154420]:231[231]
22612	165717-1903	0	34212	-1	79769at147550_9|scaffold256|-|563|1.618e-162|2|163815|165717|165717[165717]:165370[165370]:348[348]|165317[165302]:163815[163815]:1503[1488]
22612	181356-903	0	35534	-1	46366at147550_2|scaffold256|-|72|1.035e-14|1|180454|181356|181356[181356]:180454[180454]:903[903]
22612	143823-1608	0	36803	-1	11345at147550_3|scaffold256|-|115|1.176e-27|1|142216|143823|143823[143823]:142216[142216]:1608[1608]
22615	54294+1698	0	184	1	7769at147550_3|scaffold352|+|228|1.133e-61|1|54294|55991|54294[54294]:55991[55991]:1698[1698]
22615	111017+1688	0	5841	1	9340at147550_7|scaffold352|+|990|4.67e-291|2|111017|112704|111017[111017]:111259[111259]:243[243]|111355[111355]:112704[112704]:1350[1350]
22615	8096-1644	0	9031	-1	33713at147550_8|scaffold352|-|763|1.007e-222|3|6453|8096|8096[8096]:7446[7446]:651[651]|7422[7395]:6808[6808]:615[588]|6758[6752]:6453[6453]:306[300]
22615	81022+1204	0	9561	1	80543at147550_7|scaffold352|+|509|2.915e-146|2|81022|82225|81022[81022]:81189[81189]:168[168]|81245[81245]:82225[82225]:981[981]
22615	3858-1941	0	10299	-1	42523at147550_8|scaffold352|-|774|4.918e-226|3|1918|3858|3858[3858]:3772[3772]:87[87]|3632[3617]:2085[2085]:1548[1533]|1992[1989]:1918[1918]:75[72]
22615	80310-2618	0	10908	-1	11428at147550_6|scaffold352|-|1342|0|2|77693|80310|80310[80310]:78463[78463]:1848[1848]|78412[78403]:77693[77693]:720[711]
22615	15458-2488	0	15181	-1	71163at147550_1|scaffold352|-|470|1.603e-134|2|12971|15458|15458[15458]:15153[15153]:306[306]|13978[13978]:12971[12971]:1008[1008]
22615	9593+1388	0	15624	1	62138at147550_8|scaffold352|+|614|7.187e-178|4|9593|10980|9593[9593]:10006[10006]:414[414]|10099[10099]:10251[10251]:153[153]|10391[10394]:10753[10753]:363[360]|10810[10810]:10980[10980]:171[171]
22615	69528-1975	0	17968	-1	43848at147550_8|scaffold352|-|583|1.543e-168|4|67554|69528|69528[69528]:69169[69169]:360[360]|69121[69115]:69014[69014]:108[102]|68953[68953]:68888[68888]:66[66]|68831[68831]:67554[67554]:1278[1278]
22615	32462-2037	0	19288	-1	6062at147550_7|scaffold352|-|457|1.313e-130|3|30426|32462|32462[32462]:32169[32169]:294[294]|32098[32071]:30974[30974]:1125[1098]|30881[30881]:30426[30426]:456[456]
22615	44009+1238	0	20492	1	55329at147550_9|scaffold352|+|673|1.247e-195|2|44009|45246|44009[44009]:44146[44146]:138[138]|44215[44215]:45246[45246]:1032[1032]
22615	53472-1409	0	31438	-1	53146at147550|scaffold352|-|590|1.206e-170|4|52064|53472|53472[53472]:53338[53338]:135[135]|53188[53155]:53129[53129]:60[27]|53066[53066]:52584[52584]:483[483]|52528[52525]:52064[52064]:465[462]
22615	94643+789	0	31580	1	83805at147550_1|scaffold352|+|291|1.228e-80|2|94643|95431|94643[94643]:94798[94798]:156[156]|94871[94871]:95431[95431]:561[561]
22615	64028+1287	0	33308	1	39174at147550_0|scaffold352|+|126|5.744e-31|1|64028|65314|64028[64028]:65314[65314]:1287[1287]
22615	92972-895	0	35807	-1	85792at147550_2|scaffold352|-|266|4.121e-73|4|92078|92972|92972[92972]:92838[92838]:135[135]|92773[92773]:92726[92726]:48[48]|92642[92642]:92433[92433]:210[210]|92275[92275]:92078[92078]:198[198]
22615	16165+1209	0	35885	1	53911at147550_2|scaffold352|+|608|4.6e-176|3|16165|17373|16165[16165]:16287[16287]:123[123]|16407[16419]:16976[16976]:570[558]|17044[17044]:17373[17373]:330[330]
22615	85195+3204	0	38922	1	25253at147550_6|scaffold352|+|457|1.313e-130|2|85195|88398|85195[85195]:87210[87210]:2016[2016]|87265[87271]:88398[88398]:1134[1128]
22617	72544-1486	0	4195	-1	34845at147550_8|scaffold416|-|154|2.14e-39|2|71059|72544|72544[72544]:71906[71906]:639[639]|71652[71652]:71059[71059]:594[594]
22617	39588-384	0	6471	-1	99941at147550_9|scaffold416|-|217|2.32e-58|1|39205|39588|39588[39588]:39205[39205]:384[384]
22617	37347+922	0	11460	1	82332at147550_4|scaffold416|+|119|7.352e-29|2|37347|38268|37347[37347]:37439[37439]:93[93]|38071[38074]:38268[38268]:198[195]
22617	14142+1020	0	12793	1	73120at147550_8|scaffold416|+|349|4.261e-98|1|14142|15161|14142[14142]:15161[15161]:1020[1020]
22617	34420-649	0	14055	-1	92304at147550_5|scaffold416|-|283|3.144e-78|2|33772|34420|34420[34420]:34160[34160]:261[261]|34032[34029]:33772[33772]:261[258]
22617	30380+2231	0	17316	1	57744at147550_8|scaffold416|+|614|7.187e-178|2|30380|32610|30380[30380]:30835[30835]:456[456]|30910[30922]:32610[32610]:1701[1689]
22618	1726-613	0	23935	-1	88161at147550_4|scaffold448|-|188|1.245e-49|2|1114|1726|1726[1726]:1664[1664]:63[63]|1572[1563]:1114[1114]:459[450]
22618	11866-3361	0	40767	-1	12363at147550_4|scaffold448|-|1560|0|4|8506|11866|11866[11866]:11813[11813]:54[54]|11751[11751]:9565[9565]:2187[2187]|9512[9512]:8754[8754]:759[759]|8688[8685]:8506[8506]:183[180]
16795	5687-804	0	8756	-1	100843at147550_6|scaffold728|-|237|2.212e-64|2|4884|5687|5687[5687]:5472[5472]:216[216]|5348[5345]:4884[4884]:465[462]
16795	6760+507	0	21578	1	99583at147550_7|scaffold728|+|125|1.149e-30|2|6760|7266|6760[6760]:7071[7071]:312[312]|7135[7138]:7266[7266]:132[129]
16795	3820+668	0	39810	1	102181at147550_9|scaffold728|+|261|1.319e-71|2|3820|4487|3820[3820]:4152[4152]:333[333]|4326[4329]:4487[4487]:162[159]
16795	2240-1436	0	41161	-1	79637at147550_8|scaffold728|-|174|2.041e-45|2|805|2240|2240[2240]:2004[2004]:237[237]|1905[1905]:805[805]:1101[1101]
16796	17544+523	0	14913	1	101059at147550_0|scaffold760|+|214|1.856e-57|2|17544|18066|17544[17544]:17825[17825]:282[282]|17896[17899]:18066[18066]:171[168]
16796	21098+1422	0	27232	1	20101at147550_2|scaffold760|+|57|3.39e-10|1|21098|22519|21098[21098]:22519[22519]:1422[1422]
16796	33887-1533	0	33425	-1	25520at147550_0|scaffold760|-|560|1.295e-161|5|32355|33887|33887[33887]:33798[33798]:90[90]|33714[33702]:33223[33223]:492[480]|33184[33175]:32984[32984]:201[192]|32924[32924]:32778[32778]:147[147]|32711[32711]:32355[32355]:357[357]
16796	4571-1531	0	39207	-1	48743at147550|scaffold760|-|312|5.856e-87|3|3041|4571|4571[4571]:4374[4374]:198[198]|4299[4299]:3850[3850]:450[450]|3658[3658]:3041[3041]:618[618]
16796	31587-1404	0	39508	-1	83739at147550_5|scaffold760|-|348|8.522e-98|1|30184|31587|31587[31587]:30184[30184]:1404[1404]
2920	36904-1503	0	4789	-1	32578at147550_8|scaffold5|-|213|3.712e-57|2|35402|36904|36904[36904]:35654[35654]:1251[1251]|35575[35563]:35402[35402]:174[162]
2920	32107+819	0	9028	1	49746at147550_2|scaffold5|+|199|6.081e-53|1|32107|32925|32107[32107]:32925[32925]:819[819]
2920	7385+1452	0	12593	1	35775at147550_7|scaffold5|+|304|1.499e-84|1|7385|8836|7385[7385]:8836[8836]:1452[1452]
2920	24240+1617	0	29867	1	21806at147550_0|scaffold5|+|68|1.655e-13|1|24240|25856|24240[24240]:25856[25856]:1617[1617]
2920	43037-2663	0	38289	-1	20340at147550_1|scaffold5|-|1092|9.18962e-322|2|40375|43037|43037[43037]:42453[42453]:585[585]|42402[42396]:40375[40375]:2028[2022]
2920	28524-1146	0	40127	-1	22408at147550_5|scaffold5|-|107|3.011e-25|1|27379|28524|28524[28524]:27379[27379]:1146[1146]
2921	75138+1337	0	1969	1	30770at147550_7|scaffold37|+|565|4.046e-163|2|75138|76474|75138[75138]:75281[75281]:144[144]|75341[75347]:76474[76474]:1134[1128]
2921	112038+975	0	2347	1	95484at147550_4|scaffold37|+|299|4.797e-83|1|112038|113012|112038[112038]:113012[113012]:975[975]
2921	16949+1620	0	2435	1	34693at147550_7|scaffold37|+|804|4.58e-235|1|16949|18568|16949[16949]:18568[18568]:1620[1620]
2921	27187+4329	0	3349	1	4609at147550_7|scaffold37|+|1320|0|3|27187|31515|27187[27187]:27534[27534]:348[348]|27626[27632]:27694[27694]:69[63]|27751[27766]:31515[31515]:3765[3750]
2921	25800-1761	0	3503	-1	27540at147550_4|scaffold37|-|145|1.096e-36|1|24040|25800|25800[25800]:24040[24040]:1761[1761]
2921	126336-1102	0	4056	-1	81352at147550_2|scaffold37|-|296|3.838e-82|2|125235|126336|126336[126336]:125440[125440]:897[897]|125375[125375]:125235[125235]:141[141]
2921	143695+3234	0	10755	1	8173at147550_9|scaffold37|+|1103|0|1|143695|146928|143695[143695]:146928[146928]:3234[3234]
2921	206002-2013	0	10860	-1	69050at147550_4|scaffold37|-|453|2.101e-129|1|203990|206002|206002[206002]:203990[203990]:2013[2013]
2921	185763+465	0	15606	1	104195at147550_2|scaffold37|+|190|3.114e-50|1|185763|186227|185763[185763]:186227[186227]:465[465]
2921	38858-1450	0	18298	-1	22772at147550|scaffold37|-|305|7.496e-85|2|37409|38858|38858[38858]:38550[38550]:309[309]|38383[38383]:37409[37409]:975[975]
2921	82929-1857	0	19153	-1	42564at147550_5|scaffold37|-|477|1.252e-136|1|81073|82929|82929[82929]:81073[81073]:1857[1857]
2921	184850-1041	0	19818	-1	71617at147550_6|scaffold37|-|602|2.944e-174|1|183810|184850|184850[184850]:183810[183810]:1041[1041]
2921	180713+2168	0	22715	1	56684at147550_8|scaffold37|+|613|1.437e-177|2|180713|182880|180713[180713]:180886[180886]:174[174]|180946[180946]:182880[182880]:1935[1935]
2921	133450+1333	0	23357	1	46785at147550_4|scaffold37|+|709|1.814e-206|2|133450|134782|133450[133450]:133794[133794]:345[345]|133868[133868]:134782[134782]:915[915]
2921	57075-4584	0	23845	-1	2822at147550_1|scaffold37|-|2080|0|3|52492|57075|57075[57075]:52885[52885]:4191[4191]|52826[52826]:52755[52755]:72[72]|52698[52695]:52492[52492]:207[204]
2921	160580+1182	0	25338	1	33993at147550_2|scaffold37|+|776|1.229e-226|1|160580|161761|160580[160580]:161761[161761]:1182[1182]
2921	114701+1573	0	29913	1	53190at147550_1|scaffold37|+|629|2.193e-182|4|114701|116273|114701[114701]:114745[114745]:45[45]|114921[114921]:115022[115022]:102[102]|115058[115058]:115186[115186]:129[129]|115311[115314]:116273[116273]:963[960]
2921	178932-627	0	32793	-1	82458at147550_4|scaffold37|-|291|1.228e-80|1|178306|178932|178932[178932]:178306[178306]:627[627]
2921	153910-795	0	34181	-1	63992at147550_1|scaffold37|-|83|5.052e-18|1|153116|153910|153910[153910]:153116[153116]:795[795]
2921	158603-3148	0	34274	-1	13563at147550_9|scaffold37|-|1090|3.68573e-321|2|155456|158603|158603[158603]:158484[158484]:120[120]|157795[157795]:155456[155456]:2340[2340]
2921	57708+15370	0	40000	1	517at147550_0|scaffold37|+|3962|0|7|57708|73077|57708[57708]:57875[57875]:168[168]|57919[57952]:59985[59985]:2067[2034]|60071[60071]:65332[65332]:5262[5262]|65385[65400]:65897[65897]:513[498]|72231[72231]:72557[72557]:327[327]|72694[72721]:72867[72867]:174[147]|72931[72934]:73077[73077]:147[144]
2922	113802-1551	0	908	-1	43123at147550_8|scaffold69|-|723|1.107e-210|2|112252|113802|113802[113802]:113617[113617]:186[186]|113544[113529]:112252[112252]:1293[1278]
2922	154713-1752	0	963	-1	86340at147550_3|scaffold69|-|578|4.939e-167|4|152962|154713|154713[154713]:154588[154588]:126[126]|154510[154465]:153977[153977]:534[489]|153935[153923]:153237[153237]:699[687]|153174[153165]:152962[152962]:213[204]
2922	115484+802	0	9038	1	99988at147550_2|scaffold69|+|311|1.171e-86|3|115484|116285|115484[115484]:115840[115840]:357[357]|115942[115942]:116184[116184]:243[243]|116241[116247]:116285[116285]:45[39]
2922	122076-2921	0	10740	-1	2625at147550_3|scaffold69|-|248|1.08e-67|2|119156|122076|122076[122076]:120769[120769]:1308[1308]|120547[120547]:119156[119156]:1392[1392]
2922	106289+1780	0	12192	1	61030at147550_1|scaffold69|+|508|5.831e-146|3|106289|108068|106289[106289]:106792[106792]:504[504]|106946[106946]:107857[107857]:912[912]|107946[107946]:108068[108068]:123[123]
2922	75095+2973	0	13307	1	8319at147550_4|scaffold69|+|1662|0|1|75095|78067|75095[75095]:78067[78067]:2973[2973]
2922	122094-1287	0	14935	-1	27428at147550_4|scaffold69|-|55|1.356e-09|1|120808|122094|122094[122094]:120808[120808]:1287[1287]
2922	144591-576	0	17937	-1	62577at147550_2|scaffold69|-|78|1.617e-16|1|144016|144591|144591[144591]:144016[144016]:576[576]
2922	128390-495	0	20192	-1	103881at147550_4|scaffold69|-|214|1.856e-57|1|127896|128390|128390[128390]:127896[127896]:495[495]
2922	146232+2181	0	21022	1	80434at147550_9|scaffold69|+|557|1.036e-160|3|146232|148412|146232[146232]:146429[146429]:198[198]|146478[146493]:146744[146744]:267[252]|146865[146865]:148412[148412]:1548[1548]
2922	96298-2735	0	23695	-1	12802at147550_5|scaffold69|-|1032|1.062e-303|3|93564|96298|96298[96298]:96005[96005]:294[294]|95954[95948]:95190[95190]:765[759]|95144[95129]:93564[93564]:1581[1566]
2922	17518+1652	0	25626	1	54449at147550_3|scaffold69|+|700|9.289e-204|2|17518|19169|17518[17518]:18210[18210]:693[693]|18291[18291]:19169[19169]:879[879]
2922	129122+1745	0	25985	1	44124at147550_8|scaffold69|+|743|1.056e-216|2|129122|130866|129122[129122]:130084[130084]:963[963]|130192[130192]:130866[130866]:675[675]
2922	70440-1602	0	26991	-1	37341at147550_5|scaffold69|-|807|5.725e-236|2|68839|70440|70440[70440]:70291[70291]:150[150]|70161[70161]:68839[68839]:1323[1323]
2922	81845-1482	0	27240	-1	56970at147550_8|scaffold69|-|93|4.934e-21|2|80364|81845|81845[81845]:81279[81279]:567[567]|80888[80888]:80364[80364]:525[525]
2922	67785-399	0	29458	-1	104366at147550_5|scaffold69|-|69|8.277e-14|1|67387|67785|67785[67785]:67387[67387]:399[399]
2922	127458-1365	0	30494	-1	43716at147550_3|scaffold69|-|638|4.284e-185|1|126094|127458|127458[127458]:126094[126094]:1365[1365]
2922	151551-2452	0	31313	-1	28133at147550_4|scaffold69|-|641|5.355e-186|3|149100|151551|151551[151551]:150829[150829]:723[723]|150775[150775]:150104[150104]:672[672]|150047[150047]:149100[149100]:948[948]
2922	67806-1257	0	32070	-1	104366at147550_7|scaffold69|-|275|8.049e-76|3|66550|67806|67806[67806]:67387[67387]:420[420]|67330[67330]:66902[66902]:429[429]|66819[66807]:66550[66550]:270[258]
2922	38477+1380	0	32136	1	95217at147550_3|scaffold69|+|119|7.352e-29|1|38477|39856|38477[38477]:39856[39856]:1380[1380]
2922	134755+6650	0	34837	1	634at147550_8|scaffold69|+|2763|0|2|134755|141404|134755[134755]:141045[141045]:6291[6291]|141141[141141]:141404[141404]:264[264]
2922	64957+924	0	37298	1	53941at147550_9|scaffold69|+|98|1.542e-22|1|64957|65880|64957[64957]:65880[65880]:924[924]
2922	132875-681	0	38693	-1	102831at147550_7|scaffold69|-|201|1.52e-53|1|132195|132875|132875[132875]:132195[132195]:681[681]
2923	25253-565	0	13221	-1	91121at147550_5|scaffold101|-|335|6.981e-94|2|24689|25253|25253[25253]:25011[25011]:243[243]|24940[24940]:24689[24689]:252[252]
2923	79082-2161	0	22538	-1	17325at147550_8|scaffold101|-|1059|7.91e-312|3|76922|79082|79082[79082]:78735[78735]:348[348]|78616[78607]:77858[77858]:759[750]|77791[77791]:76922[76922]:870[870]
2923	62333+318	0	26089	1	28133at147550_0|scaffold101|+|48|1.736e-07|1|62333|62650|62333[62333]:62650[62650]:318[318]
2923	10491+3762	0	28899	1	6089at147550_9|scaffold101|+|1510|0|1|10491|14252|10491[10491]:14252[14252]:3762[3762]
2923	25653+1956	0	29379	1	36239at147550_5|scaffold101|+|583|1.543e-168|1|25653|27608|25653[25653]:27608[27608]:1956[1956]
2923	28590-516	0	37038	-1	105693at147550_6|scaffold101|-|218|1.16e-58|2|28075|28590|28590[28590]:28258[28258]:333[333]|28173[28170]:28075[28075]:99[96]
2923	37741+1670	0	38723	1	45292at147550_7|scaffold101|+|710|9.071e-207|2|37741|39410|37741[37741]:38073[38073]:333[333]|38142[38142]:39410[39410]:1269[1269]
2923	22465-201	0	41549	-1	100478at147550_8|scaffold101|-|69|8.277e-14|1|22265|22465|22465[22465]:22265[22265]:201[201]
2925	28370-561	0	9015	-1	74680at147550_1|scaffold165|-|81|2.021e-17|1|27810|28370|28370[28370]:27810[27810]:561[561]
2925	34690-1363	0	12288	-1	34675at147550_2|scaffold165|-|322|5.719e-90|2|33328|34690|34690[34690]:34196[34196]:495[495]|34122[34122]:33328[33328]:795[795]
2925	35940+2186	0	13413	1	35786at147550_5|scaffold165|+|915|1.764e-268|2|35940|38125|35940[35940]:36248[36248]:309[309]|36293[36302]:38125[38125]:1833[1824]
2925	71443-723	0	27053	-1	71951at147550_7|scaffold165|-|52|1.085e-08|1|70721|71443|71443[71443]:70721[70721]:723[723]
2925	20622-834	0	30207	-1	56486at147550_4|scaffold165|-|158|1.337e-40|1|19789|20622|20622[20622]:19789[19789]:834[834]
2925	66181+1361	0	36844	1	34845at147550_1|scaffold165|+|178|1.275e-46|2|66181|67541|66181[66181]:67197[67197]:1017[1017]|67290[67290]:67541[67541]:252[252]
2925	24829+1155	0	37010	1	64928at147550_8|scaffold165|+|563|1.618e-162|2|24829|25983|24829[24829]:25776[25776]:948[948]|25831[25834]:25983[25983]:153[150]
2925	27296-1055	0	40751	-1	78253at147550_2|scaffold165|-|436|2.754e-124|2|26242|27296|27296[27296]:26700[26700]:597[597]|26640[26634]:26242[26242]:399[393]
2926	16359-14730	0	7409	-1	2191at147550_3|scaffold197|-|1959|0|4|1630|16359|16359[16359]:15922[15922]:438[438]|15856[15832]:10808[10808]:5049[5025]|2991[2991]:2689[2689]:303[303]|2628[2628]:1630[1630]:999[999]
2926	42803-4495	0	11476	-1	73931at147550_5|scaffold197|-|949|1.027e-278|7|38309|42803|42803[42803]:41949[41949]:855[855]|41896[41893]:41642[41642]:255[252]|40689[40686]:40579[40579]:111[108]|40478[40478]:40338[40338]:141[141]|39656[39644]:38757[38757]:900[888]|38711[38702]:38499[38499]:213[204]|38449[38449]:38309[38309]:141[141]
2926	48875+1786	0	12593	1	35775at147550_7|scaffold197|+|628|4.387e-182|2|48875|50660|48875[48875]:49228[49228]:354[354]|49299[49299]:50660[50660]:1362[1362]
2926	60258-3271	0	18240	-1	17584at147550_8|scaffold197|-|1411|0|2|56988|60258|60258[60258]:59872[59872]:387[387]|59795[59768]:56988[56988]:2808[2781]
2926	24434+3780	0	37403	1	17306at147550_8|scaffold197|+|998|1.824e-293|1|24434|28213|24434[24434]:28213[28213]:3780[3780]
2927	114323-1192	0	2018	-1	73643at147550_2|scaffold229|-|512|3.644e-147|2|113132|114323|114323[114323]:114216[114216]:108[108]|114145[114142]:113132[113132]:1014[1011]
2927	56067+820	0	2449	1	88318at147550_4|scaffold229|+|343|2.727e-96|3|56067|56886|56067[56067]:56279[56279]:213[213]|56372[56375]:56494[56494]:123[120]|56590[56590]:56886[56886]:297[297]
2927	104449-1971	0	3674	-1	45751at147550_7|scaffold229|-|273|3.219e-75|1|102479|104449|104449[104449]:102479[102479]:1971[1971]
2927	191829+1741	0	3918	1	39565at147550_9|scaffold229|+|804|4.58e-235|2|191829|193569|191829[191829]:192953[192953]:1125[1125]|193000[193024]:193569[193569]:570[546]
2927	140053+1239	0	4664	1	49753at147550_9|scaffold229|+|688|3.805e-200|2|140053|141291|140053[140053]:140322[140322]:270[270]|140380[140389]:141291[141291]:912[903]
2927	95489-1491	0	4769	-1	77176at147550_5|scaffold229|-|285|7.86e-79|1|93999|95489|95489[95489]:93999[93999]:1491[1491]
2927	115174+2045	0	4906	1	53009at147550_4|scaffold229|+|824|4.368e-241|2|115174|117218|115174[115174]:115863[115863]:690[690]|115914[115926]:117218[117218]:1305[1293]
2927	119052+765	0	7902	1	110872at147550|scaffold229|+|158|1.337e-40|1|119052|119816|119052[119052]:119816[119816]:765[765]
2927	162340+1044	0	9761	1	98339at147550_4|scaffold229|+|335|6.981e-94|3|162340|163383|162340[162340]:162531[162531]:192[192]|162656[162656]:162829[162829]:174[174]|163108[163108]:163383[163383]:276[276]
2927	64896-1533	0	10306	-1	68939at147550_2|scaffold229|-|445|5.378e-127|2|63364|64896|64896[64896]:63724[63724]:1173[1173]|63669[63669]:63364[63364]:306[306]
2927	80580-3221	0	11939	-1	12545at147550_2|scaffold229|-|942|1.314e-276|2|77360|80580|80580[80580]:80503[80503]:78[78]|80326[80293]:77360[77360]:2967[2934]
2927	172345-2479	0	12537	-1	77825at147550_0|scaffold229|-|538|5.43e-155|2|169867|172345|172345[172345]:171614[171614]:732[732]|170610[170610]:169867[169867]:744[744]
2927	92193+546	0	16163	1	100149at147550_9|scaffold229|+|172|8.162e-45|2|92193|92738|92193[92193]:92351[92351]:159[159]|92445[92445]:92738[92738]:294[294]
2927	109111+1561	0	20058	1	42599at147550_9|scaffold229|+|540|1.358e-155|4|109111|110671|109111[109111]:109734[109734]:624[624]|109801[109804]:110109[110109]:309[306]|110180[110180]:110269[110269]:90[90]|110405[110405]:110671[110671]:267[267]
2927	105357+696	0	23326	1	100765at147550_3|scaffold229|+|237|2.212e-64|1|105357|106052|105357[105357]:106052[106052]:696[696]
2927	118233-642	0	24656	-1	97528at147550_1|scaffold229|-|211|1.485e-56|1|117592|118233|118233[118233]:117592[117592]:642[642]
2927	189246-853	0	27414	-1	91303at147550_3|scaffold229|-|228|1.133e-61|2|188394|189246|189246[189246]:188731[188731]:516[516]|188627[188627]:188394[188394]:234[234]
2927	57735+892	0	32253	1	99507at147550_2|scaffold229|+|274|1.61e-75|2|57735|58626|57735[57735]:57977[57977]:243[243]|58141[58141]:58626[58626]:486[486]
2927	155071+1566	0	34285	1	49098at147550_3|scaffold229|+|693|1.189e-201|6|155071|156636|155071[155071]:155373[155373]:303[303]|155448[155448]:155549[155549]:102[102]|155565[155610]:155669[155669]:105[60]|155735[155738]:155944[155944]:210[207]|156017[156020]:156277[156277]:261[258]|156403[156403]:156636[156636]:234[234]
2927	50152+3174	0	35482	1	82916at147550_2|scaffold229|+|589|2.412e-170|1|50152|53325|50152[50152]:53325[53325]:3174[3174]
2927	185421-2450	0	38081	-1	16225at147550_7|scaffold229|-|1237|0|5|182972|185421|185421[185421]:185368[185368]:54[54]|185231[185231]:185184[185184]:48[48]|185067[185067]:184972[184972]:96[96]|184892[184889]:184806[184806]:87[84]|184738[184738]:182972[182972]:1767[1767]
2928	155287+1247	0	1164	1	55903at147550_7|scaffold261|+|515|4.555e-148|2|155287|156533|155287[155287]:155556[155556]:270[270]|155613[155613]:156533[156533]:921[921]
2928	73093+1060	0	3137	1	81316at147550_7|scaffold261|+|482|3.913e-138|2|73093|74152|73093[73093]:73158[73158]:66[66]|73331[73337]:74152[74152]:822[816]
2928	80956-525	0	4653	-1	99642at147550_4|scaffold261|-|261|1.319e-71|1|80432|80956|80956[80956]:80432[80432]:525[525]
2928	168271-261	0	5404	-1	109286at147550_7|scaffold261|-|110|3.764e-26|1|168011|168271|168271[168271]:168011[168011]:261[261]
2928	9210-1347	0	9518	-1	67531at147550_8|scaffold261|-|352|5.326e-99|1|7864|9210|9210[9210]:7864[7864]:1347[1347]
2928	83148+3375	0	13917	1	11110at147550_7|scaffold261|+|1491|0|1|83148|86522|83148[83148]:86522[86522]:3375[3375]
2928	11262+1431	0	14086	1	79864at147550_3|scaffold261|+|400|1.892e-113|4|11262|12692|11262[11262]:11381[11381]:120[120]|11431[11443]:11595[11595]:165[153]|11677[11677]:12408[12408]:732[732]|12492[12498]:12692[12692]:201[195]
2928	148289+1930	0	14600	1	24658at147550_4|scaffold261|+|745|2.64e-217|5|148289|150218|148289[148289]:148384[148384]:96[96]|148429[148441]:148788[148788]:360[348]|148965[148971]:149753[149753]:789[783]|149798[149840]:150061[150061]:264[222]|150120[150123]:150218[150218]:99[96]
2928	39260-813	0	14668	-1	111125at147550_2|scaffold261|-|244|1.728e-66|2|38448|39260|39260[39260]:39105[39105]:156[156]|38993[38993]:38448[38448]:546[546]
2928	121332+4782	0	14670	1	11921at147550_6|scaffold261|+|1345|0|1|121332|126113|121332[121332]:126113[126113]:4782[4782]
2928	113997-219	0	15195	-1	103405at147550_9|scaffold261|-|93|4.934e-21|1|113779|113997|113997[113997]:113779[113779]:219[219]
2928	120414-715	0	15277	-1	105078at147550_3|scaffold261|-|257|2.11e-70|2|119700|120414|120414[120414]:120355[120355]:60[60]|120281[120281]:119700[119700]:582[582]
2928	154785-3111	0	15419	-1	50399at147550_8|scaffold261|-|923|6.891e-271|11|151675|154785|154785[154785]:154654[154654]:132[132]|154524[154524]:154462[154462]:63[63]|154404[154398]:154303[154303]:102[96]|154242[154242]:154150[154150]:93[93]|154090[154087]:153785[153785]:306[303]|153727[153727]:153395[153395]:333[333]|153337[153337]:153251[153251]:87[87]|152727[152727]:152509[152509]:219[219]|152411[152411]:152289[152289]:123[123]|152202[152202]:152098[152098]:105[105]|151947[151947]:151675[151675]:273[273]
2928	106032-1312	0	15896	-1	49204at147550_5|scaffold261|-|712|2.268e-207|2|104721|106032|106032[106032]:105841[105841]:192[192]|105770[105764]:104721[104721]:1050[1044]
2928	34734+879	0	17176	1	97868at147550_2|scaffold261|+|319|4.575e-89|4|34734|35612|34734[34734]:34883[34883]:150[150]|35052[35052]:35162[35162]:111[111]|35221[35221]:35445[35445]:225[225]|35496[35502]:35612[35612]:117[111]
2928	114216-1825	0	17187	-1	104244at147550_5|scaffold261|-|397|1.514e-112|3|112392|114216|114216[114216]:114067[114067]:150[150]|113997[113997]:113839[113839]:159[159]|113318[113318]:112392[112392]:927[927]
2928	69659+2461	0	18462	1	30685at147550_3|scaffold261|+|887|4.735e-260|4|69659|72119|69659[69659]:69793[69793]:135[135]|69871[69871]:70488[70488]:618[618]|70539[70539]:71483[71483]:945[945]|71541[71547]:72119[72119]:579[573]
2928	16289-333	0	23606	-1	105902at147550|scaffold261|-|96|6.167e-22|1|15957|16289|16289[16289]:15957[15957]:333[333]
2928	17170+1651	0	23825	1	21926at147550_9|scaffold261|+|959|1.003e-281|3|17170|18820|17170[17170]:17535[17535]:366[366]|17595[17595]:17966[17966]:372[372]|18017[18017]:18820[18820]:804[804]
2928	134502-1854	0	24565	-1	62667at147550_3|scaffold261|-|462|4.103e-132|1|132649|134502|134502[134502]:132649[132649]:1854[1854]
2928	98393-1524	0	27149	-1	50263at147550_9|scaffold261|-|758|3.223e-221|2|96870|98393|98393[98393]:97962[97962]:432[432]|97892[97886]:96870[96870]:1023[1017]
2928	36672+1164	0	27729	1	62373at147550_4|scaffold261|+|521|7.118e-150|4|36672|37835|36672[36672]:36857[36857]:186[186]|36924[36930]:36974[36974]:51[45]|37065[37065]:37187[37187]:123[123]|37266[37266]:37835[37835]:570[570]
2928	77581+1704	0	28083	1	42365at147550_4|scaffold261|+|606|1.84e-175|2|77581|79284|77581[77581]:77973[77973]:393[393]|78019[78028]:79284[79284]:1266[1257]
2928	158663+4063	0	29994	1	3727at147550_7|scaffold261|+|1850|0|5|158663|162725|158663[158663]:159529[159529]:867[867]|159578[159581]:159784[159784]:207[204]|159823[159835]:161082[161082]:1260[1248]|161275[161275]:161931[161931]:657[657]|161982[161982]:162725[162725]:744[744]
2928	42841+966	0	30290	1	47551at147550_7|scaffold261|+|277|2.012e-76|1|42841|43806|42841[42841]:43806[43806]:966[966]
2928	169999+2850	0	31224	1	11569at147550_7|scaffold261|+|1552|0|2|169999|172848|169999[169999]:170592[170592]:594[594]|170632[170644]:172848[172848]:2217[2205]
2928	69244-1818	0	33172	-1	31403at147550_4|scaffold261|-|807|5.725e-236|1|67427|69244|69244[69244]:67427[67427]:1818[1818]
2928	92098-1593	0	36686	-1	40951at147550|scaffold261|-|504|9.329e-145|1|90506|92098|92098[92098]:90506[90506]:1593[1593]
2928	76782-2396	0	36914	-1	13606at147550_9|scaffold261|-|1047|3.24e-308|2|74387|76782|76782[76782]:74866[74866]:1917[1917]|74836[74815]:74387[74387]:450[429]
2928	178379+1341	0	38615	1	50699at147550_2|scaffold261|+|710|9.071e-207|4|178379|179719|178379[178379]:178489[178489]:111[111]|178550[178562]:178762[178762]:213[201]|178839[178839]:179225[179225]:387[387]|179348[179348]:179719[179719]:372[372]
2928	128518-881	0	39921	-1	50699at147550_3|scaffold261|-|445|5.378e-127|2|127638|128518|128518[128518]:128156[128156]:363[363]|128078[128072]:127638[127638]:441[435]
2928	56942-1488	0	40437	-1	96484at147550_5|scaffold261|-|447|1.344e-127|1|55455|56942|56942[56942]:55455[55455]:1488[1488]
2928	65540-2025	0	40628	-1	68794at147550_8|scaffold261|-|522|3.559e-150|1|63516|65540|65540[65540]:63516[63516]:2025[2025]
8780	19222-1250	0	23208	-1	74486at147550_1|scaffold845|-|360|2.08e-101|4|17973|19222|19222[19222]:18866[18866]:357[357]|18765[18759]:18658[18658]:108[102]|18574[18574]:18224[18224]:351[351]|18173[18146]:17973[17973]:201[174]
8780	4191+500	0	34333	1	94519at147550_2|scaffold845|+|135|1.122e-33|2|4191|4690|4191[4191]:4388[4388]:198[198]|4466[4466]:4690[4690]:225[225]
20420	3162-303	0	22197	-1	97268at147550_3|scaffold93|-|38|0.0001778|1|2860|3162|3162[3162]:2860[2860]:303[303]
20421	76376+8683	0	2156	1	84016at147550_1|scaffold125|+|849|1.302e-248|5|76376|85058|76376[76376]:76921[76921]:546[546]|76959[76992]:77153[77153]:195[162]|83571[83571]:83783[83783]:213[213]|83800[83836]:83964[83964]:165[129]|84057[84057]:85058[85058]:1002[1002]
20421	122169+2865	0	2528	1	50370at147550_5|scaffold125|+|773|9.835e-226|2|122169|125033|122169[122169]:122435[122435]:267[267]|122529[122535]:125033[125033]:2505[2499]
20421	51575-679	0	2817	-1	78584at147550_0|scaffold125|-|174|2.041e-45|2|50897|51575|51575[51575]:51498[51498]:78[78]|51388[51364]:50897[50897]:492[468]
20421	132603-3200	0	6852	-1	34234at147550_8|scaffold125|-|1173|0|2|129404|132603|132603[132603]:129859[129859]:2745[2745]|129757[129757]:129404[129404]:354[354]
20421	126500+2383	0	7427	1	40656at147550_9|scaffold125|+|709|1.814e-206|4|126500|128882|126500[126500]:127597[127597]:1098[1098]|127660[127660]:127938[127938]:279[279]|128030[128069]:128224[128224]:195[156]|128610[128610]:128882[128882]:273[273]
20421	119930-4822	0	9530	-1	4752at147550_5|scaffold125|-|1492|0|2|115109|119930|119930[119930]:116922[116922]:3009[3009]|116830[116824]:115109[115109]:1722[1716]
20421	54119-945	0	10950	-1	85913at147550_7|scaffold125|-|477|1.252e-136|3|53175|54119|54119[54119]:54045[54045]:75[75]|53949[53946]:53431[53431]:519[516]|53372[53366]:53175[53175]:198[192]
20421	185533-990	0	10984	-1	65489at147550_5|scaffold125|-|507|1.166e-145|2|184544|185533|185533[185533]:185372[185372]:162[162]|185290[185284]:184544[184544]:747[741]
20421	99453-1749	0	11453	-1	4862at147550_3|scaffold125|-|542|3.394e-156|1|97705|99453|99453[99453]:97705[97705]:1749[1749]
20421	41658-1353	0	12519	-1	47721at147550_3|scaffold125|-|710|9.071e-207|1|40306|41658|41658[41658]:40306[40306]:1353[1353]
20421	79666+1770	0	15937	1	91971at147550_3|scaffold125|+|398|7.569e-113|1|79666|81435|79666[79666]:81435[81435]:1770[1770]
20421	28384+4557	0	15982	1	9431at147550_9|scaffold125|+|1235|0|1|28384|32940|28384[28384]:32940[32940]:4557[4557]
20421	27656-1944	0	17885	-1	28353at147550_7|scaffold125|-|896|9.249e-263|1|25713|27656|27656[27656]:25713[25713]:1944[1944]
20421	100658-3586	0	17983	-1	4862at147550_8|scaffold125|-|1336|0|6|97073|100658|100658[100658]:100524[100524]:135[135]|100488[100464]:100321[100321]:168[144]|100239[100239]:100093[100093]:147[147]|100054[100036]:99461[99461]:594[576]|99405[99402]:97750[97750]:1656[1653]|97693[97693]:97073[97073]:621[621]
20421	35076+3282	0	19484	1	9393at147550_6|scaffold125|+|1297|0|4|35076|38357|35076[35076]:35303[35303]:228[228]|35358[35358]:35756[35756]:399[399]|35810[35813]:38098[38098]:2289[2286]|38247[38247]:38357[38357]:111[111]
20421	145892+2340	0	19886	1	28798at147550_8|scaffold125|+|1077|3.018e-317|4|145892|148231|145892[145892]:146260[146260]:369[369]|146300[146321]:147139[147139]:840[819]|147210[147210]:148115[148115]:906[906]|148169[148169]:148231[148231]:63[63]
20421	153170-919	0	22792	-1	89954at147550_5|scaffold125|-|353|2.663e-99|2|152252|153170|153170[153170]:152388[152388]:783[783]|152335[152335]:152252[152252]:84[84]
20421	66009+5844	0	22851	1	6543at147550_4|scaffold125|+|1580|0|2|66009|71852|66009[66009]:69665[69665]:3657[3657]|69816[69816]:71852[71852]:2037[2037]
20421	108355+1443	0	24601	1	79430at147550_6|scaffold125|+|471|8.014e-135|1|108355|109797|108355[108355]:109797[109797]:1443[1443]
20421	148762+1364	0	27263	1	65277at147550_3|scaffold125|+|502|3.732e-144|4|148762|150125|148762[148762]:148809[148809]:48[48]|149118[149118]:149207[149207]:90[90]|149322[149322]:149957[149957]:636[636]|150063[150063]:150125[150125]:63[63]
20421	102538-1076	0	28668	-1	67328at147550_6|scaffold125|-|546|2.121e-157|2|101463|102538|102538[102538]:101603[101603]:936[936]|101528[101528]:101463[101463]:66[66]
20421	107413-653	0	29248	-1	86788at147550_9|scaffold125|-|377|1.587e-106|2|106761|107413|107413[107413]:107309[107309]:105[105]|107204[107204]:106761[106761]:444[444]
20421	75104-1181	0	29462	-1	53941at147550_3|scaffold125|-|592|3.014e-171|3|73924|75104|75104[75104]:75000[75000]:105[105]|74904[74904]:74056[74056]:849[849]|73989[73989]:73924[73924]:66[66]
20421	181451+995	0	29812	1	94125at147550_4|scaffold125|+|348|8.522e-98|3|181451|182445|181451[181451]:181528[181528]:78[78]|181619[181619]:182128[182128]:510[510]|182173[182188]:182445[182445]:273[258]
20421	199005+2468	0	31191	1	20577at147550_6|scaffold125|+|942|1.314e-276|4|199005|201472|199005[199005]:199136[199136]:132[132]|199340[199340]:199423[199423]:84[84]|199474[199507]:199680[199680]:207[174]|200126[200126]:201472[201472]:1347[1347]
20421	54832+1221	0	33114	1	47065at147550_1|scaffold125|+|631|5.483e-183|1|54832|56052|54832[54832]:56052[56052]:1221[1221]
20421	34423-1018	0	33446	-1	67149at147550_7|scaffold125|-|518|5.694e-149|2|33406|34423|34423[34423]:33935[33935]:489[489]|33819[33819]:33406[33406]:414[414]
20421	178650-1268	0	33940	-1	97405at147550_0|scaffold125|-|295|7.676e-82|2|177383|178650|178650[178650]:178309[178309]:342[342]|178243[178240]:177383[177383]:861[858]
20421	78839-1064	0	35737	-1	77875at147550_5|scaffold125|-|476|2.504e-136|3|77776|78839|78839[78839]:78462[78462]:378[378]|78407[78401]:78153[78153]:255[249]|78120[78120]:77776[77776]:345[345]
20421	62463+1845	0	36185	1	63088at147550_6|scaffold125|+|781|3.842e-228|4|62463|64307|62463[62463]:62543[62543]:81[81]|62617[62626]:62688[62688]:72[63]|62750[62750]:62968[62968]:219[219]|63030[63030]:64307[64307]:1278[1278]
20421	57514+3478	0	36884	1	35671at147550_7|scaffold125|+|1158|0|2|57514|60991|57514[57514]:58152[58152]:639[639]|58304[58316]:60991[60991]:2688[2676]
20421	190096-597	0	41083	-1	70861at147550_0|scaffold125|-|48|1.736e-07|1|189500|190096|190096[190096]:189500[189500]:597[597]
20422	48746-949	0	24995	-1	96807at147550_4|scaffold157|-|255|8.44e-70|3|47798|48746|48746[48746]:48408[48408]:339[339]|48224[48200]:48045[48045]:180[156]|47872[47872]:47798[47798]:75[75]
20422	44326-594	0	29373	-1	91484at147550_3|scaffold157|-|253|3.376e-69|1|43733|44326|44326[44326]:43733[43733]:594[594]
20422	41774-2585	0	34386	-1	11154at147550_2|scaffold157|-|980|4.782e-288|2|39190|41774|41774[41774]:39678[39678]:2097[2097]|39621[39621]:39190[39190]:432[432]
20423	30256-1569	0	757	-1	37480at147550_0|scaffold189|-|866|9.931e-254|4|28688|30256|30256[30256]:30071[30071]:186[186]|30009[30006]:29821[29821]:189[186]|29732[29732]:29226[29226]:507[507]|29161[29161]:28688[28688]:474[474]
20423	92376-1970	0	2371	-1	24060at147550_3|scaffold189|-|852|1.627e-249|2|90407|92376|92376[92376]:91975[91975]:402[402]|91942[91909]:90407[90407]:1536[1503]
20423	48804-387	0	3441	-1	103405at147550_0|scaffold189|-|183|3.985e-48|2|48418|48804|48804[48804]:48604[48604]:201[201]|48528[48528]:48418[48418]:111[111]
20423	75548+3318	0	10712	1	12110at147550_7|scaffold189|+|1034|2.654e-304|1|75548|78865|75548[75548]:78865[78865]:3318[3318]
20423	68277-2265	0	11304	-1	38879at147550_3|scaffold189|-|532|3.475e-153|1|66013|68277|68277[68277]:66013[66013]:2265[2265]
20423	59752+2343	0	11585	1	41257at147550_9|scaffold189|+|878|2.425e-257|1|59752|62094|59752[59752]:62094[62094]:2343[2343]
20423	81500+2158	0	12032	1	42808at147550_6|scaffold189|+|580|1.235e-167|2|81500|83657|81500[81500]:82105[82105]:606[606]|82161[82161]:83657[83657]:1497[1497]
20423	15873+1043	0	17942	1	85406at147550_6|scaffold189|+|269|5.151e-74|4|15873|16915|15873[15873]:15923[15923]:51[51]|16098[16098]:16223[16223]:126[126]|16300[16303]:16422[16422]:123[120]|16562[16568]:16915[16915]:354[348]
20423	43550-759	0	21527	-1	74864at147550_7|scaffold189|-|348|8.522e-98|1|42792|43550|43550[43550]:42792[42792]:759[759]
20423	49876+2422	0	38528	1	9784at147550_6|scaffold189|+|1393|0|3|49876|52297|49876[49876]:50124[50124]:249[249]|50187[50187]:51824[51824]:1638[1638]|51875[51875]:52297[52297]:423[423]
20423	20058-2686	0	40878	-1	17186at147550_7|scaffold189|-|690|9.512e-201|3|17373|20058|20058[20058]:19894[19894]:165[165]|19798[19792]:18395[18395]:1404[1398]|18338[18335]:17373[17373]:966[963]
20423	74740-2193	0	41251	-1	51521at147550_5|scaffold189|-|573|1.58e-165|2|72548|74740|74740[74740]:74279[74279]:462[462]|74023[74023]:72548[72548]:1476[1476]
20424	81498+810	0	3131	1	76593at147550_5|scaffold221|+|462|4.103e-132|1|81498|82307|81498[81498]:82307[82307]:810[810]
20424	10872+1368	0	13594	1	34675at147550_3|scaffold221|+|436|2.754e-124|1|10872|12239|10872[10872]:12239[12239]:1368[1368]
20424	81037-826	0	18659	-1	89288at147550_3|scaffold221|-|310|2.342e-86|2|80212|81037|81037[81037]:80963[80963]:75[75]|80868[80862]:80212[80212]:657[651]
20424	85683-1765	0	30266	-1	62512at147550_4|scaffold221|-|543|1.697e-156|4|83919|85683|85683[85683]:85465[85465]:219[219]|85112[85112]:84969[84969]:144[144]|84891[84891]:84625[84625]:267[267]|84578[84551]:83919[83919]:660[633]
20426	31917+1054	0	18655	1	34712at147550_5|scaffold285|+|197|2.433e-52|3|31917|32970|31917[31917]:32039[32039]:123[123]|32117[32117]:32458[32458]:342[342]|32575[32575]:32970[32970]:396[396]
20426	29241-1095	0	20621	-1	106777at147550_8|scaffold285|-|310|2.342e-86|2|28147|29241|29241[29241]:28957[28957]:285[285]|28875[28860]:28147[28147]:729[714]
20426	29560+1004	0	22429	1	69609at147550_6|scaffold285|+|453|2.101e-129|3|29560|30563|29560[29560]:29889[29889]:330[330]|30002[30005]:30202[30202]:201[198]|30288[30291]:30563[30563]:276[273]
20426	5451+2617	0	29010	1	22564at147550_9|scaffold285|+|1122|0|4|5451|8067|5451[5451]:5609[5609]:159[159]|5701[5728]:7293[7293]:1593[1566]|7368[7371]:7457[7457]:90[87]|7714[7750]:8067[8067]:354[318]
10950	45107+493	0	664	1	98201at147550_0|scaffold304|+|194|1.946e-51|2|45107|45599|45107[45107]:45427[45427]:321[321]|45516[45516]:45599[45599]:84[84]
10950	57264-2472	0	13044	-1	32913at147550_4|scaffold304|-|426|2.82e-121|1|54793|57264|57264[57264]:54793[54793]:2472[2472]
10950	61678+1470	0	13754	1	56531at147550_5|scaffold304|+|596|1.884e-172|1|61678|63147|61678[61678]:63147[63147]:1470[1470]
10950	15161+1440	0	18680	1	37364at147550_8|scaffold304|+|343|2.727e-96|1|15161|16600|15161[15161]:16600[16600]:1440[1440]
10950	64586+2420	0	18821	1	20972at147550_3|scaffold304|+|1094|2.32211e-322|2|64586|67005|64586[64586]:64741[64741]:156[156]|64843[64846]:67005[67005]:2163[2160]
10950	39227+982	0	31033	1	75416at147550_8|scaffold304|+|260|2.637e-71|2|39227|40208|39227[39227]:39547[39547]:321[321]|39756[39756]:40208[40208]:453[453]
10950	46872-1159	0	31904	-1	54424at147550_9|scaffold304|-|564|8.092e-163|2|45714|46872|46872[46872]:46630[46630]:243[243]|46562[46562]:45714[45714]:849[849]
10950	36141+1698	0	33040	1	48384at147550_7|scaffold304|+|527|1.112e-151|1|36141|37838|36141[36141]:37838[37838]:1698[1698]
10950	11705-4818	0	33047	-1	5640at147550_1|scaffold304|-|1491|0|1|6888|11705|11705[11705]:6888[6888]:4818[4818]
10951	10619-816	0	8488	-1	51598at147550_9|scaffold336|-|166|5.224e-43|1|9804|10619|10619[10619]:9804[9804]:816[816]
10952	69017-1356	0	2744	-1	63834at147550_7|scaffold368|-|614|7.187e-178|2|67662|69017|69017[69017]:68901[68901]:117[117]|68720[68720]:67662[67662]:1059[1059]
10952	48718-1308	0	6633	-1	42620at147550|scaffold368|-|788|3.001e-230|3|47411|48718|48718[48718]:48623[48623]:96[96]|48569[48557]:47517[47517]:1053[1041]|47467[47467]:47411[47411]:57[57]
10952	90796-984	0	10868	-1	84241at147550_0|scaffold368|-|332|5.585e-93|2|89813|90796|90796[90796]:90620[90620]:177[177]|90343[90343]:89813[89813]:531[531]
10952	65437+1278	0	21616	1	69340at147550_7|scaffold368|+|401|9.461e-114|2|65437|66714|65437[65437]:65895[65895]:459[459]|65998[65998]:66714[66714]:717[717]
10952	58400+1876	0	21843	1	36638at147550_1|scaffold368|+|814|4.472e-238|5|58400|60275|58400[58400]:58807[58807]:408[408]|58887[58890]:59177[59177]:291[288]|59222[59237]:59434[59434]:213[198]|59499[59499]:60140[60140]:642[642]|60192[60195]:60275[60275]:84[81]
10952	39467-6076	0	25288	-1	1123at147550_5|scaffold368|-|2282|0|5|33392|39467|39467[39467]:39075[39075]:393[393]|38959[38959]:38909[38909]:51[51]|38840[38840]:38016[38016]:825[825]|37523[37523]:34680[34680]:2844[2844]|34648[34639]:33392[33392]:1257[1248]
10952	14114+1480	0	35869	1	43375at147550_6|scaffold368|+|691|4.756e-201|2|14114|15593|14114[14114]:14518[14518]:405[405]|14601[14604]:15593[15593]:993[990]
10952	64621-2902	0	40472	-1	82552at147550_9|scaffold368|-|328|8.936e-92|3|61720|64621|64621[64621]:64349[64349]:273[273]|64271[64268]:64161[64161]:111[108]|62934[62934]:61720[61720]:1215[1215]
10952	7088+1521	0	40624	1	14089at147550_0|scaffold368|+|123|4.595e-30|1|7088|8608|7088[7088]:8608[8608]:1521[1521]
10953	17592+2031	0	3339	1	26259at147550_7|scaffold400|+|710|9.071e-207|3|17592|19622|17592[17592]:18155[18155]:564[564]|18193[18211]:18663[18663]:471[453]|18705[18705]:19622[19622]:918[918]
10953	2272-1960	0	27660	-1	25065at147550_4|scaffold400|-|983|5.977e-289|2|313|2272|2272[2272]:2192[2192]:81[81]|2031[2028]:313[313]:1719[1716]
10953	24308+1568	0	30733	1	25719at147550_0|scaffold400|+|299|4.797e-83|2|24308|25875|24308[24308]:24583[24583]:276[276]|24637[24640]:25875[25875]:1239[1236]
10953	51136+2251	0	30932	1	20092at147550_1|scaffold400|+|893|7.399e-262|2|51136|53386|51136[51136]:52149[52149]:1014[1014]|52214[52214]:53386[53386]:1173[1173]
10955	57276+1454	0	22229	1	69481at147550|scaffold464|+|493|1.911e-141|2|57276|58729|57276[57276]:57368[57368]:93[93]|57449[57449]:58729[58729]:1281[1281]
10955	60906-1608	0	29728	-1	76680at147550_9|scaffold464|-|485|4.891e-139|1|59299|60906|60906[60906]:59299[59299]:1608[1608]
10955	65138-2685	0	34799	-1	9859at147550_2|scaffold464|-|1353|0|1|62454|65138|65138[65138]:62454[62454]:2685[2685]
10955	23283+4771	0	36279	1	2046at147550_7|scaffold464|+|2229|0|4|23283|28053|23283[23283]:23804[23804]:522[522]|23875[23881]:25074[25074]:1200[1194]|25100[25100]:27076[27076]:1977[1977]|27115[27127]:28053[28053]:939[927]
10955	8761+2342	0	37369	1	20901at147550_0|scaffold464|+|1037|3.318e-305|4|8761|11102|8761[8761]:8931[8931]:171[171]|9421[9421]:9603[9603]:183[183]|9706[9706]:9849[9849]:144[144]|9915[9915]:11102[11102]:1188[1188]
10955	44167+1229	0	39885	1	83454at147550_7|scaffold464|+|387|1.55e-109|5|44167|45395|44167[44167]:44232[44232]:66[66]|44397[44397]:44870[44870]:474[474]|45024[45024]:45095[45095]:72[72]|45147[45159]:45230[45230]:84[72]|45294[45294]:45395[45395]:102[102]
7300	15513-1707	0	30642	-1	23927at147550_6|scaffold139|-|249|5.401e-68|1|13807|15513|15513[15513]:13807[13807]:1707[1707]
7300	4696-750	0	32985	-1	101153at147550_4|scaffold139|-|239|5.531e-65|2|3947|4696|4696[4696]:4322[4322]:375[375]|4225[4225]:3947[3947]:279[279]
7302	70141+3318	0	692	1	10458at147550_3|scaffold203|+|1136|0|1|70141|73458|70141[70141]:73458[73458]:3318[3318]
7302	44639-777	0	3278	-1	99290at147550_4|scaffold203|-|192|7.784e-51|1|43863|44639|44639[44639]:43863[43863]:777[777]
7302	90886+703	0	9918	1	107841at147550_4|scaffold203|+|129|7.18e-32|2|90886|91588|90886[90886]:90945[90945]:60[60]|91100[91100]:91588[91588]:489[489]
7302	77952-532	0	10772	-1	93917at147550_5|scaffold203|-|255|8.44e-70|2|77421|77952|77952[77952]:77773[77773]:180[180]|77663[77660]:77421[77421]:243[240]
7302	51853-1210	0	11495	-1	54331at147550_3|scaffold203|-|639|2.142e-185|3|50644|51853|51853[51853]:51800[51800]:54[54]|51677[51671]:50853[50853]:825[819]|50775[50775]:50644[50644]:132[132]
7302	18404-516	0	12152	-1	81092at147550_7|scaffold203|-|40|4.444e-05|1|17889|18404|18404[18404]:17889[17889]:516[516]
7302	53203+3095	0	13499	1	7077at147550_4|scaffold203|+|1603|0|3|53203|56297|53203[53203]:53325[53325]:123[123]|53604[53604]:56132[56132]:2529[2529]|56184[56193]:56297[56297]:114[105]
7302	46368+3207	0	14758	1	5968at147550_7|scaffold203|+|1743|0|2|46368|49574|46368[46368]:46532[46532]:165[165]|46608[46608]:49574[49574]:2967[2967]
7302	76568-1305	0	20599	-1	57121at147550_5|scaffold203|-|532|3.475e-153|2|75264|76568|76568[76568]:76197[76197]:372[372]|76076[76070]:75264[75264]:813[807]
7302	93434-1083	0	27653	-1	68421at147550_0|scaffold203|-|548|5.303e-158|1|92352|93434|93434[93434]:92352[92352]:1083[1083]
7302	9664+1219	0	28104	1	58025at147550_4|scaffold203|+|621|5.615e-180|3|9664|10882|9664[9664]:10089[10089]:426[426]|10167[10176]:10487[10487]:321[312]|10544[10562]:10882[10882]:339[321]
7302	79091+1986	0	35982	1	49684at147550_8|scaffold203|+|686|1.522e-199|2|79091|81076|79091[79091]:80944[80944]:1854[1854]|81020[81020]:81076[81076]:57[57]
7302	87949+1428	0	36578	1	41876at147550|scaffold203|+|766|1.259e-223|3|87949|89376|87949[87949]:88230[88230]:282[282]|88346[88346]:88885[88885]:540[540]|88960[88963]:89376[89376]:417[414]
7302	8894-1356	0	36984	-1	90998at147550_2|scaffold203|-|359|4.161e-101|1|7539|8894|8894[8894]:7539[7539]:1356[1356]
7302	3977+2608	0	38339	1	26191at147550_7|scaffold203|+|868|2.483e-254|2|3977|6584|3977[3977]:4117[4117]:141[141]|4224[4245]:6584[6584]:2361[2340]
7304	29853-775	0	10	-1	107520at147550|scaffold267|-|88|1.579e-19|3|29079|29853|29853[29853]:29791[29791]:63[63]|29722[29719]:29675[29675]:48[45]|29132[29132]:29079[29079]:54[54]
7304	10570-1068	0	4339	-1	99020at147550_7|scaffold267|-|301|1.199e-83|1|9503|10570|10570[10570]:9503[9503]:1068[1068]
7304	67653-1983	0	7641	-1	26962at147550_5|scaffold267|-|958|2.006e-281|1|65671|67653|67653[67653]:65671[65671]:1983[1983]
7304	101672-1140	0	18877	-1	75263at147550_5|scaffold267|-|268|1.03e-73|1|100533|101672|101672[101672]:100533[100533]:1140[1140]
7304	26706-976	0	20755	-1	93683at147550_2|scaffold267|-|301|1.199e-83|2|25731|26706|26706[26706]:26149[26149]:558[558]|26087[26087]:25731[25731]:357[357]
7304	96846-528	0	20771	-1	104971at147550_4|scaffold267|-|202|7.602e-54|2|96319|96846|96846[96846]:96694[96694]:153[153]|96552[96552]:96319[96319]:234[234]
7304	48072-2946	0	26317	-1	7820at147550_7|scaffold267|-|1651|0|4|45127|48072|48072[48072]:47830[47830]:243[243]|47746[47746]:45446[45446]:2301[2301]|45399[45393]:45226[45226]:174[168]|45171[45171]:45127[45127]:45[45]
7304	16265-2098	0	26727	-1	76799at147550_9|scaffold267|-|740|8.448e-216|2|14168|16265|16265[16265]:15756[15756]:510[510]|15703[15691]:14168[14168]:1536[1524]
7304	102287+4154	0	27106	1	9364at147550_7|scaffold267|+|1552|0|2|102287|106440|102287[102287]:102463[102463]:177[177]|102526[102535]:106440[106440]:3915[3906]
7304	107975-1085	0	31961	-1	72577at147550_7|scaffold267|-|407|1.478e-115|2|106891|107975|107975[107975]:107604[107604]:372[372]|107538[107535]:106891[106891]:648[645]
7304	61597+3725	0	32092	1	4870at147550_4|scaffold267|+|1905|0|6|61597|65321|61597[61597]:61719[61719]:123[123]|62024[62024]:62140[62140]:117[117]|62200[62200]:62295[62295]:96[96]|62454[62454]:63596[63596]:1143[1143]|63662[63665]:64909[64909]:1248[1245]|64959[64959]:65321[65321]:363[363]
7304	20371-852	0	32795	-1	89856at147550_8|scaffold267|-|136|5.609e-34|1|19520|20371|20371[20371]:19520[19520]:852[852]
7304	31700+6320	0	33736	1	29590at147550_9|scaffold267|+|1966|0|4|31700|38019|31700[31700]:31819[31819]:120[120]|31907[31907]:33562[33562]:1656[1656]|34656[34656]:37637[37637]:2982[2982]|37705[37705]:38019[38019]:315[315]
7304	80340+2232	0	36292	1	10629at147550_8|scaffold267|+|1157|0|1|80340|82571|80340[80340]:82571[82571]:2232[2232]
7304	84437+2194	0	36490	1	15291at147550_3|scaffold267|+|1167|0|4|84437|86630|84437[84437]:84637[84637]:201[201]|84729[84729]:85328[85328]:600[600]|85398[85398]:85649[85649]:252[252]|85713[85713]:86630[86630]:918[918]
7304	35166+2854	0	37576	1	9683at147550_6|scaffold267|+|1243|0|2|35166|38019|35166[35166]:37637[37637]:2472[2472]|37705[37705]:38019[38019]:315[315]
7304	58145+1726	0	39473	1	23548at147550_7|scaffold267|+|842|1.666e-246|3|58145|59870|58145[58145]:58621[58621]:477[477]|58690[58696]:59703[59703]:1014[1008]|59766[59769]:59870[59870]:105[102]
7305	119026-1152	0	4886	-1	27007at147550_4|scaffold299|-|166|5.224e-43|1|117875|119026|119026[119026]:117875[117875]:1152[1152]
7305	152345+459	0	11622	1	98392at147550_3|scaffold299|+|225|9.062e-61|1|152345|152803|152345[152345]:152803[152803]:459[459]
7305	35033-897	0	11677	-1	71659at147550_6|scaffold299|-|192|7.784e-51|1|34137|35033|35033[35033]:34137[34137]:897[897]
7305	55924-861	0	15065	-1	93741at147550_6|scaffold299|-|294|1.535e-81|3|55064|55924|55924[55924]:55880[55880]:45[45]|55716[55710]:55516[55516]:201[195]|55372[55363]:55064[55064]:309[300]
7305	58124+4310	0	17151	1	7638at147550_2|scaffold299|+|1651|0|4|58124|62433|58124[58124]:58216[58216]:93[93]|58375[58381]:60903[60903]:2529[2523]|61398[61398]:61625[61625]:228[228]|61756[61771]:62433[62433]:678[663]
7305	56513+959	0	19165	1	105653at147550_6|scaffold299|+|236|4.425e-64|2|56513|57471|56513[56513]:56590[56590]:78[78]|56644[56647]:57471[57471]:828[825]
7305	35897+1530	0	19819	1	82784at147550_8|scaffold299|+|439|3.442e-125|3|35897|37426|35897[35897]:36481[36481]:585[585]|36550[36550]:37026[37026]:477[477]|37196[37196]:37426[37426]:231[231]
7305	50012+1383	0	22852	1	59910at147550_6|scaffold299|+|618|4.492e-179|2|50012|51394|50012[50012]:50182[50182]:171[171]|50249[50252]:51394[51394]:1146[1143]
7305	40870-1907	0	26008	-1	29893at147550_9|scaffold299|-|913|7.056e-268|3|38964|40870|40870[40870]:40055[40055]:816[816]|39774[39774]:39463[39463]:312[312]|39398[39398]:38964[38964]:435[435]
7305	79681-1350	0	26782	-1	73547at147550_4|scaffold299|-|457|1.313e-130|1|78332|79681|79681[79681]:78332[78332]:1350[1350]
7305	179613+1181	0	28581	1	46785at147550_8|scaffold299|+|311|1.171e-86|2|179613|180793|179613[179613]:179861[179861]:249[249]|179939[179939]:180793[180793]:855[855]
7305	69333+1222	0	30582	1	47270at147550_6|scaffold299|+|186|4.982e-49|2|69333|70554|69333[69333]:69428[69428]:96[96]|69484[69487]:70554[70554]:1071[1068]
7305	71619-579	0	33651	-1	84582at147550_2|scaffold299|-|42|1.111e-05|1|71041|71619|71619[71619]:71041[71041]:579[579]
7305	133651-837	0	34279	-1	35576at147550_1|scaffold299|-|156|5.349e-40|1|132815|133651|133651[133651]:132815[132815]:837[837]
7305	135643+1274	0	35880	1	74291at147550_2|scaffold299|+|279|5.03e-77|2|135643|136916|135643[135643]:136125[136125]:483[483]|136380[136380]:136916[136916]:537[537]
7305	64681-755	0	40430	-1	99995at147550_1|scaffold299|-|288|9.825e-80|2|63927|64681|64681[64681]:64325[64325]:357[357]|64211[64199]:63927[63927]:285[273]
7294	74+327	0	25005	1	86344at147550_4|C186608|+|48|1.736e-07|1|74|400|74[74]:400[400]:327[327]
7298	14920-1175	0	4916	-1	85525at147550_4|scaffold75|-|281|1.258e-77|2|13746|14920|14920[14920]:14870[14870]:51[51]|14762[14750]:13746[13746]:1017[1005]
7298	3401-3139	0	27426	-1	11746at147550_7|scaffold75|-|1258|0|2|263|3401|3401[3401]:420[420]:2982[2982]|361[358]:263[263]:99[96]
7299	243762+1790	0	327	1	48929at147550_5|scaffold107|+|718|3.543e-209|2|243762|245551|243762[243762]:244259[244259]:498[498]|244406[244406]:245551[245551]:1146[1146]
7299	89055-697	0	969	-1	89039at147550_5|scaffold107|-|295|7.676e-82|2|88359|89055|89055[89055]:88588[88588]:468[468]|88508[88508]:88359[88359]:150[150]
7299	45762-707	0	1006	-1	91908at147550_6|scaffold107|-|319|4.575e-89|2|45056|45762|45762[45762]:45565[45565]:198[198]|45475[45472]:45056[45056]:420[417]
7299	300777-1291	0	2099	-1	83505at147550_2|scaffold107|-|403|2.365e-114|2|299487|300777|300777[300777]:300559[300559]:219[219]|300512[300485]:299487[299487]:1026[999]
7299	96483-2371	0	3554	-1	14375at147550_7|scaffold107|-|1300|0|4|94113|96483|96483[96483]:96232[96232]:252[252]|96158[96158]:96084[96084]:75[75]|96022[96022]:95657[95657]:366[366]|95597[95597]:94113[94113]:1485[1485]
7299	35462+1393	0	3590	1	76102at147550_3|scaffold107|+|511|7.289e-147|2|35462|36854|35462[35462]:35614[35614]:153[153]|35652[35676]:36854[36854]:1203[1179]
7299	9363+2244	0	3679	1	16997at147550_8|scaffold107|+|1162|0|1|9363|11606|9363[9363]:11606[11606]:2244[2244]
7299	288663-1694	0	3748	-1	30768at147550_2|scaffold107|-|492|3.821e-141|2|286970|288663|288663[288663]:287827[287827]:837[837]|287725[287725]:286970[286970]:756[756]
7299	184780-1511	0	4188	-1	54959at147550_4|scaffold107|-|641|5.355e-186|2|183270|184780|184780[184780]:184700[184700]:81[81]|184625[184625]:183270[183270]:1356[1356]
7299	209666-2958	0	4471	-1	11744at147550_4|scaffold107|-|545|4.242e-157|5|206709|209666|209666[209666]:209511[209511]:156[156]|209408[209399]:209220[209220]:189[180]|209098[209095]:208832[208832]:267[264]|208770[208770]:208609[208609]:162[162]|208193[208193]:206709[206709]:1485[1485]
7299	133431+1805	0	5457	1	42796at147550_5|scaffold107|+|810|7.156e-237|3|133431|135235|133431[133431]:133628[133628]:198[198]|133688[133691]:134107[134107]:420[417]|134168[134168]:135235[135235]:1068[1068]
7299	295386+3284	0	5886	1	13912at147550_8|scaffold107|+|1513|0|4|295386|298669|295386[295386]:295724[295724]:339[339]|295801[295801]:296655[296655]:855[855]|296726[296729]:296974[296974]:249[246]|297059[297059]:298669[298669]:1611[1611]
7299	73968+1086	0	5910	1	60159at147550_3|scaffold107|+|351|1.065e-98|1|73968|75053|73968[73968]:75053[75053]:1086[1086]
7299	87019+459	0	6382	1	98093at147550_7|scaffold107|+|218|1.16e-58|1|87019|87477|87019[87019]:87477[87477]:459[459]
7299	34512-495	0	7808	-1	86390at147550_6|scaffold107|-|109|7.528e-26|2|34018|34512|34512[34512]:34357[34357]:156[156]|34314[34287]:34018[34018]:297[270]
7299	266338-1104	0	10172	-1	78948at147550_8|scaffold107|-|408|7.391e-116|3|265235|266338|266338[266338]:266174[266174]:165[165]|266064[266064]:265762[265762]:303[303]|265693[265690]:265235[265235]:459[456]
7299	160328-788	0	11391	-1	79456at147550_5|scaffold107|-|348|8.522e-98|2|159541|160328|160328[160328]:160008[160008]:321[321]|159924[159924]:159541[159541]:384[384]
7299	200244+514	0	12276	1	108638at147550_8|scaffold107|+|146|5.478e-37|3|200244|200757|200244[200244]:200315[200315]:72[72]|200406[200406]:200474[200474]:69[69]|200608[200608]:200757[200757]:150[150]
7299	302114+2206	0	13688	1	35206at147550_5|scaffold107|+|831|3.412e-243|3|302114|304319|302114[302114]:303268[303268]:1155[1155]|303320[303320]:303421[303421]:102[102]|303453[303477]:304319[304319]:867[843]
7299	258545+5553	0	13798	1	3882at147550_7|scaffold107|+|2110|0|3|258545|264097|258545[258545]:261817[261817]:3273[3273]|261885[261885]:262172[262172]:288[288]|262226[262229]:264097[264097]:1872[1869]
7299	219669-1291	0	16038	-1	89445at147550_3|scaffold107|-|425|5.639e-121|3|218379|219669|219669[219669]:219253[219253]:417[417]|219196[219196]:218636[218636]:561[561]|218591[218576]:218379[218379]:213[198]
7299	56738-3001	0	17474	-1	10647at147550_0|scaffold107|-|1462|0|2|53738|56738|56738[56738]:56436[56436]:303[303]|56392[56371]:53738[53738]:2655[2634]
7299	334991+711	0	18442	1	97913at147550_3|scaffold107|+|280|2.515e-77|1|334991|335701|334991[334991]:335701[335701]:711[711]
7299	157665-2493	0	18571	-1	7683at147550_9|scaffold107|-|1508|0|1|155173|157665|157665[157665]:155173[155173]:2493[2493]
7299	140771+2967	0	18812	1	9232at147550_5|scaffold107|+|1481|0|1|140771|143737|140771[140771]:143737[143737]:2967[2967]
7299	231010-1302	0	19404	-1	56970at147550_2|scaffold107|-|550|1.326e-158|1|229709|231010|231010[231010]:229709[229709]:1302[1302]
7299	19354+1368	0	21160	1	78509at147550_5|scaffold107|+|538|5.43e-155|1|19354|20721|19354[19354]:20721[20721]:1368[1368]
7299	5766+1488	0	21241	1	17524at147550_5|scaffold107|+|253|3.376e-69|2|5766|7253|5766[5766]:6122[6122]:357[357]|6171[6180]:7253[7253]:1083[1074]
7299	172452-1988	0	22735	-1	61639at147550_8|scaffold107|-|566|2.023e-163|3|170465|172452|172452[172452]:172174[172174]:279[279]|172094[172094]:171474[171474]:621[621]|171394[171394]:170465[170465]:930[930]
7299	42165-4694	0	22989	-1	17047at147550_6|scaffold107|-|1343|0|7|37472|42165|42165[42165]:41977[41977]:189[189]|41919[41919]:41791[41791]:129[129]|41715[41715]:41557[41557]:159[159]|41531[41501]:41388[41388]:144[114]|41264[41264]:40983[40983]:282[282]|40925[40922]:40602[40602]:324[321]|39352[39352]:37472[37472]:1881[1881]
7299	48248+3514	0	23216	1	64809at147550_7|scaffold107|+|605|3.68e-175|2|48248|51761|48248[48248]:48676[48676]:429[429]|48777[48777]:51761[51761]:2985[2985]
7299	73554-1565	0	24167	-1	91893at147550_5|scaffold107|-|372|5.079e-105|6|71990|73554|73554[73554]:73498[73498]:57[57]|73448[73445]:73392[73392]:57[54]|73337[73334]:73122[73122]:216[213]|73053[73053]:72985[72985]:69[69]|72928[72925]:72206[72206]:723[720]|72148[72148]:71990[71990]:159[159]
7299	347379+5656	0	24214	1	3470at147550_7|scaffold107|+|2043|0|2|347379|353034|347379[347379]:349463[349463]:2085[2085]|349516[349519]:353034[353034]:3519[3516]
7299	339061+1458	0	24273	1	71310at147550_2|scaffold107|+|536|2.172e-154|3|339061|340518|339061[339061]:339282[339282]:222[222]|339323[339338]:339541[339541]:219[204]|339574[339598]:340518[340518]:945[921]
7299	203749+2330	0	24519	1	19227at147550_2|scaffold107|+|952|1.284e-279|3|203749|206078|203749[203749]:204009[204009]:261[261]|204026[204068]:205621[205621]:1596[1554]|205752[205752]:206078[206078]:327[327]
7299	42141-1699	0	25168	-1	62040at147550_6|scaffold107|-|761|4.028e-222|6|40443|42141|42141[42141]:41977[41977]:165[165]|41919[41919]:41791[41791]:129[129]|41715[41715]:41557[41557]:159[159]|41531[41501]:41388[41388]:144[114]|41258[41258]:40983[40983]:276[276]|40925[40922]:40443[40443]:483[480]
7299	31790+862	0	25984	1	70711at147550_6|scaffold107|+|368|8.127e-104|2|31790|32651|31790[31790]:32200[32200]:411[411]|32259[32259]:32651[32651]:393[393]
7299	316207+1197	0	27437	1	71395at147550|scaffold107|+|559|2.589e-161|2|316207|317403|316207[316207]:316545[316545]:339[339]|316735[316735]:317403[317403]:669[669]
7299	81399-2177	0	27464	-1	8913at147550|scaffold107|-|598|4.71e-173|2|79223|81399|81399[81399]:80293[80293]:1107[1107]|80236[80236]:79223[79223]:1014[1014]
7299	166054-5033	0	27666	-1	1948at147550_1|scaffold107|-|2042|0|5|161022|166054|166054[166054]:163031[163031]:3024[3024]|163004[162974]:162723[162723]:282[252]|162703[162661]:161960[161960]:744[702]|161805[161805]:161263[161263]:543[543]|161204[161204]:161022[161022]:183[183]
7299	158259+1046	0	29878	1	79460at147550_1|scaffold107|+|357|1.664e-100|3|158259|159304|158259[158259]:158360[158360]:102[102]|158504[158504]:158878[158878]:375[375]|159104[159104]:159304[159304]:201[201]
7299	195787+1337	0	33686	1	51163at147550_8|scaffold107|+|662|2.553e-192|3|195787|197123|195787[195787]:196026[196026]:240[240]|196098[196098]:196328[196328]:231[231]|196407[196407]:197123[197123]:717[717]
7299	185839+1239	0	34322	1	68201at147550_7|scaffold107|+|581|6.174e-168|1|185839|187077|185839[185839]:187077[187077]:1239[1239]
7299	61897-759	0	34957	-1	84582at147550_3|scaffold107|-|362|5.201e-102|1|61139|61897|61897[61897]:61139[61139]:759[759]
7299	357839+1133	0	35108	1	52386at147550_7|scaffold107|+|639|2.142e-185|2|357839|358971|357839[357839]:358075[358075]:237[237]|358129[358135]:358971[358971]:843[837]
7299	188152+912	0	35516	1	100431at147550_6|scaffold107|+|279|5.03e-77|1|188152|189063|188152[188152]:189063[189063]:912[912]
7299	132689-2082	0	35815	-1	89402at147550_8|scaffold107|-|601|5.888e-174|1|130608|132689|132689[132689]:130608[130608]:2082[2082]
7299	320297-2205	0	36147	-1	79293at147550_7|scaffold107|-|490|1.529e-140|1|318093|320297|320297[320297]:318093[318093]:2205[2205]
7299	42801+1268	0	36444	1	90679at147550_3|scaffold107|+|297|1.919e-82|3|42801|44068|42801[42801]:42887[42887]:87[87]|43222[43222]:43422[43422]:201[201]|43607[43613]:44068[44068]:462[456]
7299	86547-1989	0	36928	-1	22439at147550_7|scaffold107|-|1028|1.699e-302|1|84559|86547|86547[86547]:84559[84559]:1989[1989]
7299	314822-623	0	37030	-1	93043at147550_0|scaffold107|-|293|3.07e-81|2|314200|314822|314822[314822]:314649[314649]:174[174]|314565[314562]:314200[314200]:366[363]
7299	62510+1494	0	37314	1	45556at147550_4|scaffold107|+|716|1.417e-208|1|62510|64003|62510[62510]:64003[64003]:1494[1494]
7299	97716+621	0	37820	1	97086at147550_3|scaffold107|+|257|2.11e-70|1|97716|98336|97716[97716]:98336[98336]:621[621]
7299	71129-1735	0	37954	-1	31701at147550|scaffold107|-|802|1.832e-234|3|69395|71129|71129[71129]:69825[69825]:1305[1305]|69764[69761]:69597[69597]:168[165]|69496[69496]:69395[69395]:102[102]
7299	322352+4832	0	39767	1	23281at147550_2|scaffold107|+|809|1.431e-236|5|322352|327183|322352[322352]:322822[322822]:471[471]|322889[322892]:323461[323461]:573[570]|324973[324973]:325500[325500]:528[528]|325555[325555]:325806[325806]:252[252]|325864[325864]:327183[327183]:1320[1320]
7299	120284+1164	0	40339	1	89689at147550_5|scaffold107|+|446|2.689e-127|1|120284|121447|120284[120284]:121447[121447]:1164[1164]
7299	26426-4596	0	40662	-1	1852at147550_6|scaffold107|-|2468|0|2|21831|26426|26426[26426]:26265[26265]:162[162]|26210[26195]:21831[21831]:4380[4365]
7299	334486-2656	0	40752	-1	69988at147550_4|scaffold107|-|838|2.666e-245|4|331831|334486|334486[334486]:334346[334346]:141[141]|334273[334267]:333563[333563]:711[705]|332568[332568]:332344[332344]:225[225]|332217[332217]:331831[331831]:387[387]
7299	294028-921	0	40819	-1	105177at147550_6|scaffold107|-|359|4.161e-101|1|293108|294028|294028[294028]:293108[293108]:921[921]
7299	275463-2608	0	40935	-1	36555at147550_8|scaffold107|-|948|2.054e-278|2|272856|275463|275463[275463]:274849[274849]:615[615]|274766[274760]:272856[272856]:1911[1905]
11673	4038+2052	0	13400	1	25190at147550_9|scaffold113|+|1091|1.84286e-321|1|4038|6089|4038[4038]:6089[6089]:2052[2052]
11673	8034+609	0	18658	1	72343at147550_1|scaffold113|+|68|1.655e-13|1|8034|8642|8034[8034]:8642[8642]:609[609]
11673	17952-978	0	23555	-1	65964at147550|scaffold113|-|233|3.54e-63|2|16975|17952|17952[17952]:17452[17452]:501[501]|17403[17382]:16975[16975]:429[408]
11673	25067-582	0	41121	-1	68281at147550_0|scaffold113|-|73|5.173e-15|1|24486|25067|25067[25067]:24486[24486]:582[582]
11674	40770-6704	0	2657	-1	2443at147550|scaffold145|-|2003|0|4|34067|40770|40770[40770]:40420[40420]:351[351]|40223[40184]:39672[39672]:552[513]|38556[38556]:38371[38371]:186[186]|38302[38278]:34067[34067]:4236[4212]
11674	70979+1168	0	8963	1	87890at147550_8|scaffold145|+|566|2.023e-163|2|70979|72146|70979[70979]:71128[71128]:150[150]|71199[71202]:72146[72146]:948[945]
11674	64337-5242	0	11721	-1	3898at147550_5|scaffold145|-|2187|0|2|59096|64337|64337[64337]:60585[60585]:3753[3753]|60550[60526]:59096[59096]:1455[1431]
11674	83695-5640	0	16669	-1	27858at147550_1|scaffold145|-|1315|0|2|78056|83695|83695[83695]:78698[78698]:4998[4998]|78649[78619]:78056[78056]:594[564]
11674	93487+1053	0	19247	1	15970at147550_1|scaffold145|+|127|2.872e-31|1|93487|94539|93487[93487]:94539[94539]:1053[1053]
11674	43601+1402	0	20444	1	51701at147550_6|scaffold145|+|685|3.044e-199|2|43601|45002|43601[43601]:44521[44521]:921[921]|44583[44583]:45002[45002]:420[420]
11674	85559+3990	0	33624	1	4916at147550_8|scaffold145|+|1922|0|2|85559|89548|85559[85559]:89377[89377]:3819[3819]|89438[89438]:89548[89548]:111[111]
11674	4543-1648	0	38744	-1	32578at147550_2|scaffold145|-|211|1.485e-56|2|2896|4543|4543[4543]:4181[4181]:363[363]|3915[3915]:2896[2896]:1020[1020]
11679	37589+2610	0	5413	1	37485at147550_5|scaffold305|+|874|3.879e-256|1|37589|40198|37589[37589]:40198[40198]:2610[2610]
11679	3184+1563	0	12820	1	5696at147550_3|scaffold305|+|143|4.382e-36|1|3184|4746|3184[3184]:4746[4746]:1563[1563]
11679	27355+7233	0	29757	1	25251at147550_3|scaffold305|+|2456|0|8|27355|34587|27355[27355]:28950[28950]:1596[1596]|29009[29009]:29353[29353]:345[345]|29403[29412]:30191[30191]:789[780]|30258[30258]:30392[30392]:135[135]|31042[31042]:31125[31125]:84[84]|31183[31186]:33741[33741]:2559[2556]|33799[33799]:33909[33909]:111[111]|33970[33970]:34587[34587]:618[618]
11679	6001+597	0	39633	1	97588at147550_5|scaffold305|+|240|2.765e-65|1|6001|6597|6001[6001]:6597[6597]:597[597]
8754	14589-6150	0	31553	-1	1699at147550_6|scaffold13|-|2272|0|1|8440|14589|14589[14589]:8440[8440]:6150[6150]
8756	7933+942	0	697	1	73251at147550_3|scaffold77|+|436|2.754e-124|1|7933|8874|7933[7933]:8874[8874]:942[942]
8756	7199-2943	0	2353	-1	17067at147550_6|scaffold77|-|1083|4.71502e-319|1|4257|7199|7199[7199]:4257[4257]:2943[2943]
8756	66131-1218	0	13526	-1	62589at147550_0|scaffold77|-|615|3.594e-178|1|64914|66131|66131[66131]:64914[64914]:1218[1218]
8756	67435+1304	0	14956	1	60406at147550_9|scaffold77|+|619|2.246e-179|2|67435|68738|67435[67435]:67647[67647]:213[213]|67698[67707]:68738[68738]:1041[1032]
8756	10735+295	0	17742	1	108623at147550_5|scaffold77|+|104|2.409e-24|2|10735|11029|10735[10735]:10788[10788]:54[54]|10895[10901]:11029[11029]:135[129]
8756	73786-1342	0	18982	-1	69141at147550_7|scaffold77|-|462|4.103e-132|2|72445|73786|73786[73786]:72827[72827]:960[960]|72753[72750]:72445[72445]:309[306]
8756	10330-1077	0	20808	-1	70092at147550_1|scaffold77|-|368|8.127e-104|2|9254|10330|10330[10330]:10097[10097]:234[234]|9958[9943]:9254[9254]:705[690]
8756	49108-1293	0	21279	-1	68316at147550_4|scaffold77|-|602|2.944e-174|1|47816|49108|49108[49108]:47816[47816]:1293[1293]
8756	18784-1658	0	22923	-1	55784at147550_0|scaffold77|-|380|1.984e-107|2|17127|18784|18784[18784]:18689[18689]:96[96]|18413[18413]:17127[17127]:1287[1287]
8756	62699+1697	0	23146	1	59257at147550_6|scaffold77|+|756|1.289e-220|5|62699|64395|62699[62699]:62764[62764]:66[66]|62858[62861]:62995[62995]:138[135]|63013[63049]:63234[63234]:222[186]|63290[63293]:64000[64000]:711[708]|64063[64063]:64395[64395]:333[333]
8756	83515-2070	0	24999	-1	24697at147550_2|scaffold77|-|215|9.279e-58|2|81446|83515|83515[83515]:83216[83216]:300[300]|82756[82756]:81446[81446]:1311[1311]
8756	62150-855	0	25977	-1	93653at147550_2|scaffold77|-|288|9.825e-80|3|61296|62150|62150[62150]:61896[61896]:255[255]|61838[61832]:61533[61533]:306[300]|61484[61481]:61296[61296]:189[186]
8756	33168+1500	0	27933	1	87689at147550_6|scaffold77|+|451|8.403e-129|1|33168|34667|33168[33168]:34667[34667]:1500[1500]
8756	79834+1362	0	39026	1	86869at147550_0|scaffold77|+|441|8.605e-126|2|79834|81195|79834[79834]:80841[80841]:1008[1008]|80869[80869]:81195[81195]:327[327]
8756	77139+2100	0	39077	1	49247at147550_5|scaffold77|+|720|8.859e-210|1|77139|79238|77139[77139]:79238[79238]:2100[2100]
8757	117182-825	0	1583	-1	34845at147550_6|scaffold109|-|120|3.676e-29|1|116358|117182|117182[117182]:116358[116358]:825[825]
8757	146084-552	0	1601	-1	65877at147550_2|scaffold109|-|122|9.19e-30|1|145533|146084|146084[146084]:145533[145533]:552[552]
8757	56356+1507	0	3068	1	40773at147550_3|scaffold109|+|761|4.028e-222|3|56356|57862|56356[56356]:57018[57018]:663[663]|57100[57127]:57555[57555]:456[429]|57644[57650]:57862[57862]:219[213]
8757	19466+1598	0	6095	1	32578at147550_9|scaffold109|+|186|4.982e-49|2|19466|21063|19466[19466]:20353[20353]:888[888]|20638[20638]:21063[21063]:426[426]
8757	99865+1635	0	8090	1	22772at147550_5|scaffold109|+|566|2.023e-163|2|99865|101499|99865[99865]:100080[100080]:216[216]|100198[100210]:101499[101499]:1302[1290]
8757	8958-1361	0	13483	-1	84222at147550_8|scaffold109|-|573|1.58e-165|2|7598|8958|8958[8958]:8869[8869]:90[90]|8749[8746]:7598[7598]:1152[1149]
8757	55635-312	0	14946	-1	108991at147550_6|scaffold109|-|120|3.676e-29|1|55324|55635|55635[55635]:55324[55324]:312[312]
8757	61837+1179	0	17177	1	43590at147550_4|scaffold109|+|573|1.58e-165|1|61837|63015|61837[61837]:63015[63015]:1179[1179]
8757	52126-1525	0	18889	-1	63189at147550_9|scaffold109|-|507|1.166e-145|2|50602|52126|52126[52126]:50837[50837]:1290[1290]|50772[50772]:50602[50602]:171[171]
8757	123106-2304	0	26034	-1	45125at147550_9|scaffold109|-|852|1.627e-249|2|120803|123106|123106[123106]:122882[122882]:225[225]|122836[122821]:120803[120803]:2034[2019]
8757	60530-1554	0	26328	-1	35413at147550_0|scaffold109|-|751|4.125e-219|2|58977|60530|60530[60530]:60360[60360]:171[171]|60287[60266]:58977[58977]:1311[1290]
8757	64371-522	0	31101	-1	100478at147550_0|scaffold109|-|268|1.03e-73|1|63850|64371|64371[64371]:63850[63850]:522[522]
8757	39128-996	0	31431	-1	85605at147550|scaffold109|-|66|6.622e-13|1|38133|39128|39128[39128]:38133[38133]:996[996]
8757	167725+771	0	33204	1	80362at147550_8|scaffold109|+|192|7.784e-51|2|167725|168495|167725[167725]:167772[167772]:48[48]|167881[167884]:168495[168495]:615[612]
8757	87198-1702	0	34360	-1	54529at147550_6|scaffold109|-|702|2.322e-204|3|85497|87198|87198[87198]:86911[86911]:288[288]|86825[86825]:85902[85902]:924[924]|85850[85841]:85497[85497]:354[345]
8757	91835+1700	0	35884	1	28802at147550_0|scaffold109|+|255|8.44e-70|2|91835|93534|91835[91835]:92788[92788]:954[954]|92875[92875]:93534[93534]:660[660]
8757	9815+3381	0	39368	1	7613at147550_9|scaffold109|+|1702|0|6|9815|13195|9815[9815]:9946[9946]:132[132]|9986[10028]:10486[10486]:501[459]|10554[10560]:10688[10688]:135[129]|10947[10947]:11030[11030]:84[84]|11100[11100]:11144[11144]:45[45]|11201[11201]:13195[13195]:1995[1995]
8757	65259+598	0	40160	1	105427at147550_5|scaffold109|+|240|2.765e-65|3|65259|65856|65259[65259]:65399[65399]:141[141]|65473[65473]:65598[65598]:126[126]|65743[65743]:65856[65856]:114[114]
8757	123617+1299	0	41457	1	66768at147550_8|scaffold109|+|479|3.13e-137|3|123617|124915|123617[123617]:123772[123772]:156[156]|123854[123854]:123982[123982]:129[129]|124049[124058]:124915[124915]:867[858]
8758	136191-1289	0	290	-1	53562at147550_3|scaffold141|-|689|1.902e-200|2|134903|136191|136191[136191]:135079[135079]:1113[1113]|135004[134992]:134903[134903]:102[90]
8758	119877+2149	0	7104	1	49889at147550_8|scaffold141|+|783|9.605e-229|2|119877|122025|119877[119877]:121508[121508]:1632[1632]|121639[121657]:122025[122025]:387[369]
8758	115876-1869	0	8844	-1	40005at147550_4|scaffold141|-|684|6.088e-199|4|114008|115876|115876[115876]:115682[115682]:195[195]|115631[115604]:115461[115461]:171[144]|115368[115365]:114130[114130]:1239[1236]|114064[114064]:114008[114008]:57[57]
8758	129086-942	0	12155	-1	83965at147550_3|scaffold141|-|356|3.329e-100|4|128145|129086|129086[129086]:129033[129033]:54[54]|128964[128958]:128908[128908]:57[51]|128826[128820]:128770[128770]:57[51]|128681[128681]:128145[128145]:537[537]
8758	94267+880	0	28313	1	92731at147550_5|scaffold141|+|356|3.329e-100|3|94267|95146|94267[94267]:94545[94545]:279[279]|94595[94610]:94813[94813]:219[204]|94901[94904]:95146[95146]:246[243]
8758	91917+915	0	32377	1	60699at147550_1|scaffold141|+|170|3.265e-44|2|91917|92831|91917[91917]:92624[92624]:708[708]|92676[92685]:92831[92831]:156[147]
8758	111400-2346	0	35107	-1	26344at147550_5|scaffold141|-|1063|4.944e-313|2|109055|111400|111400[111400]:109325[109325]:2076[2076]|109195[109195]:109055[109055]:141[141]
8758	112020+893	0	36207	1	96230at147550_8|scaffold141|+|330|2.234e-92|2|112020|112912|112020[112020]:112139[112139]:120[120]|112307[112319]:112912[112912]:606[594]
11692	48215-818	0	4216	-1	81262at147550_4|scaffold721|-|375|6.349e-106|2|47398|48215|48215[48215]:48069[48069]:147[147]|47919[47916]:47398[47398]:522[519]
11692	442+1890	0	5471	1	27299at147550_8|scaffold721|+|694|5.945e-202|1|442|2331|442[442]:2331[2331]:1890[1890]
11692	57876-1161	0	8283	-1	85746at147550_9|scaffold721|-|269|5.151e-74|1|56716|57876|57876[57876]:56716[56716]:1161[1161]
11692	43468-1833	0	9102	-1	35042at147550_9|scaffold721|-|895|1.85e-262|1|41636|43468|43468[43468]:41636[41636]:1833[1833]
11692	69552-1431	0	9505	-1	75436at147550_2|scaffold721|-|648|4.183e-188|1|68122|69552|69552[69552]:68122[68122]:1431[1431]
11692	38582+924	0	10509	1	80019at147550|scaffold721|+|444|1.076e-126|3|38582|39505|38582[38582]:38698[38698]:117[117]|38800[38800]:39195[39195]:396[396]|39242[39266]:39505[39505]:264[240]
11692	5027-2196	0	10599	-1	36667at147550_3|scaffold721|-|986|7.471e-290|1|2832|5027|5027[5027]:2832[2832]:2196[2196]
11692	66205-1323	0	10674	-1	57925at147550_5|scaffold721|-|492|3.821e-141|1|64883|66205|66205[66205]:64883[64883]:1323[1323]
11692	82511+977	0	12521	1	75858at147550_1|scaffold721|+|449|3.361e-128|2|82511|83487|82511[82511]:83167[83167]:657[657]|83236[83239]:83487[83487]:252[249]
11692	13595+2874	0	13242	1	9400at147550_7|scaffold721|+|1500|0|1|13595|16468|13595[13595]:16468[16468]:2874[2874]
11692	81050-2841	0	14256	-1	69055at147550_4|scaffold721|-|516|2.278e-148|2|78210|81050|81050[81050]:80286[80286]:765[765]|80219[80219]:78210[78210]:2010[2010]
11692	18592-786	0	16443	-1	85400at147550_2|scaffold721|-|367|1.625e-103|2|17807|18592|18592[18592]:18107[18107]:486[486]|18028[18028]:17807[17807]:222[222]
11692	58713+471	0	17647	1	105969at147550_1|scaffold721|+|125|1.149e-30|2|58713|59183|58713[58713]:58952[58952]:240[240]|59058[59058]:59183[59183]:126[126]
11692	34908-1715	0	18767	-1	87898at147550_8|scaffold721|-|403|2.365e-114|5|33194|34908|34908[34908]:34129[34129]:780[780]|34024[34009]:33788[33788]:237[222]|33737[33707]:33645[33645]:93[63]|33591[33561]:33532[33532]:60[30]|33262[33259]:33194[33194]:69[66]
11692	7527-1813	0	18937	-1	66805at147550_9|scaffold721|-|473|2.003e-135|3|5715|7527|7527[7527]:7015[7015]:513[513]|6856[6850]:6665[6665]:192[186]|6593[6593]:5715[5715]:879[879]
11692	86052-1452	0	21046	-1	52319at147550_9|scaffold721|-|458|6.565e-131|1|84601|86052|86052[86052]:84601[84601]:1452[1452]
11692	73529-1216	0	23656	-1	55313at147550_7|scaffold721|-|727|6.921e-212|2|72314|73529|73529[73529]:72834[72834]:696[696]|72772[72769]:72314[72314]:459[456]
11692	75164+1001	0	27765	1	70765at147550_8|scaffold721|+|500|1.493e-143|2|75164|76164|75164[75164]:75211[75211]:48[48]|75286[75289]:76164[76164]:879[876]
11692	60552-694	0	28750	-1	100995at147550|scaffold721|-|286|3.93e-79|3|59859|60552|60552[60552]:60478[60478]:75[75]|60302[60302]:60009[60009]:294[294]|59924[59924]:59859[59859]:66[66]
11692	88728+1128	0	31352	1	41724at147550|scaffold721|+|235|8.849e-64|1|88728|89855|88728[88728]:89855[89855]:1128[1128]
11692	19024+1650	0	32409	1	58699at147550_6|scaffold721|+|730|8.651e-213|1|19024|20673|19024[19024]:20673[20673]:1650[1650]
11692	27331+1925	0	34605	1	60625at147550_3|scaffold721|+|665|3.192e-193|2|27331|29255|27331[27331]:28155[28155]:825[825]|28215[28215]:29255[29255]:1041[1041]
11692	11539-924	0	37361	-1	94547at147550_9|scaffold721|-|314|1.464e-87|2|10616|11539|11539[11539]:11132[11132]:408[408]|11071[11068]:10616[10616]:456[453]
11694	7104-1543	0	36982	-1	66429at147550_8|scaffold785|-|414|1.155e-117|2|5562|7104|7104[7104]:5746[5746]:1359[1359]|5705[5681]:5562[5562]:144[120]
13857	157014-733	0	767	-1	87460at147550_4|scaffold20|-|341|1.091e-95|4|156282|157014|157014[157014]:156946[156946]:69[69]|156892[156889]:156803[156803]:90[87]|156738[156738]:156523[156523]:216[216]|156458[156458]:156282[156282]:177[177]
13857	23531+1014	0	1855	1	92166at147550_4|scaffold20|+|278|1.006e-76|2|23531|24544|23531[23531]:23653[23653]:123[123]|23867[23897]:24544[24544]:678[648]
13857	133629-2013	0	3571	-1	22570at147550_1|scaffold20|-|930|5.384e-273|3|131617|133629|133629[133629]:133450[133450]:180[180]|133383[133383]:133021[133021]:363[363]|132957[132954]:131617[131617]:1341[1338]
13857	146301-1716	0	4626	-1	31391at147550_6|scaffold20|-|923|6.891e-271|2|144586|146301|146301[146301]:144961[144961]:1341[1341]|144876[144876]:144586[144586]:291[291]
13857	18084+4086	0	5649	1	40851at147550_6|scaffold20|+|927|4.307e-272|1|18084|22169|18084[18084]:22169[22169]:4086[4086]
13857	122189-2276	0	5719	-1	8913at147550_9|scaffold20|-|611|5.75e-177|2|119914|122189|122189[122189]:120642[120642]:1548[1548]|120606[120588]:119914[119914]:693[675]
13857	148240+1506	0	12509	1	85658at147550_3|scaffold20|+|336|3.49e-94|1|148240|149745|148240[148240]:149745[149745]:1506[1506]
13857	129536+1162	0	12673	1	93317at147550_7|scaffold20|+|475|5.009e-136|2|129536|130697|129536[129536]:130303[130303]:768[768]|130395[130395]:130697[130697]:303[303]
13857	5642+2326	0	14909	1	14161at147550_2|scaffold20|+|1137|0|5|5642|7967|5642[5642]:5731[5731]:90[90]|5776[5794]:5844[5844]:69[51]|5903[5909]:6046[6046]:144[138]|6112[6112]:6825[6825]:714[714]|6906[6909]:7967[7967]:1062[1059]
13857	137970+2067	0	15319	1	90356at147550_8|scaffold20|+|479|3.13e-137|3|137970|140036|137970[137970]:138221[138221]:252[252]|138345[138345]:139256[139256]:912[912]|139314[139314]:140036[140036]:723[723]
13857	100796+1517	0	15622	1	36273at147550_4|scaffold20|+|601|5.888e-174|2|100796|102312|100796[100796]:101554[101554]:759[759]|101647[101647]:102312[102312]:666[666]
13857	134701+897	0	18160	1	88185at147550_9|scaffold20|+|358|8.322e-101|3|134701|135597|134701[134701]:135039[135039]:339[339]|135184[135199]:135504[135504]:321[306]|135541[135556]:135597[135597]:57[42]
13857	116169+2665	0	22984	1	21740at147550_6|scaffold20|+|1056|6.328e-311|7|116169|118833|116169[116169]:116339[116339]:171[171]|116390[116399]:116461[116461]:72[63]|116512[116527]:116970[116970]:459[444]|117218[117218]:117346[117346]:129[129]|117398[117401]:117829[117829]:432[429]|117884[117890]:118111[118111]:228[222]|118171[118174]:118833[118833]:663[660]
13857	106243-596	0	30457	-1	98327at147550_3|scaffold20|-|238|1.106e-64|2|105648|106243|106243[106243]:105935[105935]:309[309]|105797[105794]:105648[105648]:150[147]
13857	142794-2125	0	31272	-1	23587at147550_1|scaffold20|-|993|5.837e-292|5|140670|142794|142794[142794]:142558[142558]:237[237]|142418[142415]:142263[142263]:156[153]|142157[142154]:141810[141810]:348[345]|141688[141682]:141134[141134]:555[549]|141026[141023]:140670[140670]:357[354]
13857	81316+1155	0	36397	1	21806at147550_5|scaffold20|+|98|1.542e-22|1|81316|82470|81316[81316]:82470[82470]:1155[1155]
13857	4016-3422	0	36976	-1	7876at147550_6|scaffold20|-|1606|0|4|595|4016|4016[4016]:3837[3837]:180[180]|3712[3706]:3446[3446]:267[261]|3379[3379]:1733[1733]:1647[1647]|1707[1674]:595[595]:1113[1080]
13857	103845+3943	0	38766	1	93045at147550_3|scaffold20|+|740|8.448e-216|4|103845|107787|103845[103845]:105236[105236]:1392[1392]|105941[105941]:106141[106141]:201[201]|106960[106960]:107433[107433]:474[474]|107545[107572]:107787[107787]:243[216]
13859	39007-6931	0	1447	-1	405at147550_6|scaffold84|-|3855|0|3|32077|39007|39007[39007]:38381[38381]:627[627]|38197[38188]:38042[38042]:156[147]|37986[37986]:32077[32077]:5910[5910]
13859	83978-2330	0	2548	-1	14712at147550_6|scaffold84|-|967|3.917e-284|3|81649|83978|83978[83978]:83769[83769]:210[210]|83585[83570]:82686[82686]:900[885]|82620[82608]:81649[81649]:972[960]
13859	98264-1846	0	3846	-1	26306at147550_0|scaffold84|-|1013|5.566e-298|3|96419|98264|98264[98264]:98217[98217]:48[48]|98124[98109]:97624[97624]:501[486]|97555[97555]:96419[96419]:1137[1137]
13859	41824-1137	0	12844	-1	88105at147550_1|scaffold84|-|146|5.478e-37|1|40688|41824|41824[41824]:40688[40688]:1137[1137]
13859	46000+1137	0	14500	1	28781at147550_2|scaffold84|+|68|1.655e-13|1|46000|47136|46000[46000]:47136[47136]:1137[1137]
13859	22338-1503	0	14766	-1	59480at147550_3|scaffold84|-|350|2.13e-98|1|20836|22338|22338[22338]:20836[20836]:1503[1503]
13859	67074-645	0	16045	-1	87514at147550_7|scaffold84|-|43|5.555e-06|1|66430|67074|67074[67074]:66430[66430]:645[645]
13859	10593-2464	0	23548	-1	6579at147550|scaffold84|-|542|3.394e-156|5|8130|10593|10593[10593]:10303[10303]:291[291]|10222[10222]:10070[10070]:153[153]|10008[10008]:9544[9544]:465[465]|9488[9485]:9246[9246]:243[240]|9032[9032]:8130[8130]:903[903]
13859	48948+1439	0	28566	1	30189at147550_8|scaffold84|+|503|1.866e-144|2|48948|50386|48948[48948]:49073[49073]:126[126]|49145[49145]:50386[50386]:1242[1242]
13859	39682+600	0	34085	1	102512at147550_5|scaffold84|+|230|2.832e-62|2|39682|40281|39682[39682]:39912[39912]:231[231]|40030[40030]:40281[40281]:252[252]
14590	19398-1666	0	574	-1	51838at147550_5|scaffold149|-|638|4.284e-185|2|17733|19398|19398[19398]:18970[18970]:429[429]|18926[18914]:17733[17733]:1194[1182]
14590	30233-2385	0	7278	-1	41703at147550_5|scaffold149|-|780|7.684e-228|1|27849|30233|30233[30233]:27849[27849]:2385[2385]
14590	26888-898	0	19000	-1	102875at147550_3|scaffold149|-|162|8.358e-42|2|25991|26888|26888[26888]:26817[26817]:72[72]|26401[26377]:25991[25991]:411[387]
14590	20044+4159	0	24313	1	3454at147550_8|scaffold149|+|1981|0|4|20044|24202|20044[20044]:21036[21036]:993[993]|21056[21098]:21355[21355]:300[258]|21400[21403]:23946[23946]:2547[2544]|24029[24041]:24202[24202]:174[162]
14590	15380-1502	0	25287	-1	23004at147550_3|scaffold149|-|230|2.832e-62|2|13879|15380|15380[15380]:14592[14592]:789[789]|14094[14094]:13879[13879]:216[216]
14590	55331-591	0	37362	-1	41805at147550_1|scaffold149|-|64|2.649e-12|1|54741|55331|55331[55331]:54741[54741]:591[591]
14592	264601-1200	0	870	-1	32578at147550_5|scaffold213|-|91|1.973e-20|1|263402|264601|264601[264601]:263402[263402]:1200[1200]
14592	162124+1971	0	996	1	34400at147550_9|scaffold213|+|805|2.29e-235|1|162124|164094|162124[162124]:164094[164094]:1971[1971]
14592	60583-974	0	3136	-1	82271at147550_5|scaffold213|-|107|3.011e-25|2|59610|60583|60583[60583]:60446[60446]:138[138]|60239[60239]:59610[59610]:630[630]
14592	30120-2210	0	7186	-1	27242at147550_6|scaffold213|-|753|1.031e-219|4|27911|30120|30120[30120]:30031[30031]:90[90]|29968[29968]:29462[29462]:507[507]|29398[29398]:29258[29258]:141[141]|29215[29206]:27911[27911]:1305[1296]
14592	10397-1236	0	8229	-1	87580at147550_4|scaffold213|-|426|2.82e-121|1|9162|10397|10397[10397]:9162[9162]:1236[1236]
14592	293404-1235	0	8589	-1	107658at147550_6|scaffold213|-|229|5.664e-62|2|292170|293404|293404[293404]:292436[292436]:969[969]|292412[292382]:292170[292170]:243[213]
14592	38674+1455	0	10236	1	76925at147550_7|scaffold213|+|537|1.086e-154|3|38674|40128|38674[38674]:38865[38865]:192[192]|38914[38944]:39786[39786]:873[843]|39916[39916]:40128[40128]:213[213]
14592	94093+1957	0	10817	1	24514at147550_5|scaffold213|+|159|6.686e-41|2|94093|96049|94093[94093]:95316[95316]:1224[1224]|95462[95462]:96049[96049]:588[588]
14592	118702+1403	0	11175	1	52607at147550_3|scaffold213|+|394|1.211e-111|2|118702|120104|118702[118702]:118890[118890]:189[189]|119025[119037]:120104[120104]:1080[1068]
14592	57610+1098	0	12503	1	88485at147550_1|scaffold213|+|314|1.464e-87|2|57610|58707|57610[57610]:57864[57864]:255[255]|58063[58063]:58707[58707]:645[645]
14592	23242+3586	0	12732	1	6671at147550_0|scaffold213|+|1367|0|3|23242|26827|23242[23242]:25398[25398]:2157[2157]|25468[25474]:26502[26502]:1035[1029]|26555[26567]:26827[26827]:273[261]
14592	175871-2292	0	14093	-1	13350at147550_7|scaffold213|-|1096|5.92879e-323|1|173580|175871|175871[175871]:173580[173580]:2292[2292]
14592	18340-2031	0	14157	-1	15068at147550_6|scaffold213|-|929|1.077e-272|1|16310|18340|18340[18340]:16310[16310]:2031[2031]
14592	299833+1217	0	16635	1	91426at147550_9|scaffold213|+|372|5.079e-105|3|299833|301049|299833[299833]:299886[299886]:54[54]|300070[300088]:300876[300876]:807[789]|300939[300939]:301049[301049]:111[111]
14592	13703-1386	0	17268	-1	27359at147550_4|scaffold213|-|130|3.59e-32|1|12318|13703|13703[13703]:12318[12318]:1386[1386]
14592	62897+3437	0	17985	1	11549at147550_9|scaffold213|+|1269|0|4|62897|66333|62897[62897]:64108[64108]:1212[1212]|64175[64175]:64744[64744]:570[570]|64803[64812]:64910[64910]:108[99]|64960[64963]:66333[66333]:1374[1371]
14592	31336+1851	0	21214	1	94803at147550_9|scaffold213|+|435|5.507e-124|1|31336|33186|31336[31336]:33186[33186]:1851[1851]
14592	7778-893	0	21599	-1	71525at147550_9|scaffold213|-|491|7.643e-141|2|6886|7778|7778[7778]:7695[7695]:84[84]|7638[7626]:6886[6886]:753[741]
14592	151400-470	0	21636	-1	99613at147550_7|scaffold213|-|220|2.9e-59|2|150931|151400|151400[151400]:151080[151080]:321[321]|151056[151020]:150931[150931]:126[90]
14592	181700+2347	0	23548	1	6579at147550|scaffold213|+|548|5.303e-158|3|181700|184046|181700[181700]:182500[182500]:801[801]|182556[182565]:182831[182831]:276[267]|182976[182976]:184046[184046]:1071[1071]
14592	150287+150	0	25802	1	106425at147550_0|scaffold213|+|39|8.888e-05|1|150287|150436|150287[150287]:150436[150436]:150[150]
14592	146527+1075	0	30259	1	88405at147550_0|scaffold213|+|400|1.892e-113|2|146527|147601|146527[146527]:147000[147000]:474[474]|147056[147056]:147601[147601]:546[546]
14592	231826+1847	0	30540	1	31115at147550_2|scaffold213|+|641|5.355e-186|2|231826|233672|231826[231826]:233460[233460]:1635[1635]|233514[233514]:233672[233672]:159[159]
14592	225507+1512	0	31238	1	84898at147550_5|scaffold213|+|507|1.166e-145|6|225507|227018|225507[225507]:225566[225566]:60[60]|225688[225703]:225774[225774]:87[72]|225828[225831]:225908[225908]:81[78]|225992[225992]:226309[226309]:318[318]|226343[226361]:226852[226852]:510[492]|226905[226911]:227018[227018]:114[108]
14592	296598+1893	0	32106	1	84643at147550_2|scaffold213|+|169|6.53e-44|1|296598|298490|296598[296598]:298490[298490]:1893[1893]
14592	3649-972	0	32245	-1	57916at147550_6|scaffold213|-|213|3.712e-57|3|2678|3649|3649[3649]:3356[3356]:294[294]|3230[3230]:2967[2967]:264[264]|2905[2905]:2678[2678]:228[228]
14592	117518-2822	0	33143	-1	74747at147550_6|scaffold213|-|661|5.107e-192|2|114697|117518|117518[117518]:117363[117363]:156[156]|117258[117252]:114697[114697]:2562[2556]
14592	135733+1805	0	33302	1	86360at147550_8|scaffold213|+|418|7.218e-119|2|135733|137537|135733[135733]:135930[135930]:198[198]|136137[136137]:137537[137537]:1401[1401]
14592	36030+1254	0	34771	1	54895at147550_6|scaffold213|+|583|1.543e-168|3|36030|37283|36030[36030]:36434[36434]:405[405]|36498[36498]:37088[37088]:591[591]|37149[37149]:37283[37283]:135[135]
14592	222238+1524	0	35015	1	70930at147550_5|scaffold213|+|274|1.61e-75|1|222238|223761|222238[222238]:223761[223761]:1524[1524]
14592	240641+1728	0	35524	1	21945at147550_2|scaffold213|+|256|4.22e-70|1|240641|242368|240641[240641]:242368[242368]:1728[1728]
14592	203331-2864	0	35736	-1	21621at147550_3|scaffold213|-|1170|0|2|200468|203331|203331[203331]:202918[202918]:414[414]|202855[202837]:200468[200468]:2388[2370]
14592	62303-746	0	36748	-1	97117at147550_1|scaffold213|-|186|4.982e-49|2|61558|62303|62303[62303]:61983[61983]:321[321]|61914[61914]:61558[61558]:357[357]
14592	191930+1199	0	37866	1	80109at147550_9|scaffold213|+|395|6.055e-112|3|191930|193128|191930[191930]:192265[192265]:336[336]|192332[192332]:192889[192889]:558[558]|192973[192973]:193128[193128]:156[156]
14592	81167-2197	0	39177	-1	31407at147550_0|scaffold213|-|898|2.312e-263|2|78971|81167|81167[81167]:79452[79452]:1716[1716]|79339[79339]:78971[78971]:369[369]
14592	90251+2410	0	39922	1	24894at147550_8|scaffold213|+|1114|0|3|90251|92660|90251[90251]:90340[90340]:90[90]|90367[90397]:90447[90447]:81[51]|90519[90522]:92660[92660]:2142[2139]
14592	45178-2502	0	40169	-1	43764at147550_3|scaffold213|-|869|1.241e-254|1|42677|45178|45178[45178]:42677[42677]:2502[2502]
13128	47880+3546	0	4933	1	7200at147550_5|scaffold19|+|1716|0|1|47880|51425|47880[47880]:51425[51425]:3546[3546]
13128	78807-1383	0	5501	-1	34845at147550_9|scaffold19|-|190|3.114e-50|1|77425|78807|78807[78807]:77425[77425]:1383[1383]
13128	38947-1014	0	9498	-1	93615at147550_8|scaffold19|-|346|3.409e-97|1|37934|38947|38947[38947]:37934[37934]:1014[1014]
13128	34366+1494	0	9659	1	43308at147550_6|scaffold19|+|806|1.145e-235|1|34366|35859|34366[34366]:35859[35859]:1494[1494]
13128	58546-2424	0	17982	-1	6062at147550_6|scaffold19|-|500|1.493e-143|4|56123|58546|58546[58546]:58421[58421]:126[126]|58343[58343]:57549[57549]:795[795]|57469[57469]:56882[56882]:588[588]|56794[56794]:56123[56123]:672[672]
13128	45359-1613	0	37182	-1	61362at147550_5|scaffold19|-|546|2.121e-157|2|43747|45359|45359[45359]:45102[45102]:258[258]|44880[44880]:43747[43747]:1134[1134]
13128	64384-2145	0	40721	-1	11345at147550_6|scaffold19|-|889|1.184e-260|1|62240|64384|64384[64384]:62240[62240]:2145[2145]
13128	39405+1604	0	40949	1	45628at147550_5|scaffold19|+|798|2.931e-233|2|39405|41008|39405[39405]:39830[39830]:426[426]|39911[39911]:41008[41008]:1098[1098]
12400	362540-738	0	143	-1	100586at147550_1|scaffold50|-|137|2.805e-34|2|361803|362540|362540[362540]:362352[362352]:189[189]|361928[361928]:361803[361803]:126[126]
12400	664587+561	0	656	1	104615at147550_3|scaffold50|+|212|7.423e-57|2|664587|665147|664587[664587]:664727[664727]:141[141]|664917[664917]:665147[665147]:231[231]
12400	345239-3891	0	839	-1	9905at147550_0|scaffold50|-|1214|0|1|341349|345239|345239[345239]:341349[341349]:3891[3891]
12400	304658+1133	0	1530	1	84065at147550_4|scaffold50|+|448|6.722e-128|2|304658|305790|304658[304658]:305137[305137]:480[480]|305203[305203]:305790[305790]:588[588]
12400	33934+2946	0	1765	1	17307at147550_7|scaffold50|+|1271|0|2|33934|36879|33934[33934]:34113[34113]:180[180]|34198[34243]:36879[36879]:2682[2637]
12400	445072-4382	0	2166	-1	5710at147550_4|scaffold50|-|1828|0|3|440691|445072|445072[445072]:444911[444911]:162[162]|444844[444841]:441422[441422]:3423[3420]|441356[441356]:440691[440691]:666[666]
12400	334018-330	0	2884	-1	108755at147550_7|scaffold50|-|155|1.07e-39|2|333689|334018|334018[334018]:333911[333911]:108[108]|333814[333808]:333689[333689]:126[120]
12400	360442+1133	0	2999	1	78725at147550_8|scaffold50|+|489|3.057e-140|3|360442|361574|360442[360442]:360633[360633]:192[192]|360698[360701]:360748[360748]:51[48]|360858[360861]:361574[361574]:717[714]
12400	507713+5254	0	3004	1	21442at147550_8|scaffold50|+|1014|2.783e-298|5|507713|512966|507713[507713]:508291[508291]:579[579]|508443[508446]:508667[508667]:225[222]|508763[508763]:509893[509893]:1131[1131]|512533[512533]:512763[512763]:231[231]|512844[512856]:512966[512966]:123[111]
12400	300888-552	0	3248	-1	68281at147550_3|scaffold50|-|68|1.655e-13|1|300337|300888|300888[300888]:300337[300337]:552[552]
12400	198890+2562	0	3898	1	12690at147550_9|scaffold50|+|1380|0|2|198890|201451|198890[198890]:199768[199768]:879[879]|199817[199823]:201451[201451]:1635[1629]
12400	150873+985	0	4554	1	68281at147550_4|scaffold50|+|454|1.05e-129|2|150873|151857|150873[150873]:150929[150929]:57[57]|150961[150982]:151857[151857]:897[876]
12400	121774+1893	0	4807	1	74524at147550_1|scaffold50|+|681|4.87e-198|1|121774|123666|121774[121774]:123666[123666]:1893[1893]
12400	159622+2103	0	5964	1	46968at147550_5|scaffold50|+|685|3.044e-199|2|159622|161724|159622[159622]:161523[161523]:1902[1902]|161584[161587]:161724[161724]:141[138]
12400	6082+2775	0	6264	1	36373at147550_5|scaffold50|+|1100|4.94066e-324|1|6082|8856|6082[6082]:8856[8856]:2775[2775]
12400	415754-873	0	7357	-1	97792at147550_9|scaffold50|-|222|7.249e-60|1|414882|415754|415754[415754]:414882[414882]:873[873]
12400	168441-2191	0	8030	-1	18650at147550_7|scaffold50|-|835|2.133e-244|3|166251|168441|168441[168441]:168256[168256]:186[186]|168200[168200]:167532[167532]:669[669]|167450[167447]:166251[166251]:1200[1197]
12400	257266+3014	0	8201	1	41235at147550_5|scaffold50|+|1035|1.327e-304|5|257266|260279|257266[257266]:257775[257775]:510[510]|257837[257837]:258061[258061]:225[225]|258117[258120]:258713[258713]:597[594]|258769[258769]:259206[259206]:438[438]|259254[259260]:260279[260279]:1026[1020]
12400	170670-1075	0	8923	-1	66206at147550_2|scaffold50|-|543|1.697e-156|2|169596|170670|170670[170670]:170437[170437]:234[234]|170372[170372]:169596[169596]:777[777]
12400	61681+2751	0	9326	1	12577at147550_8|scaffold50|+|1455|0|1|61681|64431|61681[61681]:64431[64431]:2751[2751]
12400	295612+3620	0	9417	1	34304at147550_8|scaffold50|+|1181|0|3|295612|299231|295612[295612]:295806[295806]:195[195]|295884[295884]:297362[297362]:1479[1479]|297390[297390]:299231[299231]:1842[1842]
12400	109861+663	0	9979	1	88310at147550_1|scaffold50|+|312|5.856e-87|1|109861|110523|109861[109861]:110523[110523]:663[663]
12400	112060+4029	0	10227	1	9069at147550_9|scaffold50|+|1676|0|3|112060|116088|112060[112060]:112452[112452]:393[393]|112500[112530]:115487[115487]:2988[2958]|115549[115549]:116088[116088]:540[540]
12400	365472-905	0	10325	-1	90014at147550_5|scaffold50|-|382|4.96e-108|3|364568|365472|365472[365472]:365389[365389]:84[84]|365295[365289]:365068[365068]:228[222]|364990[364981]:364568[364568]:423[414]
12400	195031+1135	0	10405	1	79490at147550_4|scaffold50|+|507|1.166e-145|4|195031|196165|195031[195031]:195201[195201]:171[171]|195272[195278]:195382[195382]:111[105]|195462[195468]:195962[195962]:501[495]|196031[196031]:196165[196165]:135[135]
12400	604283-2864	0	10437	-1	58183at147550_2|scaffold50|-|206|4.751e-55|2|601420|604283|604283[604283]:602055[602055]:2229[2229]|601869[601869]:601420[601420]:450[450]
12400	561832-1141	0	10474	-1	60300at147550|scaffold50|-|414|1.155e-117|2|560692|561832|561832[561832]:561680[561680]:153[153]|561606[561606]:560692[560692]:915[915]
12400	259863+504	0	10813	1	41235at147550_7|scaffold50|+|121|1.838e-29|1|259863|260366|259863[259863]:260366[260366]:504[504]
12400	373436+4576	0	10843	1	21801at147550_0|scaffold50|+|855|2.034e-250|5|373436|378011|373436[373436]:373522[373522]:87[87]|373619[373625]:374047[374047]:429[423]|375558[375558]:375635[375635]:78[78]|375975[375975]:377648[377648]:1674[1674]|377886[377886]:378011[378011]:126[126]
12400	243141-6631	0	11002	-1	1205at147550_1|scaffold50|-|2619|0|4|236511|243141|243141[243141]:241486[241486]:1656[1656]|241420[241417]:237284[237284]:4137[4134]|237228[237225]:237136[237136]:93[90]|237080[237080]:236511[236511]:570[570]
12400	615467+1539	0	11162	1	65841at147550_3|scaffold50|+|488|6.114e-140|1|615467|617005|615467[615467]:617005[617005]:1539[1539]
12400	89413+668	0	11718	1	97690at147550_9|scaffold50|+|203|3.801e-54|2|89413|90080|89413[89413]:89481[89481]:69[69]|89520[89535]:90080[90080]:561[546]
12400	324969+674	0	12087	1	93358at147550_4|scaffold50|+|293|3.07e-81|2|324969|325642|324969[324969]:325025[325025]:57[57]|325130[325151]:325642[325642]:513[492]
12400	375528+2481	0	12149	1	21801at147550_1|scaffold50|+|891|2.96e-261|4|375528|378008|375528[375528]:375668[375668]:141[141]|375749[375779]:375940[375940]:192[162]|375993[375999]:377648[377648]:1656[1650]|377886[377886]:378008[378008]:123[123]
12400	518764-5508	0	12286	-1	33059at147550_8|scaffold50|-|1445|0|4|513257|518764|518764[518764]:517052[517052]:1713[1713]|516988[516979]:516860[516860]:129[120]|514728[514713]:514360[514360]:369[354]|514294[514291]:513257[513257]:1038[1035]
12400	198001-1281	0	13231	-1	93789at147550_5|scaffold50|-|229|5.664e-62|1|196721|198001|198001[198001]:196721[196721]:1281[1281]
12400	466139+552	0	14642	1	86834at147550_4|scaffold50|+|221|1.45e-59|2|466139|466690|466139[466139]:466363[466363]:225[225]|466433[466433]:466690[466690]:258[258]
12400	97293-3024	0	14720	-1	71299at147550_8|scaffold50|-|484|9.782e-139|4|94270|97293|97293[97293]:96547[96547]:747[747]|96275[96275]:95802[95802]:474[474]|95405[95405]:95280[95280]:126[126]|95151[95151]:94270[94270]:882[882]
12400	661696+1106	0	14867	1	61563at147550_8|scaffold50|+|355|6.658e-100|2|661696|662801|661696[661696]:662046[662046]:351[351]|662160[662172]:662801[662801]:642[630]
12400	446333+2128	0	14975	1	31961at147550_4|scaffold50|+|981|2.391e-288|2|446333|448460|446333[446333]:447916[447916]:1584[1584]|447975[447975]:448460[448460]:486[486]
12400	215512+616	0	16208	1	65489at147550_9|scaffold50|+|152|8.559e-39|2|215512|216127|215512[215512]:215799[215799]:288[288]|215885[215885]:216127[216127]:243[243]
12400	591573+2007	0	16627	1	16879at147550_3|scaffold50|+|1050|4.05e-309|1|591573|593579|591573[591573]:593579[593579]:2007[2007]
12400	38882+1634	0	18315	1	84092at147550|scaffold50|+|286|3.93e-79|2|38882|40515|38882[38882]:39358[39358]:477[477]|39673[39682]:40515[40515]:843[834]
12400	145401-2664	0	18595	-1	18279at147550_3|scaffold50|-|1043|5.184e-307|5|142738|145401|145401[145401]:144946[144946]:456[456]|144810[144807]:143530[143530]:1281[1278]|143375[143372]:143217[143217]:159[156]|143031[143028]:142966[142966]:66[63]|142818[142815]:142738[142738]:81[78]
12400	383503-2109	0	18787	-1	33529at147550_5|scaffold50|-|593|1.507e-171|1|381395|383503|383503[383503]:381395[381395]:2109[2109]
12400	663836-803	0	18910	-1	95251at147550_5|scaffold50|-|346|3.409e-97|3|663034|663836|663836[663836]:663765[663765]:72[72]|663722[663710]:663600[663600]:123[111]|663534[663534]:663034[663034]:501[501]
12400	55064-3860	0	19171	-1	10370at147550_8|scaffold50|-|1426|0|3|51205|55064|55064[55064]:54549[54549]:516[516]|54176[54176]:52233[52233]:1944[1944]|52182[52161]:51205[51205]:978[957]
12400	5776-999	0	19241	-1	74249at147550_9|scaffold50|-|309|4.685e-86|1|4778|5776|5776[5776]:4778[4778]:999[999]
12400	399362+2952	0	19485	1	29668at147550_8|scaffold50|+|833|8.531e-244|4|399362|402313|399362[399362]:399607[399607]:246[246]|399676[399679]:399876[399876]:201[198]|399943[399949]:401073[401073]:1131[1125]|401780[401780]:402313[402313]:534[534]
12400	138552-2589	0	19758	-1	53492at147550_4|scaffold50|-|333|2.792e-93|1|135964|138552|138552[138552]:135964[135964]:2589[2589]
12400	19482+1351	0	20238	1	57171at147550_0|scaffold50|+|564|8.092e-163|3|19482|20832|19482[19482]:19610[19610]:129[129]|19685[19697]:20296[20296]:612[600]|20344[20380]:20832[20832]:489[453]
12400	309491-1641	0	20425	-1	74190at147550_5|scaffold50|-|482|3.913e-138|1|307851|309491|309491[309491]:307851[307851]:1641[1641]
12400	154163+1450	0	21379	1	39044at147550_0|scaffold50|+|742|2.112e-216|3|154163|155612|154163[154163]:154360[154360]:198[198]|154428[154434]:155396[155396]:969[963]|155442[155460]:155612[155612]:171[153]
12400	22404-1128	0	22341	-1	88492at147550_8|scaffold50|-|293|3.07e-81|1|21277|22404|22404[22404]:21277[21277]:1128[1128]
12400	389926-2865	0	22678	-1	21946at147550_7|scaffold50|-|1114|0|1|387062|389926|389926[389926]:387062[387062]:2865[2865]
12400	591178-1915	0	22770	-1	50874at147550_8|scaffold50|-|787|6.003e-230|2|589264|591178|591178[591178]:590861[590861]:318[318]|590757[590748]:589264[589264]:1494[1485]
12400	15496+2567	0	22789	1	63779at147550_9|scaffold50|+|666|1.596e-193|2|15496|18062|15496[15496]:16026[16026]:531[531]|16128[16128]:18062[18062]:1935[1935]
12400	500177-45951	0	23117	-1	31701at147550_7|scaffold50|-|360|2.08e-101|2|454227|500177|500177[500177]:500109[500109]:69[69]|455828[455807]:454227[454227]:1602[1581]
12400	289187+4641	0	23405	1	14689at147550_5|scaffold50|+|1795|0|4|289187|293827|289187[289187]:289477[289477]:291[291]|289544[289547]:289750[289750]:207[204]|289992[289992]:290495[290495]:504[504]|291182[291191]:293827[293827]:2646[2637]
12400	326536+1913	0	23425	1	22711at147550_3|scaffold50|+|1027|3.398e-302|4|326536|328448|326536[326536]:326598[326598]:63[63]|326703[326706]:326804[326804]:102[99]|326846[326873]:327076[327076]:231[204]|327144[327147]:328448[328448]:1305[1302]
12400	221341-1327	0	23747	-1	66532at147550_6|scaffold50|-|579|2.469e-167|3|220015|221341|221341[221341]:220352[220352]:990[990]|220262[220259]:220179[220179]:84[81]|220116[220110]:220015[220015]:102[96]
12400	147377-1197	0	23937	-1	86697at147550_2|scaffold50|-|471|8.014e-135|1|146181|147377|147377[147377]:146181[146181]:1197[1197]
12400	457128+999	0	23948	1	87232at147550_4|scaffold50|+|473|2.003e-135|1|457128|458126|457128[457128]:458126[458126]:999[999]
12400	549747+1581	0	26438	1	13563at147550_3|scaffold50|+|120|3.676e-29|1|549747|551327|549747[549747]:551327[551327]:1581[1581]
12400	10174+3326	0	26579	1	5700at147550_6|scaffold50|+|1521|0|2|10174|13499|10174[10174]:12087[12087]:1914[1914]|12144[12165]:13499[13499]:1356[1335]
12400	218311-891	0	26659	-1	78659at147550_3|scaffold50|-|96|6.167e-22|1|217421|218311|218311[218311]:217421[217421]:891[891]
12400	42870-1381	0	26738	-1	51893at147550_5|scaffold50|-|695|2.972e-202|2|41490|42870|42870[42870]:42766[42766]:105[105]|42698[42698]:41490[41490]:1209[1209]
12400	426995-4653	0	26760	-1	2779at147550_9|scaffold50|-|521|7.118e-150|2|422343|426995|426995[426995]:424368[424368]:2628[2628]|424025[424025]:422343[422343]:1683[1683]
12400	291392+2436	0	27323	1	14689at147550_8|scaffold50|+|1176|0|1|291392|293827|291392[291392]:293827[293827]:2436[2436]
12400	528166+1065	0	28175	1	97048at147550_3|scaffold50|+|196|4.865e-52|1|528166|529230|528166[528166]:529230[529230]:1065[1065]
12400	620783-2670	0	28187	-1	32597at147550_7|scaffold50|-|922|1.378e-270|1|618114|620783|620783[620783]:618114[618114]:2670[2670]
12400	331060-1784	0	28383	-1	58567at147550_6|scaffold50|-|337|1.745e-94|3|329277|331060|331060[331060]:330959[330959]:102[102]|330894[330891]:329929[329929]:966[963]|329585[329585]:329277[329277]:309[309]
12400	80830-4585	0	28393	-1	24848at147550_0|scaffold50|-|1027|3.398e-302|4|76246|80830|80830[80830]:79898[79898]:933[933]|79857[79839]:79162[79162]:696[678]|79101[79101]:78574[78574]:528[528]|77346[77346]:76246[76246]:1101[1101]
12400	105402-2037	0	28486	-1	7791at147550_2|scaffold50|-|578|4.939e-167|2|103366|105402|105402[105402]:104191[104191]:1212[1212]|104112[104112]:103366[103366]:747[747]
12400	37671-204	0	28789	-1	110215at147550|scaffold50|-|38|0.0001778|1|37468|37671|37671[37671]:37468[37468]:204[204]
12400	85198+1350	0	29660	1	45764at147550_1|scaffold50|+|727|6.921e-212|4|85198|86547|85198[85198]:85269[85269]:72[72]|85332[85335]:85403[85403]:72[69]|85466[85469]:85786[85786]:321[318]|85879[85891]:86547[86547]:669[657]
12400	178840-1604	0	29993	-1	25940at147550_5|scaffold50|-|590|1.206e-170|3|177237|178840|178840[178840]:178649[178649]:192[192]|178611[178575]:177463[177463]:1149[1113]|177341[177341]:177237[177237]:105[105]
12400	359248-799	0	30222	-1	82110at147550_4|scaffold50|-|366|3.251e-103|2|358450|359248|359248[359248]:358556[358556]:693[693]|358503[358500]:358450[358450]:54[51]
12400	514246-18371	0	31615	-1	48488at147550_7|scaffold50|-|758|3.223e-221|3|495876|514246|514246[514246]:513341[513341]:906[906]|496939[496936]:496868[496868]:72[69]|496811[496799]:495876[495876]:936[924]
12400	438200+1492	0	31892	1	48437at147550_5|scaffold50|+|722|2.215e-210|3|438200|439691|438200[438200]:438634[438634]:435[435]|438683[438686]:438976[438976]:294[291]|439035[439035]:439691[439691]:657[657]
12400	84164-1899	0	31943	-1	41807at147550_7|scaffold50|-|695|2.972e-202|3|82266|84164|84164[84164]:83970[83970]:195[195]|83904[83898]:83782[83782]:123[117]|83426[83426]:82266[82266]:1161[1161]
12400	494721-1304	0	32438	-1	66726at147550_4|scaffold50|-|566|2.023e-163|4|493418|494721|494721[494721]:494647[494647]:75[75]|494504[494504]:494349[494349]:156[156]|494226[494208]:494146[494146]:81[63]|494101[494083]:493418[493418]:684[666]
12400	643504-1986	0	33473	-1	53708at147550_1|scaffold50|-|405|5.913e-115|2|641519|643504|643504[643504]:643073[643073]:432[432]|642952[642952]:641519[641519]:1434[1434]
12400	598238-2238	0	34591	-1	99035at147550_5|scaffold50|-|759|1.611e-221|1|596001|598238|598238[598238]:596001[596001]:2238[2238]
12400	541476-777	0	35459	-1	41724at147550_4|scaffold50|-|90|3.947e-20|1|540700|541476|541476[541476]:540700[540700]:777[777]
12400	80830-2296	0	36229	-1	24848at147550_6|scaffold50|-|983|5.977e-289|3|78535|80830|80830[80830]:79898[79898]:933[933]|79857[79839]:79165[79165]:693[675]|79125[79101]:78535[78535]:591[567]
12400	73640+1935	0	36388	1	65834at147550_7|scaffold50|+|434|1.101e-123|2|73640|75574|73640[73640]:73771[73771]:132[132]|74090[74093]:75574[75574]:1485[1482]
12400	87518+195	0	36402	1	106216at147550_4|scaffold50|+|62|1.06e-11|1|87518|87712|87518[87518]:87712[87712]:195[195]
12400	521813-784	0	36489	-1	86687at147550_1|scaffold50|-|152|8.559e-39|2|521030|521813|521813[521813]:521559[521559]:255[255]|521308[521308]:521030[521030]:279[279]
12400	314109+2518	0	37069	1	34300at147550_5|scaffold50|+|818|2.795e-239|6|314109|316626|314109[314109]:314432[314432]:324[324]|314618[314618]:314770[314770]:153[153]|314827[314827]:314976[314976]:150[150]|315023[315044]:315229[315229]:207[186]|315290[315293]:316492[316492]:1203[1200]|316552[316552]:316626[316626]:75[75]
12400	562807+3382	0	37450	1	10596at147550_2|scaffold50|+|1485|0|3|562807|566188|562807[562807]:563202[563202]:396[396]|563264[563264]:565432[565432]:2169[2169]|565490[565496]:566188[566188]:699[693]
12400	558238+1888	0	37859	1	28130at147550_5|scaffold50|+|633|1.371e-183|2|558238|560125|558238[558238]:558939[558939]:702[702]|558986[558995]:560125[560125]:1140[1131]
12400	310423+1736	0	38030	1	83743at147550_4|scaffold50|+|353|2.663e-99|2|310423|312158|310423[310423]:311928[311928]:1506[1506]|312009[312009]:312158[312158]:150[150]
12400	350844+3054	0	38068	1	55624at147550_0|scaffold50|+|245|8.642e-67|1|350844|353897|350844[350844]:353897[353897]:3054[3054]
12400	224867+1488	0	40283	1	52843at147550_8|scaffold50|+|573|1.58e-165|1|224867|226354|224867[224867]:226354[226354]:1488[1488]
12400	338061-507	0	41112	-1	98431at147550_2|scaffold50|-|154|2.14e-39|1|337555|338061|338061[338061]:337555[337555]:507[507]
12400	610402-1337	0	41322	-1	92931at147550_3|scaffold50|-|364|1.3e-102|4|609066|610402|610402[610402]:610157[610157]:246[246]|609985[609961]:609863[609863]:123[99]|609494[609494]:609342[609342]:153[153]|609215[609212]:609066[609066]:150[147]
12401	34882-609	0	19585	-1	97268at147550_1|scaffold82|-|214|1.856e-57|2|34274|34882|34882[34882]:34688[34688]:195[195]|34624[34624]:34274[34274]:351[351]
12401	41130+2509	0	34286	1	15998at147550_5|scaffold82|+|1301|0|3|41130|43638|41130[41130]:41459[41459]:330[330]|41535[41535]:43253[43253]:1719[1719]|43345[43360]:43638[43638]:294[279]
12404	60769+2001	0	3932	1	26569at147550|scaffold178|+|906|9.032e-266|3|60769|62769|60769[60769]:61620[61620]:852[852]|61671[61683]:62468[62468]:798[786]|62566[62566]:62769[62769]:204[204]
12404	41950+2218	0	9467	1	69338at147550_6|scaffold178|+|578|4.939e-167|3|41950|44167|41950[41950]:42231[42231]:282[282]|42289[42298]:42996[42996]:708[699]|43691[43691]:44167[44167]:477[477]
12404	84979-1758	0	13253	-1	37196at147550_9|scaffold178|-|787|6.003e-230|1|83222|84979|84979[84979]:83222[83222]:1758[1758]
12404	69599-1107	0	15764	-1	19628at147550|scaffold178|-|226|4.531e-61|1|68493|69599|69599[69599]:68493[68493]:1107[1107]
12404	64787-1691	0	17689	-1	30407at147550_2|scaffold178|-|603|1.472e-174|2|63097|64787|64787[64787]:64701[64701]:87[87]|64539[64530]:63097[63097]:1443[1434]
12404	96434+1143	0	23707	1	43590at147550_9|scaffold178|+|351|1.065e-98|1|96434|97576|96434[96434]:97576[97576]:1143[1143]
12404	20733-1374	0	25380	-1	79542at147550_6|scaffold178|-|278|1.006e-76|1|19360|20733|20733[20733]:19360[19360]:1374[1374]
12404	89501+1349	0	28260	1	52178at147550_9|scaffold178|+|661|5.107e-192|2|89501|90849|89501[89501]:89692[89692]:192[192]|89770[89776]:90849[90849]:1080[1074]
12404	46189-990	0	32520	-1	67241at147550_3|scaffold178|-|488|6.114e-140|1|45200|46189|46189[46189]:45200[45200]:990[990]
12404	17442-4628	0	33876	-1	2753at147550_7|scaffold178|-|2000|0|2|12815|17442|17442[17442]:13558[13558]:3885[3885]|13495[13495]:12815[12815]:681[681]
12404	28713-3983	0	33901	-1	10397at147550_8|scaffold178|-|1357|0|2|24731|28713|28713[28713]:25972[25972]:2742[2742]|25915[25915]:24731[24731]:1185[1185]
12404	82285+876	0	34909	1	110084at147550_3|scaffold178|+|193|3.892e-51|2|82285|83160|82285[82285]:82443[82443]:159[159]|82519[82522]:83160[83160]:642[639]
12404	37390-4053	0	35520	-1	20963at147550_4|scaffold178|-|1125|0|3|33338|37390|37390[37390]:37181[37181]:210[210]|37117[37117]:36932[36932]:186[186]|36895[36865]:33338[33338]:3558[3528]
12404	51125+885	0	35664	1	48633at147550_3|scaffold178|+|188|1.245e-49|1|51125|52009|51125[51125]:52009[52009]:885[885]
12404	88772-1072	0	37028	-1	71202at147550_6|scaffold178|-|453|2.101e-129|2|87701|88772|88772[88772]:88281[88281]:492[492]|88213[88213]:87701[87701]:513[513]
12404	106550+1592	0	37211	1	25575at147550_3|scaffold178|+|864|3.972e-253|4|106550|108141|106550[106550]:106597[106597]:48[48]|106657[106657]:107211[107211]:555[555]|107275[107278]:107718[107718]:444[441]|107779[107785]:108141[108141]:363[357]
12404	47558+1000	0	37545	1	63185at147550_7|scaffold178|+|527|1.112e-151|3|47558|48557|47558[47558]:47956[47956]:399[399]|48034[48034]:48183[48183]:150[150]|48243[48243]:48557[48557]:315[315]
12404	65262+1577	0	41558	1	90199at147550_7|scaffold178|+|488|6.114e-140|2|65262|66838|65262[65262]:65729[65729]:468[468]|65858[65858]:66838[66838]:981[981]
12405	73655-234	0	3366	-1	107768at147550_4|scaffold210|-|113|4.705e-27|1|73422|73655|73655[73655]:73422[73422]:234[234]
12405	99213-2584	0	18997	-1	44698at147550_7|scaffold210|-|707|7.257e-206|2|96630|99213|99213[99213]:97129[97129]:2085[2085]|96941[96929]:96630[96630]:312[300]
12405	62950+1338	0	24970	1	90411at147550_4|scaffold210|+|499|2.985e-143|1|62950|64287|62950[62950]:64287[64287]:1338[1338]
12405	67833-711	0	32863	-1	103041at147550_6|scaffold210|-|209|5.939e-56|3|67123|67833|67833[67833]:67582[67582]:252[252]|67473[67470]:67300[67300]:174[171]|67185[67182]:67123[67123]:63[60]
12407	24708-1304	0	215	-1	83554at147550_7|scaffold274|-|398|7.569e-113|2|23405|24708|24708[24708]:24625[24625]:84[84]|24547[24547]:23405[23405]:1143[1143]
12407	96773+1126	0	338	1	64207at147550_7|scaffold274|+|491|7.643e-141|3|96773|97898|96773[96773]:97036[97036]:264[264]|97131[97134]:97448[97448]:318[315]|97509[97521]:97898[97898]:390[378]
12407	21622+1107	0	1041	1	103377at147550_5|scaffold274|+|243|3.457e-66|1|21622|22728|21622[21622]:22728[22728]:1107[1107]
12407	53876-1762	0	3467	-1	92896at147550_5|scaffold274|-|301|1.199e-83|2|52115|53876|53876[53876]:52773[52773]:1104[1104]|52588[52588]:52115[52115]:474[474]
12407	21032-6163	0	8714	-1	1920at147550_2|scaffold274|-|2309|0|3|14870|21032|21032[21032]:20799[20799]:234[234]|20748[20745]:16081[16081]:4668[4665]|15796[15796]:14870[14870]:927[927]
12407	43721-2760	0	12191	-1	48607at147550_9|scaffold274|-|866|9.931e-254|3|40962|43721|43721[43721]:42720[42720]:1002[1002]|42511[42508]:41249[41249]:1263[1260]|41216[41174]:40962[40962]:255[213]
12407	75354-2221	0	23013	-1	20284at147550_9|scaffold274|-|885|1.894e-259|4|73134|75354|75354[75354]:75220[75220]:135[135]|75172[75166]:75038[75038]:135[129]|74869[74869]:74729[74729]:141[141]|74669[74669]:73134[73134]:1536[1536]
12407	10877-3885	0	26401	-1	21805at147550_3|scaffold274|-|703|1.161e-204|1|6993|10877|10877[10877]:6993[6993]:3885[3885]
12407	29677+748	0	29635	1	88177at147550_8|scaffold274|+|330|2.234e-92|3|29677|30424|29677[29677]:29823[29823]:147[147]|29923[29926]:30060[30060]:138[135]|30227[30227]:30424[30424]:198[198]
12407	99747-1446	0	33792	-1	47172at147550_6|scaffold274|-|681|4.87e-198|1|98302|99747|99747[99747]:98302[98302]:1446[1446]
12407	80316+2953	0	34471	1	30833at147550_1|scaffold274|+|802|1.832e-234|3|80316|83268|80316[80316]:80594[80594]:279[279]|80643[80646]:81437[81437]:795[792]|81484[81493]:83268[83268]:1785[1776]
12407	79922-465	0	36238	-1	106152at147550_4|scaffold274|-|161|1.672e-41|4|79458|79922|79922[79922]:79878[79878]:45[45]|79825[79822]:79757[79757]:69[66]|79701[79686]:79606[79606]:96[81]|79520[79496]:79458[79458]:63[39]
12409	22683+1400	0	4443	1	81316at147550_8|scaffold338|+|301|1.199e-83|2|22683|24082|22683[22683]:23126[23126]:444[444]|23216[23219]:24082[24082]:867[864]
12409	19675-465	0	13645	-1	108914at147550_5|scaffold338|-|76|6.467e-16|1|19211|19675|19675[19675]:19211[19211]:465[465]
12409	13943+1326	0	22253	1	28802at147550|scaffold338|+|51|2.17e-08|1|13943|15268|13943[13943]:15268[15268]:1326[1326]
12409	28508-665	0	22677	-1	94195at147550_5|scaffold338|-|232|7.08e-63|2|27844|28508|28508[28508]:28227[28227]:282[282]|28155[28143]:27844[27844]:312[300]
12409	73832-1260	0	29884	-1	52386at147550_3|scaffold338|-|278|1.006e-76|1|72573|73832|73832[73832]:72573[72573]:1260[1260]
12410	19114+1437	0	3177	1	55597at147550_7|scaffold370|+|604|7.36e-175|2|19114|20550|19114[19114]:20388[20388]:1275[1275]|20431[20443]:20550[20550]:120[108]
12410	32172-972	0	26061	-1	43389at147550_4|scaffold370|-|90|3.947e-20|1|31201|32172|32172[32172]:31201[31201]:972[972]
12410	12009+1463	0	27817	1	34528at147550_5|scaffold370|+|766|1.259e-223|2|12009|13471|12009[12009]:12122[12122]:114[114]|12191[12197]:13471[13471]:1281[1275]
12410	18408-758	0	27893	-1	87597at147550_3|scaffold370|-|324|1.43e-90|3|17651|18408|18408[18408]:18202[18202]:207[207]|18133[18133]:17789[17789]:345[345]|17731[17725]:17651[17651]:81[75]
12411	28819-861	0	1286	-1	89918at147550_9|scaffold402|-|344|1.363e-96|3|27959|28819|28819[28819]:28604[28604]:216[216]|28394[28391]:28203[28203]:192[189]|28114[28111]:27959[27959]:156[153]
12411	53258+945	0	1648	1	85435at147550_4|scaffold402|+|499|2.985e-143|1|53258|54202|53258[53258]:54202[54202]:945[945]
12411	19746+1475	0	4068	1	50160at147550_6|scaffold402|+|720|8.859e-210|2|19746|21220|19746[19746]:20084[20084]:339[339]|20135[20138]:21220[21220]:1086[1083]
12411	8223+1603	0	11371	1	54351at147550_7|scaffold402|+|621|5.615e-180|2|8223|9825|8223[8223]:8879[8879]:657[657]|8944[8950]:9825[9825]:882[876]
12411	11963+2844	0	28561	1	51640at147550_9|scaffold402|+|763|1.007e-222|4|11963|14806|11963[11963]:12019[12019]:57[57]|12073[12076]:13329[13329]:1257[1254]|13392[13392]:13730[13730]:339[339]|14063[14063]:14806[14806]:744[744]
12411	18753-2299	0	29686	-1	73308at147550_1|scaffold402|-|312|5.856e-87|2|16455|18753|18753[18753]:18475[18475]:279[279]|18434[18419]:16455[16455]:1980[1965]
12411	58188+446	0	29754	1	106968at147550_7|scaffold402|+|176|5.101e-46|2|58188|58633|58188[58188]:58355[58355]:168[168]|58418[58418]:58633[58633]:216[216]
12411	56957-1558	0	32790	-1	65484at147550_8|scaffold402|-|591|6.029e-171|3|55400|56957|56957[56957]:56886[56886]:72[72]|56578[56578]:56219[56219]:360[360]|56164[56161]:55400[55400]:765[762]
12411	24007+1320	0	33872	1	95177at147550_9|scaffold402|+|145|1.096e-36|1|24007|25326|24007[24007]:25326[25326]:1320[1320]
12411	11350-636	0	34311	-1	100977at147550_5|scaffold402|-|146|5.478e-37|1|10715|11350|11350[11350]:10715[10715]:636[636]
12411	6219+3592	0	39114	1	47008at147550_0|scaffold402|+|1069|7.725e-315|3|6219|9810|6219[6219]:7616[7616]:1398[1398]|8223[8223]:8879[8879]:657[657]|8944[8950]:9810[9810]:867[861]
12411	29956+740	0	41344	1	89111at147550_0|scaffold402|+|400|1.892e-113|2|29956|30695|29956[29956]:30426[30426]:471[471]|30474[30480]:30695[30695]:222[216]
12412	11833-2874	0	20594	-1	6062at147550_8|scaffold434|-|1418|0|1|8960|11833|11833[11833]:8960[8960]:2874[2874]
12412	15845+3271	0	22769	1	10950at147550_6|scaffold434|+|1455|0|6|15845|19115|15845[15845]:16000[16000]:156[156]|16041[16050]:16127[16127]:87[78]|16191[16197]:16499[16499]:309[303]|16584[16608]:16673[16673]:90[66]|16717[16726]:18024[18024]:1308[1299]|18075[18075]:19115[19115]:1041[1041]
12412	13920+5196	0	26687	1	10950at147550_9|scaffold434|+|1366|0|5|13920|19115|13920[13920]:14528[14528]:609[609]|16041[16041]:16127[16127]:87[87]|16191[16197]:16499[16499]:309[303]|16717[16717]:18024[18024]:1308[1308]|18069[18075]:19115[19115]:1047[1041]
12412	15140-406	0	32485	-1	107024at147550_3|scaffold434|-|172|8.162e-45|3|14735|15140|15140[15140]:15021[15021]:120[120]|14965[14953]:14870[14870]:96[84]|14851[14815]:14735[14735]:117[81]
12418	47329+1926	0	1071	1	17794at147550_6|scaffold626|+|1006|7.125e-296|1|47329|49254|47329[47329]:49254[49254]:1926[1926]
12418	53199+1947	0	1895	1	73462at147550_7|scaffold626|+|502|3.732e-144|4|53199|55145|53199[53199]:53396[53396]:198[198]|53503[53503]:54027[54027]:525[525]|54098[54098]:54238[54238]:141[141]|54288[54291]:55145[55145]:858[855]
12418	11285+2580	0	11001	1	11744at147550_9|scaffold626|+|1507|0|2|11285|13864|11285[11285]:13579[13579]:2295[2295]|13652[13652]:13864[13864]:213[213]
12418	51015-1068	0	12262	-1	104925at147550_6|scaffold626|-|214|1.856e-57|1|49948|51015|51015[51015]:49948[49948]:1068[1068]
12418	27647+1704	0	22011	1	20378at147550_4|scaffold626|+|448|6.722e-128|1|27647|29350|27647[27647]:29350[29350]:1704[1704]
12418	46693-1095	0	24189	-1	71032at147550_7|scaffold626|-|407|1.478e-115|1|45599|46693|46693[46693]:45599[45599]:1095[1095]
12418	4223-762	0	29973	-1	91689at147550_5|scaffold626|-|230|2.832e-62|3|3462|4223|4223[4223]:4071[4071]:153[153]|3973[3970]:3848[3848]:126[123]|3758[3758]:3462[3462]:297[297]
12418	40509-974	0	31610	-1	72455at147550_7|scaffold626|-|561|6.473e-162|2|39536|40509|40509[40509]:39832[39832]:678[678]|39820[39814]:39536[39536]:285[279]
12418	34225+1170	0	35501	1	46128at147550_5|scaffold626|+|259|5.275e-71|1|34225|35394|34225[34225]:35394[35394]:1170[1170]
12418	41679+882	0	36551	1	91515at147550_0|scaffold626|+|344|1.363e-96|2|41679|42560|41679[41679]:41933[41933]:255[255]|42024[42027]:42560[42560]:537[534]
2190	61473+970	0	720	1	86894at147550_3|scaffold4|+|270|2.576e-74|2|61473|62442|61473[61473]:62264[62264]:792[792]|62329[62329]:62442[62442]:114[114]
2190	89761+1317	0	7241	1	81868at147550_4|scaffold4|+|288|9.825e-80|1|89761|91077|89761[89761]:91077[91077]:1317[1317]
2190	75060-393	0	8404	-1	93540at147550_7|scaffold4|-|71|2.069e-14|1|74668|75060|75060[75060]:74668[74668]:393[393]
2190	38892+711	0	10225	1	98818at147550_5|scaffold4|+|236|4.425e-64|3|38892|39602|38892[38892]:38948[38948]:57[57]|39076[39079]:39231[39231]:156[153]|39354[39399]:39602[39602]:249[204]
2190	24401-3111	0	12404	-1	7685at147550_8|scaffold4|-|1735|0|4|21291|24401|24401[24401]:24099[24099]:303[303]|24004[24004]:23564[23564]:441[441]|23535[23511]:21499[21499]:2037[2013]|21431[21395]:21291[21291]:141[105]
2190	163571-2415	0	14725	-1	16680at147550_8|scaffold4|-|889|1.184e-260|1|161157|163571|163571[163571]:161157[161157]:2415[2415]
2190	28015+869	0	16968	1	82173at147550_9|scaffold4|+|332|5.585e-93|3|28015|28883|28015[28015]:28167[28167]:153[153]|28269[28272]:28670[28670]:402[399]|28818[28821]:28883[28883]:66[63]
2190	165420+1227	0	19414	1	99021at147550_2|scaffold4|+|208|1.188e-55|1|165420|166646|165420[165420]:166646[166646]:1227[1227]
2190	179746-871	0	20572	-1	62057at147550_4|scaffold4|-|163|4.179e-42|2|178876|179746|179746[179746]:179066[179066]:681[681]|178971[178971]:178876[178876]:96[96]
2190	44342+489	0	23255	1	92822at147550_4|scaffold4|+|233|3.54e-63|1|44342|44830|44342[44342]:44830[44830]:489[489]
2190	173416+2041	0	29230	1	19655at147550_3|scaffold4|+|871|3.103e-255|2|173416|175456|173416[173416]:174825[174825]:1410[1410]|174893[174923]:175456[175456]:564[534]
2190	81827-2448	0	30375	-1	2822at147550_6|scaffold4|-|331|1.117e-92|1|79380|81827|81827[81827]:79380[79380]:2448[2448]
2190	167428-489	0	32477	-1	88438at147550_8|scaffold4|-|215|9.279e-58|1|166940|167428|167428[167428]:166940[166940]:489[489]
2190	50099+1381	0	32677	1	37514at147550|scaffold4|+|246|4.321e-67|2|50099|51479|50099[50099]:50926[50926]:828[828]|51009[51009]:51479[51479]:471[471]
2190	65454-1244	0	35343	-1	60737at147550|scaffold4|-|419|3.609e-119|2|64211|65454|65454[65454]:64762[64762]:693[693]|64681[64678]:64211[64211]:471[468]
2190	34008-678	0	35857	-1	91759at147550_2|scaffold4|-|266|4.121e-73|1|33331|34008|34008[34008]:33331[33331]:678[678]
2190	97251+2144	0	36301	1	28427at147550_6|scaffold4|+|802|1.832e-234|2|97251|99394|97251[97251]:97568[97568]:318[318]|97628[97655]:99394[99394]:1767[1740]
2190	31116-1614	0	37037	-1	46138at147550_4|scaffold4|-|467|1.282e-133|1|29503|31116|31116[31116]:29503[29503]:1614[1614]
2190	53416-1400	0	41453	-1	27007at147550_0|scaffold4|-|320|2.288e-89|2|52017|53416|53416[53416]:52244[52244]:1173[1173]|52169[52169]:52017[52017]:153[153]
2191	52211-821	0	3270	-1	107303at147550_7|scaffold36|-|251|1.35e-68|2|51391|52211|52211[52211]:51918[51918]:294[294]|51792[51792]:51391[51391]:402[402]
2191	49003-1188	0	5605	-1	97245at147550_8|scaffold36|-|449|3.361e-128|3|47816|49003|49003[49003]:48791[48791]:213[213]|48726[48717]:48673[48673]:54[45]|48607[48607]:47816[47816]:792[792]
2191	162886+1795	0	6192	1	27007at147550_5|scaffold36|+|379|3.968e-107|5|162886|164680|162886[162886]:162957[162957]:72[72]|163017[163017]:163676[163676]:660[660]|163780[163780]:164019[164019]:240[240]|164195[164195]:164371[164371]:177[177]|164486[164486]:164680[164680]:195[195]
2191	111682+1134	0	12447	1	55550at147550_2|scaffold36|+|57|3.39e-10|1|111682|112815|111682[111682]:112815[112815]:1134[1134]
2191	70056+1288	0	13264	1	86688at147550_6|scaffold36|+|478|6.261e-137|2|70056|71343|70056[70056]:70886[70886]:831[831]|70960[70975]:71343[71343]:384[369]
2191	27974+1325	0	17165	1	12802at147550_0|scaffold36|+|215|9.279e-58|2|27974|29298|27974[27974]:28282[28282]:309[309]|28339[28339]:29298[29298]:960[960]
2191	105161+2622	0	18598	1	34642at147550_9|scaffold36|+|598|4.71e-173|1|105161|107782|105161[105161]:107782[107782]:2622[2622]
2191	61684+1477	0	24092	1	56097at147550_1|scaffold36|+|716|1.417e-208|2|61684|63160|61684[61684]:62019[62019]:336[336]|62093[62108]:63160[63160]:1068[1053]
2191	114079-669	0	26289	-1	56486at147550_1|scaffold36|-|78|1.617e-16|1|113411|114079|114079[114079]:113411[113411]:669[669]
2191	121490+820	0	27549	1	101635at147550_8|scaffold36|+|270|2.576e-74|2|121490|122309|121490[121490]:121552[121552]:63[63]|121716[121716]:122309[122309]:594[594]
2191	85378-5237	0	31995	-1	27742at147550_5|scaffold36|-|1139|0|3|80142|85378|85378[85378]:84986[84986]:393[393]|81929[81929]:81387[81387]:543[543]|81299[81299]:80142[80142]:1158[1158]
2191	139662+1520	0	36607	1	30489at147550|scaffold36|+|316|3.66e-88|2|139662|141181|139662[139662]:140888[140888]:1227[1227]|141071[141071]:141181[141181]:111[111]
2191	60089-5617	0	38079	-1	755at147550_3|scaffold36|-|2710|0|2|54473|60089|60089[60089]:58764[58764]:1326[1326]|58720[58711]:54473[54473]:4248[4239]
2191	34188-572	0	38634	-1	97346at147550_3|scaffold36|-|115|1.176e-27|2|33617|34188|34188[34188]:34021[34021]:168[168]|33931[33931]:33617[33617]:315[315]
2193	24448+1348	0	6917	1	37514at147550_1|scaffold100|+|290|2.456e-80|2|24448|25795|24448[24448]:25188[25188]:741[741]|25277[25277]:25795[25795]:519[519]
2193	62596-1035	0	7327	-1	53166at147550_9|scaffold100|-|40|4.444e-05|1|61562|62596|62596[62596]:61562[61562]:1035[1035]
2193	76036+552	0	26838	1	41345at147550_3|scaffold100|+|73|5.173e-15|1|76036|76587|76036[76036]:76587[76587]:552[552]
2194	18438-381	0	1803	-1	99060at147550_0|scaffold132|-|87|3.158e-19|1|18058|18438|18438[18438]:18058[18058]:381[381]
2195	49463+1241	0	2141	1	73272at147550_1|scaffold164|+|344|1.363e-96|2|49463|50703|49463[49463]:50434[50434]:972[972]|50551[50551]:50703[50703]:153[153]
2195	62789-1615	0	3078	-1	41386at147550_2|scaffold164|-|737|6.759e-215|2|61175|62789|62789[62789]:62406[62406]:384[384]|62332[62329]:61175[61175]:1158[1155]
2195	92649-3830	0	4935	-1	6504at147550_3|scaffold164|-|1746|0|4|88820|92649|92649[92649]:90253[90253]:2397[2397]|90204[90201]:89872[89872]:333[330]|89818[89818]:88970[88970]:849[849]|88906[88903]:88820[88820]:87[84]
2195	132720+7055	0	5198	1	5683at147550_8|scaffold164|+|1718|0|2|132720|139774|132720[132720]:133913[133913]:1194[1194]|133967[133967]:139774[139774]:5808[5808]
2195	43519-1014	0	7165	-1	76651at147550_4|scaffold164|-|366|3.251e-103|1|42506|43519|43519[43519]:42506[42506]:1014[1014]
2195	112044-311	0	10880	-1	109037at147550_8|scaffold164|-|145|1.096e-36|2|111734|112044|112044[112044]:111856[111856]:189[189]|111784[111784]:111734[111734]:51[51]
2195	48881-2824	0	11315	-1	10650at147550_5|scaffold164|-|1377|0|2|46058|48881|48881[48881]:48630[48630]:252[252]|48562[48559]:46058[46058]:2505[2502]
2195	94432+630	0	15412	1	98834at147550_4|scaffold164|+|272|6.439e-75|3|94432|95061|94432[94432]:94479[94479]:48[48]|94548[94548]:94661[94661]:114[114]|94765[94771]:95061[95061]:297[291]
2195	44194+1337	0	16318	1	58458at147550_3|scaffold164|+|600|1.178e-173|2|44194|45530|44194[44194]:44415[44415]:222[222]|44442[44484]:45530[45530]:1089[1047]
2195	99716+794	0	16833	1	102387at147550_1|scaffold164|+|181|1.594e-47|2|99716|100509|99716[99716]:99760[99760]:45[45]|99919[99925]:100509[100509]:591[585]
2195	112775+1371	0	20426	1	43374at147550_7|scaffold164|+|545|4.242e-157|3|112775|114145|112775[112775]:112888[112888]:114[114]|112955[112961]:113644[113644]:690[684]|113717[113717]:114145[114145]:429[429]
2195	187216+1335	0	25533	1	5398at147550_8|scaffold164|+|95|1.233e-21|1|187216|188550|187216[187216]:188550[188550]:1335[1335]
2195	165386+4905	0	25646	1	10462at147550_3|scaffold164|+|1355|0|3|165386|170290|165386[165386]:166738[166738]:1353[1353]|166851[166854]:167060[167060]:210[207]|167123[167123]:170290[170290]:3168[3168]
2195	21305-844	0	26289	-1	56486at147550_1|scaffold164|-|178|1.275e-46|2|20462|21305|21305[21305]:20913[20913]:393[393]|20764[20752]:20462[20462]:303[291]
2195	38392+2104	0	27527	1	92897at147550|scaffold164|+|433|2.203e-123|3|38392|40495|38392[38392]:38994[38994]:603[603]|39164[39164]:39457[39457]:294[294]|39500[39500]:40495[40495]:996[996]
2195	78495-798	0	29487	-1	88872at147550_6|scaffold164|-|374|1.27e-105|1|77698|78495|78495[78495]:77698[77698]:798[798]
2195	71579+1464	0	33468	1	67814at147550_1|scaffold164|+|597|9.42e-173|1|71579|73042|71579[71579]:73042[73042]:1464[1464]
2195	198393+1467	0	34651	1	25719at147550_3|scaffold164|+|117|2.941e-28|1|198393|199859|198393[198393]:199859[199859]:1467[1467]
2195	117626+744	0	36124	1	80552at147550_4|scaffold164|+|400|1.892e-113|1|117626|118369|117626[117626]:118369[118369]:744[744]
2195	102545+7898	0	40139	1	617at147550_9|scaffold164|+|3534|0|3|102545|110442|102545[102545]:105142[105142]:2598[2598]|105186[105201]:105599[105599]:414[399]|105646[105646]:110442[110442]:4797[4797]
2195	203734-2457	0	40739	-1	39517at147550_8|scaffold164|-|623|1.404e-180|1|201278|203734|203734[203734]:201278[201278]:2457[2457]
2196	83727-1905	0	18649	-1	101636at147550_3|scaffold196|-|825|2.184e-241|4|81823|83727|83727[83727]:83503[83503]:225[225]|83458[83443]:83048[83048]:411[396]|82972[82972]:82790[82790]:183[183]|82725[82725]:81823[81823]:903[903]
2196	5574+2252	0	22914	1	41240at147550_8|scaffold196|+|839|1.333e-245|2|5574|7825|5574[5574]:5621[5621]:48[48]|5915[5915]:7825[7825]:1911[1911]
2196	4308-1692	0	23200	-1	50551at147550_8|scaffold196|-|636|1.714e-184|2|2617|4308|4308[4308]:4168[4168]:141[141]|4035[4032]:2617[2617]:1419[1416]
2197	18158-2620	0	33	-1	40479at147550|scaffold228|-|794|4.69e-232|3|15539|18158|18158[18158]:17685[17685]:474[474]|17379[17349]:15844[15844]:1536[1506]|15631[15631]:15539[15539]:93[93]
2197	57271+519	0	8395	1	92558at147550_9|scaffold228|+|92|9.867e-21|1|57271|57789|57271[57271]:57789[57789]:519[519]
2197	47456-4028	0	9056	-1	12238at147550_6|scaffold228|-|1162|0|5|43429|47456|47456[47456]:47391[47391]:66[66]|47295[47292]:47239[47239]:57[54]|46991[46949]:45639[45639]:1353[1311]|45529[45529]:43637[43637]:1893[1893]|43566[43563]:43429[43429]:138[135]
2197	37914+3606	0	13837	1	9216at147550_9|scaffold228|+|1494|0|4|37914|41519|37914[37914]:39974[39974]:2061[2061]|40035[40038]:40481[40481]:447[444]|40517[40532]:41128[41128]:612[597]|41196[41208]:41519[41519]:324[312]
2197	31428+492	0	19431	1	106582at147550_5|scaffold228|+|209|5.939e-56|2|31428|31919|31428[31428]:31559[31559]:132[132]|31674[31674]:31919[31919]:246[246]
2197	56199-3385	0	29836	-1	9651at147550_2|scaffold228|-|1080|3.772e-318|2|52815|56199|56199[56199]:54688[54688]:1512[1512]|54620[54620]:52815[52815]:1806[1806]
2197	29400-1944	0	31310	-1	57417at147550_8|scaffold228|-|697|7.431e-203|1|27457|29400|29400[29400]:27457[27457]:1944[1944]
2197	34536-429	0	39974	-1	41805at147550_3|scaffold228|-|40|4.444e-05|1|34108|34536|34536[34536]:34108[34108]:429[429]
2199	41000-491	0	2167	-1	102509at147550_6|scaffold292|-|159|6.686e-41|2|40510|41000|41000[41000]:40860[40860]:141[141]|40788[40773]:40510[40510]:279[264]
2199	4310+812	0	2616	1	96092at147550|scaffold292|+|320|2.288e-89|2|4310|5121|4310[4310]:4363[4363]:54[54]|4468[4477]:5121[5121]:654[645]
2199	2736-807	0	8250	-1	104225at147550_6|scaffold292|-|279|5.03e-77|2|1930|2736|2736[2736]:2341[2341]:396[396]|2091[2091]:1930[1930]:162[162]
2199	50489-2231	0	14089	-1	19628at147550_9|scaffold292|-|1101|0|3|48259|50489|50489[50489]:49449[49449]:1041[1041]|49368[49368]:48688[48688]:681[681]|48639[48633]:48259[48259]:381[375]
2199	42267+1399	0	20422	1	58261at147550_9|scaffold292|+|213|3.712e-57|3|42267|43665|42267[42267]:42380[42380]:114[114]|43060[43060]:43239[43239]:180[180]|43333[43333]:43665[43665]:333[333]
2199	39286-1839	0	31942	-1	46004at147550_5|scaffold292|-|588|4.823e-170|1|37448|39286|39286[39286]:37448[37448]:1839[1839]
2199	26339+5234	0	40298	1	3947at147550_4|scaffold292|+|1663|0|5|26339|31572|26339[26339]:26683[26683]:345[345]|26722[26746]:26853[26853]:132[108]|26904[26907]:27212[27212]:309[306]|27287[27287]:28537[28537]:1251[1251]|28603[28603]:31572[31572]:2970[2970]
5851	39727-1551	0	22806	-1	23927at147550_0|scaffold425|-|169|6.53e-44|1|38177|39727|39727[39727]:38177[38177]:1551[1551]
5852	106009+1556	0	30	1	47758at147550|scaffold457|+|281|1.258e-77|2|106009|107564|106009[106009]:106170[106170]:162[162]|106197[106233]:107564[107564]:1368[1332]
5852	82887+705	0	2830	1	53311at147550_3|scaffold457|+|72|1.035e-14|1|82887|83591|82887[82887]:83591[83591]:705[705]
5852	10021+735	0	2907	1	65877at147550_3|scaffold457|+|126|5.744e-31|1|10021|10755|10021[10021]:10755[10755]:735[735]
5852	95868-1098	0	3985	-1	91323at147550|scaffold457|-|246|4.321e-67|1|94771|95868|95868[95868]:94771[94771]:1098[1098]
5852	76982-1016	0	4947	-1	19628at147550_2|scaffold457|-|212|7.423e-57|2|75967|76982|76982[76982]:76446[76446]:537[537]|76395[76392]:75967[75967]:429[426]
5852	86214+499	0	7761	1	92297at147550_7|scaffold457|+|246|4.321e-67|2|86214|86712|86214[86214]:86267[86267]:54[54]|86347[86347]:86712[86712]:366[366]
5852	88615-1460	0	20202	-1	41340at147550_8|scaffold457|-|751|4.125e-219|4|87156|88615|88615[88615]:88562[88562]:54[54]|88485[88482]:87601[87601]:885[882]|87555[87543]:87265[87265]:291[279]|87212[87212]:87156[87156]:57[57]
5852	8187+1251	0	20247	1	34908at147550_8|scaffold457|+|192|7.784e-51|1|8187|9437|8187[8187]:9437[9437]:1251[1251]
5852	24212-666	0	22899	-1	93170at147550_8|scaffold457|-|267|2.06e-73|1|23547|24212|24212[24212]:23547[23547]:666[666]
5852	15297-907	0	24367	-1	90557at147550_9|scaffold457|-|204|1.9e-54|2|14391|15297|15297[15297]:15244[15244]:54[54]|15146[15128]:14391[14391]:756[738]
5852	90815+2649	0	26872	1	12349at147550_8|scaffold457|+|934|3.365e-274|2|90815|93463|90815[90815]:93088[93088]:2274[2274]|93179[93179]:93463[93463]:285[285]
5852	136456+1015	0	30202	1	78841at147550_4|scaffold457|+|464|1.026e-132|2|136456|137470|136456[136456]:136893[136893]:438[438]|136961[136961]:137470[137470]:510[510]
5852	130124-991	0	31652	-1	80879at147550_7|scaffold457|-|507|1.166e-145|3|129134|130124|130124[130124]:130065[130065]:60[60]|130018[130003]:129590[129590]:429[414]|129565[129535]:129134[129134]:432[402]
5852	131675-412	0	32407	-1	100478at147550_1|scaffold457|-|151|1.712e-38|2|131264|131675|131675[131675]:131490[131490]:186[186]|131359[131353]:131264[131264]:96[90]
5852	125776+1738	0	32605	1	25940at147550_7|scaffold457|+|881|3.031e-258|4|125776|127513|125776[125776]:125919[125919]:144[144]|125985[125985]:126137[126137]:153[153]|126192[126219]:127193[127193]:1002[975]|127232[127247]:127513[127513]:282[267]
5852	138852+5631	0	33598	1	2622at147550_2|scaffold457|+|1729|0|2|138852|144482|138852[138852]:139166[139166]:315[315]|139227[139227]:144482[144482]:5256[5256]
5852	135375-667	0	34795	-1	94029at147550_4|scaffold457|-|260|2.637e-71|4|134709|135375|135375[135375]:135313[135313]:63[63]|135235[135235]:135017[135017]:219[219]|134954[134942]:134823[134823]:132[120]|134774[134765]:134709[134709]:66[57]
5852	119258-5739	0	37270	-1	3037at147550_9|scaffold457|-|2340|0|1|113520|119258|119258[119258]:113520[113520]:5739[5739]
5852	13188-753	0	39514	-1	87837at147550_7|scaffold457|-|372|5.079e-105|1|12436|13188|13188[13188]:12436[12436]:753[753]
5852	85464-1173	0	40371	-1	51054at147550_4|scaffold457|-|698|3.716e-203|1|84292|85464|85464[85464]:84292[84292]:1173[1173]
5853	13745-1580	0	15603	-1	74763at147550_6|scaffold489|-|357|1.664e-100|2|12166|13745|13745[13745]:12408[12408]:1338[1338]|12321[12312]:12166[12166]:156[147]
5853	7937+591	0	18185	1	107633at147550_7|scaffold489|+|186|4.982e-49|2|7937|8527|7937[7937]:8143[8143]:207[207]|8252[8270]:8527[8527]:276[258]
5853	25665-831	0	18227	-1	92705at147550_2|scaffold489|-|239|5.531e-65|3|24835|25665|25665[25665]:25576[25576]:90[90]|25340[25340]:25083[25083]:258[258]|24999[24999]:24835[24835]:165[165]
5853	2079+932	0	24050	1	85293at147550_7|scaffold489|+|395|6.055e-112|2|2079|3010|2079[2079]:2309[2309]:231[231]|2357[2375]:3010[3010]:654[636]
5853	5440-1059	0	27351	-1	79108at147550_2|scaffold489|-|218|1.16e-58|1|4382|5440|5440[5440]:4382[4382]:1059[1059]
5853	16497+722	0	28357	1	86821at147550_4|scaffold489|+|300|2.399e-83|3|16497|17218|16497[16497]:16568[16568]:72[72]|16675[16699]:16878[16878]:204[180]|16979[16979]:17218[17218]:240[240]
5853	10260-1401	0	33193	-1	94150at147550_6|scaffold489|-|356|3.329e-100|1|8860|10260|10260[10260]:8860[8860]:1401[1401]
5853	6704+402	0	34948	1	107389at147550_5|scaffold489|+|145|1.096e-36|2|6704|7105|6704[6704]:6883[6883]:180[180]|6920[6941]:7105[7105]:186[165]
5853	10998+1113	0	35194	1	69484at147550_3|scaffold489|+|461|8.206e-132|3|10998|12110|10998[10998]:11657[11657]:660[660]|11735[11735]:11842[11842]:108[108]|12015[12015]:12110[12110]:96[96]
5854	45763-540	0	2889	-1	34845at147550_7|scaffold521|-|102|9.636e-24|1|45224|45763|45763[45763]:45224[45224]:540[540]
5854	21793-138	0	9559	-1	110208at147550_3|scaffold521|-|78|1.617e-16|1|21656|21793|21793[21793]:21656[21656]:138[138]
5854	36755-2905	0	12109	-1	11882at147550_8|scaffold521|-|1290|0|5|33851|36755|36755[36755]:36555[36555]:201[201]|36476[36476]:36153[36153]:324[324]|36049[36049]:35945[35945]:105[105]|35892[35892]:34666[34666]:1227[1227]|34624[34612]:33851[33851]:774[762]
5854	23703+1410	0	25502	1	44846at147550_2|scaffold521|+|739|1.69e-215|1|23703|25112|23703[23703]:25112[25112]:1410[1410]
5854	1081+402	0	35314	1	68281at147550|scaffold521|+|66|6.622e-13|1|1081|1482|1081[1081]:1482[1482]:402[402]
5856	31113-4558	0	1649	-1	26778at147550_6|scaffold585|-|1162|0|3|26556|31113|31113[31113]:30778[30778]:336[336]|30661[30661]:26930[26930]:3732[3732]|26885[26876]:26556[26556]:330[321]
5856	97637+3475	0	4934	1	24078at147550_1|scaffold585|+|1021|2.174e-300|2|97637|101111|97637[97637]:97705[97705]:69[69]|97890[97890]:101111[101111]:3222[3222]
5856	63017-2368	0	7714	-1	16251at147550_5|scaffold585|-|837|5.332e-245|3|60650|63017|63017[63017]:62481[62481]:537[537]|62453[62423]:61473[61473]:981[951]|61429[61414]:60650[60650]:780[765]
5856	53073-11175	0	7884	-1	56663at147550|scaffold585|-|831|3.412e-243|3|41899|53073|53073[53073]:51703[51703]:1371[1371]|43163[43163]:42348[42348]:816[816]|42300[42282]:41899[41899]:402[384]
5856	12550+1002	0	8451	1	72304at147550_5|scaffold585|+|480|1.565e-137|1|12550|13551|12550[12550]:13551[13551]:1002[1002]
5856	80489+757	0	8652	1	98876at147550_8|scaffold585|+|242|6.914e-66|2|80489|81245|80489[80489]:80536[80536]:48[48]|80718[80718]:81245[81245]:528[528]
5856	645+1732	0	10263	1	45178at147550_7|scaffold585|+|710|9.071e-207|4|645|2376|645[645]:812[812]:168[168]|877[877]:1143[1143]:267[267]|1184[1205]:1411[1411]:228[207]|1474[1483]:2376[2376]:903[894]
5856	87278+1476	0	10602	1	68204at147550_9|scaffold585|+|286|3.93e-79|2|87278|88753|87278[87278]:87859[87859]:582[582]|87998[87998]:88753[88753]:756[756]
5856	80105-441	0	11068	-1	106878at147550_7|scaffold585|-|195|9.73e-52|3|79665|80105|80105[80105]:80055[80055]:51[51]|79993[79993]:79868[79868]:126[126]|79802[79799]:79665[79665]:138[135]
5856	74184+1047	0	14678	1	73639at147550_2|scaffold585|+|377|1.587e-106|1|74184|75230|74184[74184]:75230[75230]:1047[1047]
5856	19237+4646	0	16640	1	2299at147550_3|scaffold585|+|2338|0|4|19237|23882|19237[19237]:19695[19695]:459[459]|19747[19753]:20763[20763]:1017[1011]|20798[20816]:22108[22108]:1311[1293]|22152[22161]:23882[23882]:1731[1722]
5856	39002+1886	0	18819	1	36998at147550_9|scaffold585|+|660|1.021e-191|2|39002|40887|39002[39002]:39274[39274]:273[273]|39346[39346]:40887[40887]:1542[1542]
5856	107192-789	0	20038	-1	77528at147550_0|scaffold585|-|412|4.62e-117|1|106404|107192|107192[107192]:106404[106404]:789[789]
5856	5539+1799	0	20678	1	41404at147550_3|scaffold585|+|920|5.513e-270|2|5539|7337|5539[5539]:5901[5901]:363[363]|5943[5973]:7337[7337]:1395[1365]
5856	63458+761	0	20768	1	103754at147550_8|scaffold585|+|269|5.151e-74|2|63458|64218|63458[63458]:63508[63508]:51[51]|63754[63754]:64218[64218]:465[465]
5856	90186+997	0	25385	1	88269at147550_6|scaffold585|+|350|2.13e-98|2|90186|91182|90186[90186]:90443[90443]:258[258]|90529[90529]:91182[91182]:654[654]
5856	18742-2120	0	29295	-1	48748at147550_3|scaffold585|-|370|2.032e-104|2|16623|18742|18742[18742]:18257[18257]:486[486]|18170[18164]:16623[16623]:1548[1542]
5856	102088-344	0	31158	-1	109297at147550_1|scaffold585|-|155|1.07e-39|2|101745|102088|102088[102088]:102008[102008]:81[81]|101918[101918]:101745[101745]:174[174]
5856	4659-1817	0	31770	-1	43314at147550_8|scaffold585|-|737|6.759e-215|4|2843|4659|4659[4659]:4477[4477]:183[183]|4346[4346]:3984[3984]:363[363]|3925[3925]:3839[3839]:87[87]|3802[3787]:2843[2843]:960[945]
5856	38474-4466	0	31787	-1	2441at147550_9|scaffold585|-|2153|0|5|34009|38474|38474[38474]:38292[38292]:183[183]|38247[38247]:38134[38134]:114[114]|38083[38083]:37685[37685]:399[399]|37632[37620]:34534[34534]:3099[3087]|34473[34473]:34009[34009]:465[465]
5856	57285-1739	0	33070	-1	45043at147550_7|scaffold585|-|653|1.307e-189|2|55547|57285|57285[57285]:57088[57088]:198[198]|57016[57016]:55547[55547]:1470[1470]
5856	68211+2052	0	34693	1	24394at147550_1|scaffold585|+|983|5.977e-289|3|68211|70262|68211[68211]:68288[68288]:78[78]|68348[68348]:68536[68536]:189[189]|68595[68604]:70262[70262]:1668[1659]
5856	53016-1314	0	35851	-1	56663at147550_3|scaffold585|-|598|4.71e-173|1|51703|53016|53016[53016]:51703[51703]:1314[1314]
5856	67609-1201	0	36357	-1	65129at147550_9|scaffold585|-|482|3.913e-138|4|66409|67609|67609[67609]:67250[67250]:360[360]|67192[67192]:67127[67127]:66[66]|67065[67056]:66835[66835]:231[222]|66774[66774]:66409[66409]:366[366]
5858	7004-2492	0	33146	-1	46464at147550_2|scaffold649|-|745|2.64e-217|2|4513|7004|7004[7004]:5103[5103]:1902[1902]|4995[4995]:4513[4513]:483[483]
5859	1639-1084	0	34989	-1	60699at147550_3|scaffold681|-|182|7.971e-48|2|556|1639|1639[1639]:788[788]:852[852]|729[714]:556[556]:174[159]
2211	1480-1201	0	34139	-1	82244at147550_5|scaffold676|-|272|6.439e-75|3|280|1480|1480[1480]:1325[1325]:156[156]|1236[1233]:1015[1015]:222[219]|861[861]:280[280]:582[582]
2213	26742-1898	0	1509	-1	50359at147550_5|scaffold740|-|588|4.823e-170|2|24845|26742|26742[26742]:26578[26578]:165[165]|26509[26509]:24845[24845]:1665[1665]
2213	33973-2068	0	7798	-1	19331at147550_2|scaffold740|-|1085|1.17899e-319|6|31906|33973|33973[33973]:33917[33917]:57[57]|33859[33859]:33683[33683]:177[177]|33637[33625]:33215[33215]:423[411]|33158[33155]:33042[33042]:117[114]|32977[32971]:32657[32657]:321[315]|32595[32589]:31906[31906]:690[684]
2213	19826-4149	0	9411	-1	2290at147550_6|scaffold740|-|2049|0|2|15678|19826|19826[19826]:16254[16254]:3573[3573]|16202[16199]:15678[15678]:525[522]
2213	65339-1436	0	10958	-1	53505at147550_9|scaffold740|-|627|8.773e-182|4|63904|65339|65339[65339]:65232[65232]:108[108]|64991[64991]:64881[64881]:111[111]|64781[64772]:64443[64443]:339[330]|64377[64377]:63904[63904]:474[474]
2213	69454-1911	0	11707	-1	48593at147550_7|scaffold740|-|559|2.589e-161|1|67544|69454|69454[69454]:67544[67544]:1911[1911]
2213	78485-2972	0	12269	-1	20304at147550_4|scaffold740|-|612|2.875e-177|2|75514|78485|78485[78485]:78267[78267]:219[219]|78078[78078]:75514[75514]:2565[2565]
2213	48780-3287	0	16193	-1	16533at147550_9|scaffold740|-|831|3.412e-243|5|45494|48780|48780[48780]:48622[48622]:159[159]|48541[48541]:48203[48203]:339[339]|48101[48101]:47880[47880]:222[222]|47775[47775]:46579[46579]:1197[1197]|46510[46510]:45494[45494]:1017[1017]
2213	93928+3369	0	17651	1	6636at147550_9|scaffold740|+|1110|0|1|93928|97296|93928[93928]:97296[97296]:3369[3369]
2213	21426+2649	0	19490	1	33995at147550_6|scaffold740|+|567|1.011e-163|2|21426|24074|21426[21426]:22820[22820]:1395[1395]|22875[22875]:24074[24074]:1200[1200]
2213	60759+1685	0	21266	1	22076at147550_5|scaffold740|+|901|2.89e-264|2|60759|62443|60759[60759]:61532[61532]:774[774]|61577[61595]:62443[62443]:867[849]
2213	5989+1818	0	22088	1	49696at147550_2|scaffold740|+|104|2.409e-24|2|5989|7806|5989[5989]:6111[6111]:123[123]|6163[6163]:7806[7806]:1644[1644]
2213	83603+727	0	22694	1	85100at147550_6|scaffold740|+|313|2.928e-87|2|83603|84329|83603[83603]:83995[83995]:393[393]|84054[84069]:84329[84329]:276[261]
2213	86103+1816	0	23888	1	55695at147550_0|scaffold740|+|676|1.558e-196|2|86103|87918|86103[86103]:87728[87728]:1626[1626]|87814[87814]:87918[87918]:105[105]
2213	50411+1855	0	25675	1	40459at147550_4|scaffold740|+|690|9.512e-201|2|50411|52265|50411[50411]:50719[50719]:309[309]|50748[50781]:52265[52265]:1518[1485]
2213	70753+1133	0	25711	1	67111at147550_3|scaffold740|+|339|4.363e-95|2|70753|71885|70753[70753]:71352[71352]:600[600]|71469[71469]:71885[71885]:417[417]
2213	37098+5270	0	25838	1	3031at147550_8|scaffold740|+|2172|0|3|37098|42367|37098[37098]:37520[37520]:423[423]|37806[37806]:41888[41888]:4083[4083]|41939[41939]:42367[42367]:429[429]
2213	74216+716	0	28053	1	96012at147550_4|scaffold740|+|334|1.396e-93|2|74216|74931|74216[74216]:74425[74425]:210[210]|74515[74527]:74931[74931]:417[405]
2213	56108-2702	0	33157	-1	11795at147550_0|scaffold740|-|584|7.717e-169|5|53407|56108|56108[56108]:55302[55302]:807[807]|55243[55237]:54995[54995]:249[243]|54770[54743]:54678[54678]:93[66]|54634[54625]:54584[54584]:51[42]|54522[54522]:53407[53407]:1116[1116]
2213	57230+660	0	34928	1	88866at147550_5|scaffold740|+|335|6.981e-94|1|57230|57889|57230[57230]:57889[57889]:660[660]
2213	59843-1821	0	36046	-1	50356at147550_0|scaffold740|-|689|1.902e-200|1|58023|59843|59843[59843]:58023[58023]:1821[1821]
2213	27287+2475	0	36377	1	24193at147550_5|scaffold740|+|1055|1.266e-310|4|27287|29761|27287[27287]:27412[27412]:126[126]|27477[27483]:28733[28733]:1257[1251]|28789[28795]:28914[28914]:126[120]|28967[28970]:29761[29761]:795[792]
2217	1961-1343	0	3207	-1	40133at147550_7|scaffold868|-|688|3.805e-200|3|619|1961|1961[1961]:1743[1743]:219[219]|1670[1670]:1065[1065]:606[606]|981[981]:619[619]:363[363]
2217	5969+1710	0	35202	1	72854at147550_9|scaffold868|+|790|7.504e-231|1|5969|7678|5969[5969]:7678[7678]:1710[1710]
2217	5320-1921	0	41608	-1	25794at147550_3|scaffold868|-|900|5.781e-264|5|3400|5320|5320[5320]:5213[5213]:108[108]|5154[5148]:5065[5065]:90[84]|4799[4799]:4635[4635]:165[165]|4583[4580]:4257[4257]:327[324]|4200[4200]:3400[3400]:801[801]
13872	76216-3135	0	309	-1	12039at147550_7|scaffold500|-|1426|0|2|73082|76216|76216[76216]:73694[73694]:2523[2523]|73660[73645]:73082[73082]:579[564]
13872	93271-3831	0	2509	-1	8555at147550_9|scaffold500|-|1565|0|2|89441|93271|93271[93271]:93164[93164]:108[108]|93097[93097]:89441[89441]:3657[3657]
13872	125472+681	0	2903	1	53562at147550_5|scaffold500|+|109|7.528e-26|1|125472|126152|125472[125472]:126152[126152]:681[681]
13872	63293-1365	0	4302	-1	75280at147550_3|scaffold500|-|561|6.473e-162|1|61929|63293|63293[63293]:61929[61929]:1365[1365]
13872	18771+1370	0	4536	1	90171at147550_8|scaffold500|+|322|5.719e-90|2|18771|20140|18771[18771]:18896[18896]:126[126]|18971[18971]:20140[20140]:1170[1170]
13872	68231-1216	0	6434	-1	23024at147550_4|scaffold500|-|203|3.801e-54|2|67016|68231|68231[68231]:67842[67842]:390[390]|67708[67708]:67016[67016]:693[693]
13872	22603+1322	0	8812	1	51979at147550_3|scaffold500|+|614|7.187e-178|2|22603|23924|22603[22603]:22692[22692]:90[90]|22761[22764]:23924[23924]:1164[1161]
13872	14727-1256	0	11148	-1	64696at147550_5|scaffold500|-|466|2.564e-133|3|13472|14727|14727[14727]:14584[14584]:144[144]|14476[14473]:13841[13841]:636[633]|13618[13618]:13472[13472]:147[147]
13872	38627-1998	0	12376	-1	63643at147550_2|scaffold500|-|625|3.509e-181|1|36630|38627|38627[38627]:36630[36630]:1998[1998]
13872	43520-635	0	16869	-1	87915at147550_8|scaffold500|-|322|5.719e-90|3|42886|43520|43520[43520]:43263[43263]:258[258]|43216[43207]:43133[43133]:84[75]|43053[43053]:42886[42886]:168[168]
13872	44716+655	0	19516	1	94505at147550_8|scaffold500|+|253|3.376e-69|2|44716|45370|44716[44716]:44832[44832]:117[117]|44912[44912]:45370[45370]:459[459]
13872	113594+1231	0	21129	1	84079at147550_7|scaffold500|+|474|1.002e-135|2|113594|114824|113594[113594]:114049[114049]:456[456]|114153[114159]:114824[114824]:672[666]
13872	167243-2490	0	22784	-1	65374at147550_6|scaffold500|-|711|4.536e-207|1|164754|167243|167243[167243]:164754[164754]:2490[2490]
13872	22086-1257	0	23305	-1	73180at147550_5|scaffold500|-|495|4.777e-142|1|20830|22086|22086[22086]:20830[20830]:1257[1257]
13872	76669+916	0	23495	1	90848at147550_8|scaffold500|+|297|1.919e-82|3|76669|77584|76669[76669]:76719[76719]:51[51]|77063[77063]:77164[77164]:102[102]|77210[77225]:77584[77584]:375[360]
13872	172935-1954	0	25790	-1	72503at147550_6|scaffold500|-|455|5.252e-130|2|170982|172935|172935[172935]:172486[172486]:450[450]|172175[172166]:170982[170982]:1194[1185]
13872	93784+2686	0	27014	1	12131at147550_8|scaffold500|+|1276|0|5|93784|96469|93784[93784]:93828[93828]:45[45]|93898[93898]:94149[94149]:252[252]|94245[94245]:94349[94349]:105[105]|94401[94404]:96335[96335]:1935[1932]|96401[96404]:96469[96469]:69[66]
13872	25849-1371	0	28438	-1	27253at147550_7|scaffold500|-|341|1.091e-95|3|24479|25849|25849[25849]:25469[25469]:381[381]|25224[25224]:24784[24784]:441[441]|24718[24712]:24479[24479]:240[234]
13872	64045+2519	0	28679	1	15090at147550_8|scaffold500|+|1156|0|2|64045|66563|64045[64045]:66213[66213]:2169[2169]|66285[66288]:66563[66563]:279[276]
13872	162704+1725	0	29823	1	81180at147550_6|scaffold500|+|574|7.902e-166|2|162704|164428|162704[162704]:162847[162847]:144[144]|162914[162914]:164428[164428]:1515[1515]
13872	59770+1800	0	29872	1	30189at147550_9|scaffold500|+|829|1.365e-242|3|59770|61569|59770[59770]:59898[59898]:129[129]|60053[60053]:60469[60469]:417[417]|60490[60526]:61569[61569]:1080[1044]
13872	162225-3630	0	29928	-1	11699at147550_6|scaffold500|-|1379|0|1|158596|162225|162225[162225]:158596[158596]:3630[3630]
13872	7966+3347	0	30654	1	6922at147550_4|scaffold500|+|1279|0|3|7966|11312|7966[7966]:9786[9786]:1821[1821]|9844[9868]:10080[10080]:237[213]|10137[10137]:11312[11312]:1176[1176]
13872	99044+585	0	32600	1	103358at147550_7|scaffold500|+|271|1.288e-74|1|99044|99628|99044[99044]:99628[99628]:585[585]
13872	51895+854	0	36727	1	87834at147550_9|scaffold500|+|272|6.439e-75|3|51895|52748|51895[51895]:51951[51951]:57[57]|52007[52007]:52453[52453]:447[447]|52524[52524]:52748[52748]:225[225]
13872	5853+888	0	36843	1	57623at147550_9|scaffold500|+|43|5.555e-06|1|5853|6740|5853[5853]:6740[6740]:888[888]
13872	107069+1102	0	37435	1	57089at147550_5|scaffold500|+|588|4.823e-170|2|107069|108170|107069[107069]:107434[107434]:366[366]|107556[107556]:108170[108170]:615[615]
13872	82458-870	0	38518	-1	28358at147550_6|scaffold500|-|169|6.53e-44|1|81589|82458|82458[82458]:81589[81589]:870[870]
13872	98432-1559	0	39390	-1	49748at147550_5|scaffold500|-|470|1.603e-134|2|96874|98432|98432[98432]:97749[97749]:684[684]|97683[97683]:96874[96874]:810[810]
13872	102406-1625	0	39852	-1	57981at147550_4|scaffold500|-|574|7.902e-166|2|100782|102406|102406[102406]:101618[101618]:789[789]|101564[101564]:100782[100782]:783[783]
13872	79082-1293	0	39949	-1	69123at147550_6|scaffold500|-|479|3.13e-137|1|77790|79082|79082[79082]:77790[77790]:1293[1293]
13872	130623-1610	0	40668	-1	39087at147550_8|scaffold500|-|737|6.759e-215|3|129014|130623|130623[130623]:130510[130510]:114[114]|130451[130442]:130236[130236]:216[207]|130156[130150]:129014[129014]:1143[1137]
13872	57741-1576	0	40729	-1	32619at147550_7|scaffold500|-|740|8.448e-216|3|56166|57741|57741[57741]:57415[57415]:327[327]|57343[57343]:56489[56489]:855[855]|56429[56429]:56166[56166]:264[264]
13878	6720-1778	0	18127	-1	37972at147550_8|scaffold692|-|789|1.501e-230|4|4943|6720|6720[6720]:6388[6388]:333[333]|6279[6279]:5755[5755]:525[525]|5711[5705]:5172[5172]:540[534]|5146[5104]:4943[4943]:204[162]
13878	20901-675	0	24479	-1	91758at147550_5|scaffold692|-|321|1.144e-89|2|20227|20901|20901[20901]:20614[20614]:288[288]|20517[20517]:20227[20227]:291[291]
13879	11507+885	0	21217	1	87535at147550_7|scaffold724|+|407|1.478e-115|3|11507|12391|11507[11507]:11590[11590]:84[84]|11679[11679]:11924[11924]:246[246]|11996[12005]:12391[12391]:396[387]
13879	11232-2286	0	26332	-1	35299at147550_9|scaffold724|-|1061|1.978e-312|1|8947|11232|11232[11232]:8947[8947]:2286[2286]
8760	55189-1264	0	2306	-1	81329at147550_6|scaffold205|-|413|2.31e-117|3|53926|55189|55189[55189]:55043[55043]:147[147]|54975[54960]:54457[54457]:519[504]|54405[54402]:53926[53926]:480[477]
8760	160319-611	0	11726	-1	86390at147550_9|scaffold205|-|190|3.114e-50|2|159709|160319|160319[160319]:160125[160125]:195[195]|160056[160056]:159709[159709]:348[348]
8760	45852+357	0	11842	1	106425at147550|scaffold205|+|153|4.279e-39|2|45852|46208|45852[45852]:45956[45956]:105[105]|46044[46044]:46208[46208]:165[165]
8760	193656+1031	0	12349	1	97898at147550_4|scaffold205|+|301|1.199e-83|2|193656|194686|193656[193656]:194171[194171]:516[516]|194258[194264]:194686[194686]:429[423]
8760	15850+1906	0	13996	1	88633at147550_3|scaffold205|+|361|1.04e-101|5|15850|17755|15850[15850]:15990[15990]:141[141]|16107[16110]:16244[16244]:138[135]|16315[16318]:16497[16497]:183[180]|16554[16554]:17246[17246]:693[693]|17480[17480]:17755[17755]:276[276]
8760	115105-1589	0	14897	-1	58899at147550_8|scaffold205|-|741|4.224e-216|2|113517|115105|115105[115105]:114998[114998]:108[108]|114938[114935]:113517[113517]:1422[1419]
8760	142637+1830	0	16606	1	81740at147550_1|scaffold205|+|280|2.515e-77|1|142637|144466|142637[142637]:144466[144466]:1830[1830]
8760	50617+1251	0	17260	1	66096at147550_8|scaffold205|+|477|1.252e-136|1|50617|51867|50617[50617]:51867[51867]:1251[1251]
8760	218049+1381	0	17447	1	59415at147550_9|scaffold205|+|511|7.289e-147|2|218049|219429|218049[218049]:218825[218825]:777[777]|218899[218926]:219429[219429]:531[504]
8760	181663+471	0	18676	1	90054at147550_0|scaffold205|+|154|2.14e-39|1|181663|182133|181663[181663]:182133[182133]:471[471]
8760	161390+2221	0	19052	1	28134at147550_8|scaffold205|+|1171|0|3|161390|163610|161390[161390]:161593[161593]:204[204]|161658[161658]:163388[163388]:1731[1731]|163443[163449]:163610[163610]:168[162]
8760	107053-2928	0	19301	-1	7653at147550_4|scaffold205|-|1171|0|3|104126|107053|107053[107053]:106739[106739]:315[315]|106692[106659]:106063[106063]:630[597]|106000[106000]:104126[104126]:1875[1875]
8760	26501-1528	0	20124	-1	34675at147550_8|scaffold205|-|839|1.333e-245|2|24974|26501|26501[26501]:25080[25080]:1422[1422]|25024[25024]:24974[24974]:51[51]
8760	146159+2011	0	21030	1	28781at147550_7|scaffold205|+|814|4.472e-238|3|146159|148169|146159[146159]:146284[146284]:126[126]|146377[146377]:146478[146478]:102[102]|146544[146544]:148169[148169]:1626[1626]
8760	197923-1474	0	22025	-1	48843at147550_2|scaffold205|-|321|1.144e-89|3|196450|197923|197923[197923]:196967[196967]:957[957]|196908[196908]:196735[196735]:174[174]|196671[196671]:196450[196450]:222[222]
8760	44652-1224	0	23027	-1	69966at147550_7|scaffold205|-|421|9.023e-120|1|43429|44652|44652[44652]:43429[43429]:1224[1224]
8760	72273+1921	0	24218	1	18808at147550_5|scaffold205|+|870|6.207e-255|4|72273|74193|72273[72273]:72683[72683]:411[411]|72743[72752]:73171[73171]:429[420]|73226[73229]:73687[73687]:462[459]|73816[73816]:74193[74193]:378[378]
8760	229847+1913	0	25139	1	26228at147550_8|scaffold205|+|970|4.896e-285|3|229847|231759|229847[229847]:230332[230332]:486[486]|230564[230564]:231511[231511]:948[948]|231571[231571]:231759[231759]:189[189]
8760	65788-4017	0	26675	-1	5682at147550_5|scaffold205|-|986|7.471e-290|1|61772|65788|65788[65788]:61772[61772]:4017[4017]
8760	208941-1851	0	26717	-1	55049at147550_9|scaffold205|-|732|2.163e-213|1|207091|208941|208941[208941]:207091[207091]:1851[1851]
8760	205311+1243	0	29094	1	78500at147550_5|scaffold205|+|418|7.218e-119|3|205311|206553|205311[205311]:205403[205403]:93[93]|205469[205478]:205744[205744]:276[267]|205831[205831]:206553[206553]:723[723]
8760	128840-1426	0	32973	-1	35576at147550_0|scaffold205|-|656|1.634e-190|3|127415|128840|128840[128840]:127968[127968]:873[873]|127896[127896]:127603[127603]:294[294]|127573[127543]:127415[127415]:159[129]
8760	190576-4460	0	33880	-1	20200at147550_5|scaffold205|-|1169|0|2|186117|190576|190576[190576]:190373[190373]:204[204]|190319[190319]:186117[186117]:4203[4203]
8760	191123+864	0	34114	1	92613at147550_5|scaffold205|+|263|3.297e-72|3|191123|191986|191123[191123]:191227[191227]:105[105]|191520[191535]:191849[191849]:330[315]|191912[191924]:191986[191986]:75[63]
8760	58843+1353	0	34853	1	84276at147550_0|scaffold205|+|342|5.454e-96|1|58843|60195|58843[58843]:60195[60195]:1353[1353]
8760	41146+1004	0	38969	1	93366at147550_1|scaffold205|+|253|3.376e-69|2|41146|42149|41146[41146]:41382[41382]:237[237]|41490[41490]:42149[42149]:660[660]
8760	228365-5218	0	40261	-1	1949at147550_4|scaffold205|-|2300|0|2|223148|228365|228365[228365]:223596[223596]:4770[4770]|223543[223534]:223148[223148]:396[387]
8760	49405-2631	0	41037	-1	17898at147550_8|scaffold205|-|1048|1.62e-308|2|46775|49405|49405[49405]:49325[49325]:81[81]|49252[49249]:46775[46775]:2478[2475]
8761	135208+3257	0	362	1	7327at147550_5|scaffold237|+|1590|0|3|135208|138464|135208[135208]:135798[135798]:591[591]|135877[135877]:137820[137820]:1944[1944]|137880[137883]:138464[138464]:585[582]
8761	260640-1770	0	4626	-1	31391at147550_6|scaffold237|-|714|5.67e-208|2|258871|260640|260640[260640]:259510[259510]:1131[1131]|259185[259185]:258871[258871]:315[315]
8761	54602+1521	0	5501	1	34845at147550_9|scaffold237|+|249|5.401e-68|3|54602|56122|54602[54602]:55111[55111]:510[510]|55192[55201]:55827[55827]:636[627]|55877[55916]:56122[56122]:246[207]
8761	163263+276	0	9458	1	107926at147550_6|scaffold237|+|128|1.436e-31|1|163263|163538|163263[163263]:163538[163538]:276[276]
8761	182427+2115	0	11102	1	70291at147550_5|scaffold237|+|767|6.294e-224|1|182427|184541|182427[182427]:184541[184541]:2115[2115]
8761	304168+912	0	12509	1	85658at147550_3|scaffold237|+|238|1.106e-64|2|304168|305079|304168[304168]:304653[304653]:486[486]|304660[304660]:305079[305079]:420[420]
8761	22101+4221	0	13926	1	2453at147550_5|scaffold237|+|1903|0|2|22101|26321|22101[22101]:23135[23135]:1035[1035]|23181[23184]:26321[26321]:3141[3138]
8761	197483+3264	0	15599	1	13104at147550_7|scaffold237|+|554|8.286e-160|1|197483|200746|197483[197483]:200746[200746]:3264[3264]
8761	20683-3934	0	16494	-1	3005at147550_6|scaffold237|-|2196|0|4|16750|20683|20683[20683]:20630[20630]:54[54]|20565[20562]:20515[20515]:51[48]|20342[20342]:17061[17061]:3282[3282]|16998[16986]:16750[16750]:249[237]
8761	346564+1632	0	21225	1	34105at147550_3|scaffold237|+|182|7.971e-48|1|346564|348195|346564[346564]:348195[348195]:1632[1632]
8761	15126+983	0	22175	1	91526at147550_9|scaffold237|+|457|1.313e-130|2|15126|16108|15126[15126]:15680[15680]:555[555]|15803[15809]:16108[16108]:306[300]
8761	7304+2997	0	24193	1	32588at147550_5|scaffold237|+|721|4.429e-210|2|7304|10300|7304[7304]:7435[7435]:132[132]|7622[7643]:10300[10300]:2679[2658]
8761	162678-513	0	24276	-1	99741at147550_2|scaffold237|-|147|2.739e-37|1|162166|162678|162678[162678]:162166[162166]:513[513]
8761	344163+309	0	27421	1	97268at147550_7|scaffold237|+|36|0.000711|1|344163|344471|344163[344163]:344471[344471]:309[309]
8761	245845-603	0	33748	-1	42890at147550_3|scaffold237|-|72|1.035e-14|1|245243|245845|245845[245845]:245243[245243]:603[603]
8761	195450-836	0	35122	-1	101747at147550_5|scaffold237|-|256|4.22e-70|4|194615|195450|195450[195450]:195265[195265]:186[186]|195135[195132]:195016[195016]:120[117]|194942[194942]:194754[194754]:189[189]|194698[194695]:194615[194615]:84[81]
8761	44439-1675	0	35884	-1	28802at147550_0|scaffold237|-|184|1.993e-48|2|42765|44439|44439[44439]:44029[44029]:411[411]|43886[43886]:42765[42765]:1122[1122]
8761	1420-1023	0	38398	-1	81316at147550_2|scaffold237|-|103|4.818e-24|1|398|1420|1420[1420]:398[398]:1023[1023]
8761	168494+19193	0	39802	1	28802at147550_3|scaffold237|+|193|3.892e-51|2|168494|187686|168494[168494]:169279[169279]:786[786]|187258[187273]:187686[187686]:429[414]
8761	2262+2391	0	40071	1	9196at147550_2|scaffold237|+|1398|0|1|2262|4652|2262[2262]:4652[4652]:2391[2391]
8762	41448+822	0	597	1	70861at147550_1|scaffold269|+|451|8.403e-129|1|41448|42269|41448[41448]:42269[42269]:822[822]
8762	61018+2237	0	9283	1	30025at147550_2|scaffold269|+|376|3.175e-106|2|61018|63254|61018[61018]:61770[61770]:753[753]|62349[62349]:63254[63254]:906[906]
8762	2910+2850	0	10782	1	19169at147550_5|scaffold269|+|967|3.917e-284|4|2910|5759|2910[2910]:3041[3041]:132[132]|3133[3142]:4749[4749]:1617[1608]|4866[4866]:5570[5570]:705[705]|5637[5637]:5759[5759]:123[123]
8762	14257-877	0	11432	-1	83485at147550_1|scaffold269|-|360|2.08e-101|2|13381|14257|14257[14257]:13544[13544]:714[714]|13473[13467]:13381[13381]:93[87]
8762	29528+1674	0	17118	1	68306at147550_6|scaffold269|+|598|4.71e-173|6|29528|31201|29528[29528]:29773[29773]:246[246]|29922[29922]:29972[29972]:51[51]|30078[30084]:30182[30182]:105[99]|30283[30286]:30453[30453]:171[168]|30562[30562]:30855[30855]:294[294]|31004[31004]:31201[31201]:198[198]
8762	25932-3330	0	17471	-1	7364at147550_4|scaffold269|-|1570|0|2|22603|25932|25932[25932]:23326[23326]:2607[2607]|23268[23265]:22603[22603]:666[663]
8762	69550-2565	0	20553	-1	15970at147550_2|scaffold269|-|1184|0|4|66986|69550|69550[69550]:69494[69494]:57[57]|69186[69177]:69052[69052]:135[126]|68948[68948]:67209[67209]:1740[1740]|67192[67150]:66986[66986]:207[165]
8762	75225-1944	0	21520	-1	46844at147550_3|scaffold269|-|604|7.36e-175|4|73282|75225|75225[75225]:74521[74521]:705[705]|74464[74455]:74039[74039]:426[417]|73991[73961]:73485[73485]:507[477]|73428[73428]:73282[73282]:147[147]
8762	27500-807	0	22016	-1	56970at147550_4|scaffold269|-|75|1.293e-15|1|26694|27500|27500[27500]:26694[26694]:807[807]
8762	77507+581	0	26089	1	28133at147550_0|scaffold269|+|126|5.744e-31|2|77507|78087|77507[77507]:77707[77707]:201[201]|77758[77761]:78087[78087]:330[327]
8762	9834-1358	0	27359	-1	45682at147550_9|scaffold269|-|423|2.256e-120|3|8477|9834|9834[9834]:9772[9772]:63[63]|9551[9551]:8769[8769]:783[783]|8698[8698]:8477[8477]:222[222]
8762	46034-2978	0	28216	-1	8077at147550_6|scaffold269|-|1366|0|4|43057|46034|46034[46034]:45705[45705]:330[330]|45663[45639]:44098[44098]:1566[1542]|44061[44043]:43741[43741]:321[303]|43674[43674]:43057[43057]:618[618]
8762	12347+666	0	28711	1	91268at147550_6|scaffold269|+|222|7.249e-60|1|12347|13012|12347[12347]:13012[13012]:666[666]
8762	47899+5058	0	31316	1	4818at147550_4|scaffold269|+|1927|0|1|47899|52956|47899[47899]:52956[52956]:5058[5058]
8762	34031-2314	0	39824	-1	28358at147550_7|scaffold269|-|732|2.163e-213|4|31718|34031|34031[34031]:33978[33978]:54[54]|33897[33897]:33829[33829]:69[69]|33764[33761]:33591[33591]:174[171]|33487[33469]:31718[31718]:1770[1752]
8763	70995+3018	0	19250	1	26725at147550_1|scaffold301|+|527|1.112e-151|3|70995|74012|70995[70995]:72416[72416]:1422[1422]|72506[72506]:73456[73456]:951[951]|73560[73560]:74012[74012]:453[453]
8766	1671+1146	0	16544	1	72178at147550_6|scaffold397|+|458|6.565e-131|3|1671|2816|1671[1671]:1751[1751]:81[81]|1840[1876]:1965[1965]:126[90]|2070[2073]:2816[2816]:747[744]
8766	6628+1626	0	18836	1	55684at147550_3|scaffold397|+|832|1.706e-243|1|6628|8253|6628[6628]:8253[8253]:1626[1626]
8767	4551+695	0	2019	1	77684at147550_4|scaffold429|+|357|1.664e-100|2|4551|5245|4551[4551]:4763[4763]:213[213]|4835[4844]:5245[5245]:411[402]
8767	56210+7100	0	5002	1	934at147550_3|scaffold429|+|3544|0|2|56210|63309|56210[56210]:56371[56371]:162[162]|56428[56428]:63309[63309]:6882[6882]
8767	43118-1521	0	8015	-1	64323at147550_7|scaffold429|-|459|3.282e-131|1|41598|43118|43118[43118]:41598[41598]:1521[1521]
8767	38137-3755	0	11563	-1	9632at147550_6|scaffold429|-|1750|0|2|34383|38137|38137[38137]:35624[35624]:2514[2514]|35558[35558]:34383[34383]:1176[1176]
8767	46711-1089	0	15114	-1	84609at147550_1|scaffold429|-|487|1.223e-139|1|45623|46711|46711[46711]:45623[45623]:1089[1089]
8767	70424-291	0	15378	-1	82332at147550_7|scaffold429|-|40|4.444e-05|1|70134|70424|70424[70424]:70134[70134]:291[291]
8767	43834+474	0	15452	1	98223at147550_5|scaffold429|+|250|2.701e-68|1|43834|44307|43834[43834]:44307[44307]:474[474]
8767	71254+744	0	16781	1	94846at147550_8|scaffold429|+|313|2.928e-87|2|71254|71997|71254[71254]:71421[71421]:168[168]|71530[71530]:71997[71997]:468[468]
8767	3379-1317	0	19312	-1	77056at147550_1|scaffold429|-|334|1.396e-93|1|2063|3379|3379[3379]:2063[2063]:1317[1317]
8767	40250-1001	0	21039	-1	76224at147550_5|scaffold429|-|382|4.96e-108|2|39250|40250|40250[40250]:40131[40131]:120[120]|40083[40059]:39250[39250]:834[810]
8767	6900+2412	0	25252	1	42989at147550_1|scaffold429|+|760|8.057e-222|3|6900|9311|6900[6900]:7274[7274]:375[375]|7411[7411]:8469[8469]:1059[1059]|8538[8538]:9311[9311]:774[774]
8767	11374-459	0	33286	-1	108970at147550_6|scaffold429|-|217|2.32e-58|1|10916|11374|11374[11374]:10916[10916]:459[459]
8769	12176-1314	0	7498	-1	27007at147550_6|scaffold493|-|139|7.011e-35|1|10863|12176|12176[12176]:10863[10863]:1314[1314]
8769	19403-1664	0	21216	-1	17332at147550_5|scaffold493|-|354|1.332e-99|2|17740|19403|19403[19403]:17910[17910]:1494[1494]|17856[17853]:17740[17740]:117[114]
8769	61+2275	0	31043	1	29636at147550_5|scaffold493|+|793|9.379e-232|3|61|2335|61[61]:567[567]:507[507]|679[682]:765[765]:87[84]|827[830]:2335[2335]:1509[1506]
3651	29907+1167	0	262	1	21945at147550_7|scaffold38|+|222|7.249e-60|1|29907|31073|29907[29907]:31073[31073]:1167[1167]
3651	37747+1584	0	2300	1	65133at147550_4|scaffold38|+|508|5.831e-146|1|37747|39330|37747[37747]:39330[39330]:1584[1584]
3651	128003-798	0	3074	-1	99023at147550_4|scaffold38|-|274|1.61e-75|1|127206|128003|128003[128003]:127206[127206]:798[798]
3651	99844-566	0	4470	-1	98140at147550_2|scaffold38|-|260|2.637e-71|2|99279|99844|99844[99844]:99692[99692]:153[153]|99611[99611]:99279[99279]:333[333]
3651	4730+743	0	5681	1	103769at147550_6|scaffold38|+|264|1.648e-72|2|4730|5472|4730[4730]:5149[5149]:420[420]|5230[5236]:5472[5472]:243[237]
3651	45907-2062	0	5712	-1	29190at147550_0|scaffold38|-|753|1.031e-219|2|43846|45907|45907[45907]:45587[45587]:321[321]|45438[45438]:43846[43846]:1593[1593]
3651	66662+6230	0	15026	1	26788at147550_0|scaffold38|+|1577|0|7|66662|72891|66662[66662]:66742[66742]:81[81]|66872[66872]:67225[67225]:354[354]|67287[67296]:68228[68228]:942[933]|68281[68284]:68391[68391]:111[108]|69743[69743]:70228[70228]:486[486]|70284[70284]:71507[71507]:1224[1224]|71704[71704]:72891[72891]:1188[1188]
3651	182501+921	0	17397	1	47758at147550_3|scaffold38|+|135|1.122e-33|1|182501|183421|182501[182501]:183421[183421]:921[921]
3651	47733-710	0	17702	-1	108555at147550_2|scaffold38|-|140|3.506e-35|2|47024|47733|47733[47733]:47602[47602]:132[132]|47266[47263]:47024[47024]:243[240]
3651	93560-3099	0	19936	-1	16634at147550_6|scaffold38|-|963|6.267e-283|1|90462|93560|93560[93560]:90462[90462]:3099[3099]
3651	69581+3287	0	20763	1	9826at147550_8|scaffold38|+|876|9.698e-257|3|69581|72867|69581[69581]:70231[70231]:651[651]|70278[70284]:71513[71513]:1236[1230]|71674[71674]:72867[72867]:1194[1194]
3651	163509-1104	0	21225	-1	34105at147550_3|scaffold38|-|180|3.188e-47|2|162406|163509|163509[163509]:163210[163210]:300[300]|163137[163116]:162406[162406]:732[711]
3651	176153+509	0	23068	1	108987at147550_2|scaffold38|+|137|2.805e-34|2|176153|176661|176153[176153]:176332[176332]:180[180]|176488[176488]:176661[176661]:174[174]
3651	52164-3144	0	23868	-1	33873at147550_7|scaffold38|-|758|3.223e-221|1|49021|52164|52164[52164]:49021[49021]:3144[3144]
3651	109125+753	0	23970	1	98135at147550_0|scaffold38|+|295|7.676e-82|2|109125|109877|109125[109125]:109190[109190]:66[66]|109254[109254]:109877[109877]:624[624]
3651	57474-1477	0	25857	-1	74608at147550_6|scaffold38|-|222|7.249e-60|3|55998|57474|57474[57474]:57199[57199]:276[276]|57003[57003]:56923[56923]:81[81]|56744[56744]:55998[55998]:747[747]
3651	95265+582	0	27130	1	98303at147550_2|scaffold38|+|263|3.297e-72|1|95265|95846|95265[95265]:95846[95846]:582[582]
3651	193151-2700	0	28049	-1	14248at147550_6|scaffold38|-|1328|0|4|190452|193151|193151[193151]:193050[193050]:102[102]|192974[192971]:192582[192582]:393[390]|192517[192508]:190901[190901]:1617[1608]|190760[190760]:190452[190452]:309[309]
3651	108463-1830	0	30233	-1	21344at147550_6|scaffold38|-|790|7.504e-231|1|106634|108463|108463[108463]:106634[106634]:1830[1830]
3651	100629+577	0	31657	1	103078at147550_7|scaffold38|+|208|1.188e-55|2|100629|101205|100629[100629]:100931[100931]:303[303]|101083[101092]:101205[101205]:123[114]
3651	64123-418	0	33943	-1	102136at147550_6|scaffold38|-|198|1.216e-52|3|63706|64123|64123[64123]:64028[64028]:96[96]|63970[63970]:63866[63866]:105[105]|63801[63798]:63706[63706]:96[93]
3651	117808-2136	0	35603	-1	23567at147550_8|scaffold38|-|869|1.241e-254|1|115673|117808|117808[117808]:115673[115673]:2136[2136]
3651	97354-679	0	36291	-1	96401at147550_6|scaffold38|-|162|8.358e-42|2|96676|97354|97354[97354]:97244[97244]:111[111]|97182[97182]:96676[96676]:507[507]
3651	53574+484	0	37836	1	107762at147550_5|scaffold38|+|166|5.224e-43|3|53574|54057|53574[53574]:53687[53687]:114[114]|53770[53770]:53862[53862]:93[93]|53938[53941]:54057[54057]:120[117]
3651	178305-1233	0	37910	-1	76449at147550|scaffold38|-|303|2.998e-84|1|177073|178305|178305[178305]:177073[177073]:1233[1233]
3651	249+417	0	38483	1	103392at147550_2|scaffold38|+|185|9.964e-49|2|249|665|249[249]:494[494]:246[246]|588[609]:665[665]:78[57]
3651	3849-1485	0	38861	-1	79986at147550_8|scaffold38|-|320|2.288e-89|1|2365|3849|3849[3849]:2365[2365]:1485[1485]
3651	97957+996	0	39127	1	85627at147550_6|scaffold38|+|382|4.96e-108|2|97957|98952|97957[97957]:98262[98262]:306[306]|98335[98350]:98952[98952]:618[603]
3651	121926+1422	0	40724	1	107386at147550_7|scaffold38|+|226|4.531e-61|2|121926|123347|121926[121926]:122375[122375]:450[450]|122454[122454]:123347[123347]:894[894]
3651	12289+1734	0	41429	1	79651at147550_8|scaffold38|+|607|9.199e-176|3|12289|14022|12289[12289]:12771[12771]:483[483]|12828[12828]:13133[13133]:306[306]|13189[13189]:14022[14022]:834[834]
3652	78068-4420	0	231	-1	57762at147550_9|scaffold70|-|1113|0|2|73649|78068|78068[78068]:74781[74781]:3288[3288]|74722[74719]:73649[73649]:1074[1071]
3652	192396-1143	0	1847	-1	80874at147550_8|scaffold70|-|443|2.151e-126|2|191254|192396|192396[192396]:192328[192328]:69[69]|192075[192033]:191254[191254]:822[780]
3652	53999+2631	0	2021	1	14538at147550_8|scaffold70|+|1242|0|1|53999|56629|53999[53999]:56629[56629]:2631[2631]
3652	159854+1039	0	4968	1	102973at147550_4|scaffold70|+|196|4.865e-52|3|159854|160892|159854[159854]:159937[159937]:84[84]|160366[160366]:160422[160422]:57[57]|160575[160575]:160892[160892]:318[318]
3652	166352-384	0	5788	-1	95410at147550_7|scaffold70|-|127|2.872e-31|1|165969|166352|166352[166352]:165969[165969]:384[384]
3652	193097+936	0	11139	1	75010at147550_7|scaffold70|+|475|5.009e-136|1|193097|194032|193097[193097]:194032[194032]:936[936]
3652	137876-871	0	12187	-1	96811at147550_1|scaffold70|-|171|1.632e-44|2|137006|137876|137876[137876]:137214[137214]:663[663]|137182[137182]:137006[137006]:177[177]
3652	61204+839	0	12952	1	88662at147550_7|scaffold70|+|371|1.016e-104|3|61204|62042|61204[61204]:61485[61485]:282[282]|61565[61595]:61954[61954]:390[360]|61989[62010]:62042[62042]:54[33]
3652	17454-999	0	15453	-1	66206at147550_7|scaffold70|-|335|6.981e-94|1|16456|17454|17454[17454]:16456[16456]:999[999]
3652	110776-825	0	16864	-1	49746at147550_8|scaffold70|-|260|2.637e-71|1|109952|110776|110776[110776]:109952[109952]:825[825]
3652	201889+1616	0	17235	1	77826at147550_8|scaffold70|+|471|8.014e-135|2|201889|203504|201889[201889]:203136[203136]:1248[1248]|203187[203196]:203504[203504]:318[309]
3652	134588+1411	0	19555	1	52755at147550_7|scaffold70|+|699|1.858e-203|2|134588|135998|134588[134588]:135244[135244]:657[657]|135297[135303]:135998[135998]:702[696]
3652	130837-1596	0	20219	-1	56963at147550_2|scaffold70|-|510|1.458e-146|6|129242|130837|130837[130837]:130742[130742]:96[96]|130627[130612]:130574[130574]:54[39]|130520[130511]:130413[130413]:108[99]|130354[130348]:129623[129623]:732[726]|129557[129557]:129393[129393]:165[165]|129331[129325]:129242[129242]:90[84]
3652	31644-1005	0	20345	-1	85658at147550_9|scaffold70|-|98|1.542e-22|1|30640|31644|31644[31644]:30640[30640]:1005[1005]
3652	7685-1195	0	20980	-1	89435at147550|scaffold70|-|427|1.41e-121|2|6491|7685|7685[7685]:6645[6645]:1041[1041]|6559[6529]:6491[6491]:69[39]
3652	52547-1554	0	21131	-1	48519at147550_1|scaffold70|-|452|4.202e-129|2|50994|52547|52547[52547]:51960[51960]:588[588]|51710[51710]:50994[50994]:717[717]
3652	8695+2160	0	22111	1	11925at147550_6|scaffold70|+|1083|4.71502e-319|2|8695|10854|8695[8695]:8898[8898]:204[204]|8977[8977]:10854[10854]:1878[1878]
3652	34849-1319	0	24300	-1	66030at147550_7|scaffold70|-|483|1.956e-138|3|33531|34849|34849[34849]:34736[34736]:114[114]|34498[34495]:34253[34253]:246[243]|34127[34127]:33531[33531]:597[597]
3652	168100+1074	0	24556	1	59760at147550_5|scaffold70|+|365|6.502e-103|1|168100|169173|168100[168100]:169173[169173]:1074[1074]
3652	166483-3693	0	25537	-1	87243at147550_6|scaffold70|-|572|3.161e-165|3|162791|166483|166483[166483]:166439[166439]:45[45]|166352[166352]:165960[165960]:393[393]|163957[163957]:162791[162791]:1167[1167]
3652	116350-2453	0	26019	-1	17875at147550_9|scaffold70|-|1100|4.94066e-324|3|113898|116350|116350[116350]:116306[116306]:45[45]|116243[116240]:116031[116031]:213[210]|115931[115931]:113898[113898]:2034[2034]
3652	32456+494	0	26277	1	102665at147550_7|scaffold70|+|201|1.52e-53|3|32456|32949|32456[32456]:32560[32560]:105[105]|32608[32620]:32658[32658]:51[39]|32764[32767]:32949[32949]:186[183]
3652	81442-645	0	27678	-1	47551at147550_5|scaffold70|-|39|8.888e-05|1|80798|81442|81442[81442]:80798[80798]:645[645]
3652	15404-1059	0	28139	-1	58243at147550_4|scaffold70|-|332|5.585e-93|1|14346|15404|15404[15404]:14346[14346]:1059[1059]
3652	196673+3720	0	28524	1	11773at147550_9|scaffold70|+|1292|0|1|196673|200392|196673[196673]:200392[200392]:3720[3720]
3652	152831-459	0	29409	-1	104283at147550_3|scaffold70|-|188|1.245e-49|2|152373|152831|152831[152831]:152601[152601]:231[231]|152537[152513]:152373[152373]:165[141]
3652	45455+1944	0	31674	1	15998at147550_3|scaffold70|+|116|5.881e-28|1|45455|47398|45455[45455]:47398[47398]:1944[1944]
3652	157954+1548	0	32837	1	29116at147550_2|scaffold70|+|316|3.66e-88|1|157954|159501|157954[157954]:159501[159501]:1548[1548]
3652	120389+1421	0	37479	1	39807at147550_0|scaffold70|+|638|4.284e-185|3|120389|121809|120389[120389]:120499[120499]:111[111]|120560[120560]:121039[121039]:480[480]|121096[121096]:121809[121809]:714[714]
3652	12034+2113	0	41425	1	43942at147550_0|scaffold70|+|769|1.574e-224|4|12034|14146|12034[12034]:12279[12279]:246[246]|12387[12405]:12506[12506]:120[102]|12643[12643]:13872[13872]:1230[1230]|13949[13949]:14146[14146]:198[198]
3652	170263-792	0	41522	-1	86050at147550_4|scaffold70|-|342|5.454e-96|1|169472|170263|170263[170263]:169472[169472]:792[792]
3653	135595+892	0	992	1	76448at147550_1|scaffold102|+|384|1.24e-108|2|135595|136486|135595[135595]:135753[135753]:159[159]|135851[135854]:136486[136486]:636[633]
3653	162989-1815	0	6708	-1	47595at147550_4|scaffold102|-|739|1.69e-215|1|161175|162989|162989[162989]:161175[161175]:1815[1815]
3653	97750+679	0	8775	1	103179at147550_5|scaffold102|+|223|3.625e-60|2|97750|98428|97750[97750]:98013[98013]:264[264]|98177[98177]:98428[98428]:252[252]
3653	60429-1522	0	8827	-1	35545at147550_3|scaffold102|-|671|4.987e-195|3|58908|60429|60429[60429]:60316[60316]:114[114]|60188[60188]:60054[60054]:135[135]|59954[59945]:58908[58908]:1047[1038]
3653	55508+2928	0	9587	1	2548at147550_6|scaffold102|+|292|6.141e-81|1|55508|58435|55508[55508]:58435[58435]:2928[2928]
3653	187713-1381	0	10388	-1	60074at147550_0|scaffold102|-|591|6.029e-171|2|186333|187713|187713[187713]:187453[187453]:261[261]|187358[187358]:186333[186333]:1026[1026]
3653	145460+1536	0	11434	1	74480at147550_5|scaffold102|+|545|4.242e-157|2|145460|146995|145460[145460]:145630[145630]:171[171]|146108[146108]:146995[146995]:888[888]
3653	189828-1127	0	12053	-1	61178at147550_2|scaffold102|-|418|7.218e-119|2|188702|189828|189828[189828]:189535[189535]:294[294]|189469[189463]:188702[188702]:768[762]
3653	168144+1767	0	13316	1	70636at147550_3|scaffold102|+|535|4.344e-154|2|168144|169910|168144[168144]:169730[169730]:1587[1587]|169791[169824]:169910[169910]:120[87]
3653	171736+1244	0	17622	1	91747at147550_0|scaffold102|+|489|3.057e-140|2|171736|172979|171736[171736]:172536[172536]:801[801]|172668[172668]:172979[172979]:312[312]
3653	49057-1109	0	18591	-1	80043at147550_5|scaffold102|-|299|4.797e-83|3|47949|49057|49057[49057]:48929[48929]:129[129]|48831[48831]:48649[48649]:183[183]|48554[48554]:47949[47949]:606[606]
3653	126316-13650	0	23181	-1	42784at147550_0|scaffold102|-|882|1.515e-258|3|112667|126316|126316[126316]:124808[124808]:1509[1509]|113970[113970]:113875[113875]:96[96]|113815[113794]:112667[112667]:1149[1128]
3653	206589+4623	0	24099	1	2117at147550_8|scaffold102|+|1864|0|5|206589|211211|206589[206589]:208685[208685]:2097[2097]|208757[208757]:209077[209077]:321[321]|209119[209131]:209295[209295]:177[165]|209343[209346]:210611[210611]:1269[1266]|210681[210681]:211211[211211]:531[531]
3653	85072+3591	0	24777	1	6043at147550_7|scaffold102|+|1374|0|1|85072|88662|85072[85072]:88662[88662]:3591[3591]
3653	81829+1819	0	26286	1	70854at147550_5|scaffold102|+|426|2.82e-121|2|81829|83647|81829[81829]:82554[82554]:726[726]|82652[82661]:83647[83647]:996[987]
3653	126295-1494	0	31017	-1	42784at147550_6|scaffold102|-|690|9.512e-201|1|124802|126295|126295[126295]:124802[124802]:1494[1494]
3653	26158+1503	0	31056	1	34082at147550_5|scaffold102|+|726|1.384e-211|3|26158|27660|26158[26158]:26358[26358]:201[201]|26397[26421]:27482[27482]:1086[1062]|27547[27547]:27660[27660]:114[114]
3653	105208-5215	0	33336	-1	6451at147550_4|scaffold102|-|1420|0|2|99994|105208|105208[105208]:101483[101483]:3726[3726]|101427[101427]:99994[99994]:1434[1434]
3653	65301-769	0	34031	-1	102299at147550|scaffold102|-|183|3.985e-48|3|64533|65301|65301[65301]:65170[65170]:132[132]|65134[65107]:65030[65030]:105[78]|64892[64883]:64533[64533]:360[351]
3653	206055-1816	0	35455	-1	65866at147550_6|scaffold102|-|912|1.411e-267|2|204240|206055|206055[206055]:205009[205009]:1047[1047]|204920[204920]:204240[204240]:681[681]
3653	122182-3913	0	36236	-1	2986at147550_0|scaffold102|-|1027|3.398e-302|4|118270|122182|122182[122182]:121343[121343]:840[840]|121260[121260]:119737[119737]:1524[1524]|119695[119662]:118715[118715]:981[948]|118629[118629]:118270[118270]:360[360]
3653	107944+2637	0	38555	1	25737at147550_8|scaffold102|+|1166|0|3|107944|110580|107944[107944]:109062[109062]:1119[1119]|109119[109119]:109694[109694]:576[576]|109753[109753]:110580[110580]:828[828]
3653	220949-1176	0	38744	-1	32578at147550_2|scaffold102|-|249|5.401e-68|1|219774|220949|220949[220949]:219774[219774]:1176[1176]
3653	138157+2002	0	39758	1	23801at147550_1|scaffold102|+|758|3.223e-221|4|138157|140158|138157[138157]:138309[138309]:153[153]|138371[138371]:138673[138673]:303[303]|138885[138888]:139745[139745]:861[858]|139841[139841]:140158[140158]:318[318]
3655	9733-783	0	17781	-1	52951at147550_9|scaffold166|-|87|3.158e-19|1|8951|9733|9733[9733]:8951[8951]:783[783]
3655	13325+1059	0	31226	1	19333at147550_1|scaffold166|+|132|8.974e-33|1|13325|14383|13325[13325]:14383[14383]:1059[1059]
3655	15629+1134	0	39207	1	48743at147550|scaffold166|+|149|6.847e-38|1|15629|16762|15629[15629]:16762[16762]:1134[1134]
3657	162024-1580	0	5501	-1	34845at147550_9|scaffold230|-|788|3.001e-230|2|160445|162024|162024[162024]:161413[161413]:612[612]|161356[161356]:160445[160445]:912[912]
3657	154695-687	0	19807	-1	57795at147550_4|scaffold230|-|47|3.472e-07|1|154009|154695|154695[154695]:154009[154009]:687[687]
3657	153059-4560	0	22665	-1	79766at147550_1|scaffold230|-|322|5.719e-90|3|148500|153059|153059[153059]:153006[153006]:54[54]|150173[150170]:149856[149856]:318[315]|149816[149792]:148500[148500]:1317[1293]
3657	59489+1272	0	25328	1	48882at147550_2|scaffold230|+|314|1.464e-87|1|59489|60760|59489[59489]:60760[60760]:1272[1272]
3657	147024+427	0	29486	1	101388at147550_4|scaffold230|+|189|6.227e-50|2|147024|147450|147024[147024]:147263[147263]:240[240]|147373[147373]:147450[147450]:78[78]
3657	126798+3885	0	34683	1	2538at147550_1|scaffold230|+|1439|0|2|126798|130682|126798[126798]:129161[129161]:2364[2364]|129243[129246]:130682[130682]:1440[1437]
3657	146443-1971	0	39121	-1	41419at147550_4|scaffold230|-|807|5.725e-236|1|144473|146443|146443[146443]:144473[144473]:1971[1971]
3658	13204-1494	0	19	-1	52198at147550|scaffold262|-|554|8.286e-160|3|11711|13204|13204[13204]:13085[13085]:120[120]|12956[12947]:12660[12660]:297[288]|12583[12583]:11711[11711]:873[873]
3658	26805-1755	0	3385	-1	33274at147550_6|scaffold262|-|854|4.068e-250|1|25051|26805|26805[26805]:25051[25051]:1755[1755]
3658	20570+537	0	6380	1	103908at147550_3|scaffold262|+|251|1.35e-68|2|20570|21106|20570[20570]:20674[20674]:105[105]|20756[20765]:21106[21106]:351[342]
3658	8751-2770	0	6832	-1	9818at147550_6|scaffold262|-|1520|0|2|5982|8751|8751[8751]:8623[8623]:129[129]|8546[8546]:5982[5982]:2565[2565]
3658	41795+1968	0	15555	1	26611at147550_1|scaffold262|+|986|7.471e-290|6|41795|43762|41795[41795]:41881[41881]:87[87]|41933[41933]:42061[42061]:129[129]|42149[42158]:42268[42268]:120[111]|42320[42323]:42565[42565]:246[243]|42616[42616]:43371[43371]:756[756]|43430[43430]:43762[43762]:333[333]
3658	15620+3702	0	18034	1	5368at147550_6|scaffold262|+|1676|0|4|15620|19321|15620[15620]:15790[15790]:171[171]|16003[16003]:16515[16515]:513[513]|16569[16572]:18320[18320]:1752[1749]|18365[18380]:19321[19321]:957[942]
3658	9301+1339	0	19050	1	45760at147550_0|scaffold262|+|744|5.28e-217|4|9301|10639|9301[9301]:9393[9393]:93[93]|9458[9464]:9634[9634]:177[171]|9667[9667]:10020[10020]:354[354]|10058[10085]:10639[10639]:582[555]
3658	45069-673	0	27176	-1	102251at147550_3|scaffold262|-|175|1.02e-45|2|44397|45069|45069[45069]:44740[44740]:330[330]|44519[44516]:44397[44397]:123[120]
3658	29120+1907	0	27630	1	32654at147550_7|scaffold262|+|835|2.133e-244|3|29120|31026|29120[29120]:30193[30193]:1074[1074]|30241[30241]:30744[30744]:504[504]|30844[30853]:31026[31026]:183[174]
3658	50385-3865	0	36191	-1	4331at147550_6|scaffold262|-|1792|0|2|46521|50385|50385[50385]:50284[50284]:102[102]|50210[50207]:46521[46521]:3690[3687]
3658	28209-790	0	41136	-1	84108at147550_0|scaffold262|-|189|6.227e-50|2|27420|28209|28209[28209]:28048[28048]:162[162]|27752[27752]:27420[27420]:333[333]
16773	92598-4593	0	1297	-1	14616at147550_1|scaffold24|-|1358|0|1|88006|92598|92598[92598]:88006[88006]:4593[4593]
16773	42215+1271	0	1824	1	58937at147550_2|scaffold24|+|596|1.884e-172|3|42215|43485|42215[42215]:42325[42325]:111[111]|42495[42501]:43091[43091]:597[591]|43183[43186]:43485[43485]:303[300]
16773	175265-1440	0	9611	-1	59415at147550_3|scaffold24|-|205|9.502e-55|1|173826|175265|175265[175265]:173826[173826]:1440[1440]
16773	38263+2141	0	10335	1	20174at147550_5|scaffold24|+|894|3.7e-262|2|38263|40403|38263[38263]:39222[39222]:960[960]|39300[39300]:40403[40403]:1104[1104]
16773	76434-549	0	22994	-1	66030at147550_6|scaffold24|-|119|7.352e-29|1|75886|76434|76434[76434]:75886[75886]:549[549]
16773	202205+1241	0	30864	1	55018at147550_5|scaffold24|+|247|2.161e-67|2|202205|203445|202205[202205]:202486[202486]:282[282]|202540[202546]:203445[203445]:906[900]
16773	124756-1479	0	38136	-1	21945at147550_4|scaffold24|-|203|3.801e-54|1|123278|124756|124756[124756]:123278[123278]:1479[1479]
16774	79868+2103	0	7445	1	22369at147550_5|scaffold56|+|1177|0|3|79868|81970|79868[79868]:79939[79939]:72[72]|80009[80009]:80674[80674]:666[666]|80759[80762]:81970[81970]:1212[1209]
16774	38248-1794	0	7544	-1	64318at147550_5|scaffold56|-|659|2.043e-191|1|36455|38248|38248[38248]:36455[36455]:1794[1794]
16774	82765-411	0	10152	-1	98256at147550_9|scaffold56|-|184|1.993e-48|1|82355|82765|82765[82765]:82355[82355]:411[411]
16774	90280+1068	0	12329	1	83508at147550_4|scaffold56|+|484|9.782e-139|1|90280|91347|90280[90280]:91347[91347]:1068[1068]
16774	152443-1988	0	13697	-1	35853at147550_3|scaffold56|-|558|5.179e-161|2|150456|152443|152443[152443]:151649[151649]:795[795]|151589[151589]:150456[150456]:1134[1134]
16774	149755-1239	0	14218	-1	64457at147550_3|scaffold56|-|524|8.897e-151|5|148517|149755|149755[149755]:149690[149690]:66[66]|149535[149535]:149491[149491]:45[45]|149428[149422]:149309[149309]:120[114]|149234[149231]:148656[148656]:579[576]|148603[148588]:148517[148517]:87[72]
16774	68176-2511	0	15407	-1	23722at147550_4|scaffold56|-|1012|1.113e-297|2|65666|68176|68176[68176]:65945[65945]:2232[2232]|65734[65725]:65666[65666]:69[60]
16774	147408-5853	0	19254	-1	3408at147550_9|scaffold56|-|1693|0|1|141556|147408|147408[147408]:141556[141556]:5853[5853]
16774	13949+3075	0	20266	1	29346at147550_4|scaffold56|+|1022|1.087e-300|1|13949|17023|13949[13949]:17023[17023]:3075[3075]
16774	156978+1763	0	20789	1	100187at147550_5|scaffold56|+|155|1.07e-39|3|156978|158740|156978[156978]:157223[157223]:246[246]|158229[158229]:158384[158384]:156[156]|158444[158444]:158740[158740]:297[297]
16774	35201+704	0	24421	1	86590at147550_4|scaffold56|+|335|6.981e-94|2|35201|35904|35201[35201]:35602[35602]:402[402]|35731[35731]:35904[35904]:174[174]
16774	129515-1016	0	24490	-1	62057at147550_7|scaffold56|-|509|2.915e-146|2|128500|129515|129515[129515]:128658[128658]:858[858]|128589[128589]:128500[128500]:90[90]
16774	134728-1432	0	30454	-1	39156at147550_7|scaffold56|-|759|1.611e-221|2|133297|134728|134728[134728]:134666[134666]:63[63]|134553[134538]:133297[133297]:1257[1242]
16774	94457-2875	0	31569	-1	10520at147550_9|scaffold56|-|1454|0|3|91583|94457|94457[94457]:94335[94335]:123[123]|94218[94191]:91936[91936]:2283[2256]|91864[91864]:91583[91583]:282[282]
16774	89497-1998	0	33224	-1	58590at147550_8|scaffold56|-|467|1.282e-133|3|87500|89497|89497[89497]:89342[89342]:156[156]|89266[89260]:87683[87683]:1584[1578]|87607[87604]:87500[87500]:108[105]
16774	83798+2926	0	33311	1	21369at147550_7|scaffold56|+|1092|9.18962e-322|3|83798|86723|83798[83798]:85417[85417]:1620[1620]|85562[85562]:86437[86437]:876[876]|86538[86562]:86723[86723]:186[162]
16774	153525+1587	0	33526	1	58658at147550_7|scaffold56|+|633|1.371e-183|4|153525|155111|153525[153525]:153776[153776]:252[252]|153868[153868]:154056[154056]:189[189]|154117[154117]:154986[154986]:870[870]|155019[155046]:155111[155111]:93[66]
16774	11125-3100	0	36322	-1	7791at147550_8|scaffold56|-|1383|0|5|8026|11125|11125[11125]:11024[11024]:102[102]|10884[10884]:10486[10486]:399[399]|10402[10402]:9596[9596]:807[807]|9441[9423]:8695[8695]:747[729]|8646[8646]:8026[8026]:621[621]
16776	9979-921	0	9386	-1	71400at147550_5|scaffold120|-|272|6.439e-75|1|9059|9979|9979[9979]:9059[9059]:921[921]
16776	36573+753	0	9515	1	87514at147550_2|scaffold120|+|36|0.000711|1|36573|37325|36573[36573]:37325[37325]:753[753]
16776	12450-1428	0	32772	-1	41856at147550_0|scaffold120|-|421|9.023e-120|2|11023|12450|12450[12450]:12301[12301]:150[150]|12201[12201]:11023[11023]:1179[1179]
16776	39707-1382	0	38403	-1	76665at147550_2|scaffold120|-|463|2.052e-132|2|38326|39707|39707[39707]:39606[39606]:102[102]|39555[39525]:38326[38326]:1230[1200]
16776	21577+5764	0	41420	1	2404at147550_0|scaffold120|+|1777|0|2|21577|27340|21577[21577]:21891[21891]:315[315]|21974[21974]:27340[27340]:5367[5367]
16776	42041+448	0	41441	1	104571at147550_2|scaffold120|+|189|6.227e-50|2|42041|42488|42041[42041]:42169[42169]:129[129]|42342[42342]:42488[42488]:147[147]
16778	6665+915	0	15981	1	90047at147550_7|scaffold184|+|283|3.144e-78|1|6665|7579|6665[6665]:7579[7579]:915[915]
16779	65413-406	0	6384	-1	107174at147550_1|scaffold216|-|200|3.041e-53|2|65008|65413|65413[65413]:65135[65135]:279[279]|65058[65058]:65008[65008]:51[51]
16779	8063-717	0	10420	-1	86390at147550_8|scaffold216|-|417|1.444e-118|1|7347|8063|8063[8063]:7347[7347]:717[717]
16779	55415-3239	0	10573	-1	11504at147550_9|scaffold216|-|1268|0|4|52177|55415|55415[55415]:55320[55320]:96[96]|55249[55216]:55151[55151]:99[66]|55084[55084]:52439[52439]:2646[2646]|52383[52383]:52177[52177]:207[207]
16779	30269-1206	0	14663	-1	53014at147550_0|scaffold216|-|551|6.629e-159|1|29064|30269|30269[30269]:29064[29064]:1206[1206]
16779	63103-2743	0	21494	-1	22356at147550_7|scaffold216|-|874|3.879e-256|2|60361|63103|63103[63103]:62825[62825]:279[279]|62718[62718]:60361[60361]:2358[2358]
16779	65698+636	0	24799	1	97466at147550_5|scaffold216|+|299|4.797e-83|2|65698|66333|65698[65698]:65889[65889]:192[192]|66034[66040]:66333[66333]:300[294]
16779	84635+808	0	27102	1	62057at147550_9|scaffold216|+|127|2.872e-31|2|84635|85442|84635[84635]:85204[85204]:570[570]|85269[85278]:85442[85442]:174[165]
16779	8684+2042	0	27127	1	67291at147550_6|scaffold216|+|617|8.984e-179|2|8684|10725|8684[8684]:8824[8824]:141[141]|8905[8905]:10725[10725]:1821[1821]
16779	63477+623	0	27642	1	95054at147550_8|scaffold216|+|298|9.595e-83|2|63477|64099|63477[63477]:63542[63542]:66[66]|63656[63656]:64099[64099]:444[444]
16779	27981-6381	0	30170	-1	1770at147550_8|scaffold216|-|1630|0|1|21601|27981|27981[27981]:21601[21601]:6381[6381]
16779	71509-2084	0	30361	-1	36087at147550_8|scaffold216|-|809|1.431e-236|5|69426|71509|71509[71509]:71366[71366]:144[144]|71281[71254]:70508[70508]:774[747]|70457[70454]:69816[69816]:642[639]|69703[69700]:69584[69584]:120[117]|69542[69527]:69426[69426]:117[102]
16779	46659+972	0	32610	1	91413at147550_7|scaffold216|+|168|1.306e-43|1|46659|47630|46659[46659]:47630[47630]:972[972]
16779	14635-3018	0	40315	-1	21806at147550_8|scaffold216|-|1069|7.725e-315|2|11618|14635|14635[14635]:13769[13769]:867[867]|13708[13705]:11618[11618]:2091[2088]
1	119267-2013	0	3377	-1	284at147550_6|scaffold33|-|413|2.31e-117|1|117255|119267|119267[119267]:117255[117255]:2013[2013]
1	66659-369	0	5912	-1	99906at147550_7|scaffold33|-|116|5.881e-28|1|66291|66659|66659[66659]:66291[66291]:369[369]
1	13583-2783	0	6037	-1	15727at147550_0|scaffold33|-|1275|0|2|10801|13583|13583[13583]:13407[13407]:177[177]|13272[13272]:10801[10801]:2472[2472]
1	99109+2286	0	8808	1	14287at147550_5|scaffold33|+|1279|0|3|99109|101394|99109[99109]:99366[99366]:258[258]|99439[99439]:100842[100842]:1404[1404]|100903[100906]:101394[101394]:492[489]
1	45129-1092	0	9731	-1	103310at147550_3|scaffold33|-|156|5.349e-40|1|44038|45129|45129[45129]:44038[44038]:1092[1092]
1	84151+1101	0	15438	1	93786at147550_7|scaffold33|+|179|6.377e-47|1|84151|85251|84151[84151]:85251[85251]:1101[1101]
1	95908+1737	0	23917	1	76697at147550_8|scaffold33|+|295|7.676e-82|1|95908|97644|95908[95908]:97644[97644]:1737[1737]
1	53495+1490	0	24795	1	38240at147550_7|scaffold33|+|748|3.3e-218|2|53495|54984|53495[53495]:54499[54499]:1005[1005]|54541[54556]:54984[54984]:444[429]
1	87033+1523	0	24967	1	39419at147550_8|scaffold33|+|696|1.486e-202|2|87033|88555|87033[87033]:87110[87110]:78[78]|87308[87308]:88555[88555]:1248[1248]
1	103672-1928	0	31669	-1	37034at147550_3|scaffold33|-|772|1.967e-225|2|101745|103672|103672[103672]:103253[103253]:420[420]|103190[103190]:101745[101745]:1446[1446]
1	104680+840	0	36116	1	104752at147550_8|scaffold33|+|246|4.321e-67|2|104680|105519|104680[104680]:104898[104898]:219[219]|104956[104974]:105519[105519]:564[546]
1	106477+8057	0	36802	1	10155at147550_1|scaffold33|+|1427|0|8|106477|114533|106477[106477]:106596[106596]:120[120]|106666[106693]:106995[106995]:330[303]|107118[107118]:107390[107390]:273[273]|107515[107515]:108111[108111]:597[597]|108172[108175]:108417[108417]:246[243]|108470[108476]:109450[109450]:981[975]|113730[113730]:114200[114200]:471[471]|114327[114327]:114533[114533]:207[207]
1	26261+2058	0	39345	1	25783at147550_3|scaffold33|+|1049|8.1e-309|1|26261|28318|26261[26261]:28318[28318]:2058[2058]
2	24145-1542	0	16008	-1	17325at147550_3|scaffold65|-|349|4.261e-98|3|22604|24145|24145[24145]:23669[23669]:477[477]|23592[23592]:23329[23329]:264[264]|23284[23278]:22604[22604]:681[675]
2	31609+3882	0	19222	1	17934at147550_1|scaffold65|+|1057|3.164e-311|1|31609|35490|31609[31609]:35490[35490]:3882[3882]
3	33651+1849	0	1226	1	35275at147550_4|scaffold97|+|759|1.611e-221|2|33651|35499|33651[33651]:34151[34151]:501[501]|34225[34225]:35499[35499]:1275[1275]
3	25924+3022	0	3756	1	11296at147550_7|scaffold97|+|1007|3.563e-296|4|25924|28945|25924[25924]:26340[26340]:417[417]|26408[26447]:26647[26647]:240[201]|26692[26716]:27003[27003]:312[288]|27062[27065]:28945[28945]:1884[1881]
3	24437-1356	0	16172	-1	72397at147550_7|scaffold97|-|482|3.913e-138|4|23082|24437|24437[24437]:24318[24318]:120[120]|24103[24103]:23612[23612]:492[492]|23517[23502]:23278[23278]:240[225]|23195[23195]:23082[23082]:114[114]
3	44611+1172	0	37382	1	56545at147550_6|scaffold97|+|135|1.122e-33|2|44611|45782|44611[44611]:44955[44955]:345[345]|45261[45261]:45782[45782]:522[522]
3	36779+3180	0	38961	1	13529at147550_5|scaffold97|+|990|4.67e-291|2|36779|39958|36779[36779]:38752[38752]:1974[1974]|38942[38942]:39958[39958]:1017[1017]
5	27165-894	0	9591	-1	40479at147550_4|scaffold161|-|80|4.042e-17|1|26272|27165|27165[27165]:26272[26272]:894[894]
5	32619+1513	0	38466	1	61098at147550_8|scaffold161|+|628|4.387e-182|2|32619|34131|32619[32619]:33914[33914]:1296[1296]|33973[33973]:34131[34131]:159[159]
7	94402-729	0	8209	-1	87514at147550_1|scaffold225|-|76|6.467e-16|1|93674|94402|94402[94402]:93674[93674]:729[729]
7	99623-1274	0	8583	-1	66489at147550_4|scaffold225|-|539|2.715e-155|3|98350|99623|99623[99623]:99237[99237]:387[387]|99008[98981]:98574[98574]:435[408]|98487[98484]:98350[98350]:138[135]
7	63634-2767	0	11687	-1	12694at147550_7|scaffold225|-|1195|0|2|60868|63634|63634[63634]:62405[62405]:1230[1230]|62340[62340]:60868[60868]:1473[1473]
7	75934+2169	0	14093	1	13350at147550_7|scaffold225|+|649|2.092e-188|2|75934|78102|75934[75934]:76077[76077]:144[144]|76234[76234]:78102[78102]:1869[1869]
7	165531+2364	0	16549	1	37134at147550_6|scaffold225|+|1000|4.56e-294|2|165531|167894|165531[165531]:167705[167705]:2175[2175]|167766[167766]:167894[167894]:129[129]
7	171428-1992	0	17304	-1	21188at147550_4|scaffold225|-|651|5.229e-189|3|169437|171428|171428[171428]:170949[170949]:480[480]|170775[170775]:170320[170320]:456[456]|170225[170219]:169437[169437]:789[783]
7	38595+1127	0	18360	1	32578at147550|scaffold225|+|206|4.751e-55|2|38595|39721|38595[38595]:39194[39194]:600[600]|39209[39209]:39721[39721]:513[513]
7	155480+2061	0	23117	1	31701at147550_7|scaffold225|+|400|1.892e-113|4|155480|157540|155480[155480]:155806[155806]:327[327]|155904[155904]:156356[156356]:453[453]|156529[156529]:157056[157056]:528[528]|157124[157136]:157540[157540]:417[405]
7	124274+662	0	23437	1	94278at147550_7|scaffold225|+|284|1.572e-78|2|124274|124935|124274[124274]:124561[124561]:288[288]|124582[124627]:124935[124935]:354[309]
7	120510+427	0	24147	1	105945at147550_5|scaffold225|+|155|1.07e-39|2|120510|120936|120510[120510]:120647[120647]:138[138]|120784[120784]:120936[120936]:153[153]
7	119379-1397	0	24164	-1	59591at147550_9|scaffold225|-|602|2.944e-174|3|117983|119379|119379[119379]:119275[119275]:105[105]|119124[119121]:118132[118132]:993[990]|118042[118042]:117983[117983]:60[60]
7	123578-1761	0	28496	-1	63972at147550_3|scaffold225|-|604|7.36e-175|2|121818|123578|123578[123578]:123462[123462]:117[117]|123392[123392]:121818[121818]:1575[1575]
7	163465-3566	0	32002	-1	9362at147550_9|scaffold225|-|1010|4.453e-297|3|159900|163465|163465[163465]:163070[163070]:396[396]|162904[162904]:162302[162302]:603[603]|162242[162242]:159900[159900]:2343[2343]
7	131931+3064	0	40290	1	15439at147550_8|scaffold225|+|823|8.735e-241|2|131931|134994|131931[131931]:132920[132920]:990[990]|133003[133006]:134994[134994]:1992[1989]
8	5948+2367	0	495	1	13956at147550_7|scaffold257|+|1209|0|3|5948|8314|5948[5948]:6223[6223]:276[276]|6280[6283]:7821[7821]:1542[1539]|7886[7889]:8314[8314]:429[426]
8	22020+4805	0	531	1	1817at147550_9|scaffold257|+|2803|0|2|22020|26824|22020[22020]:22241[22241]:222[222]|22328[22334]:26824[26824]:4497[4491]
8	17512+1487	0	876	1	38552at147550_4|scaffold257|+|775|2.459e-226|2|17512|18998|17512[17512]:18516[18516]:1005[1005]|18576[18594]:18998[18998]:423[405]
8	11319+2351	0	19162	1	44332at147550_0|scaffold257|+|680|9.74e-198|2|11319|13669|11319[11319]:13157[13157]:1839[1839]|13190[13223]:13669[13669]:480[447]
8	5071-1731	0	23517	-1	34019at147550|scaffold257|-|951|2.567e-279|3|3341|5071|5071[5071]:4919[4919]:153[153]|4829[4829]:3453[3453]:1377[1377]|3397[3391]:3341[3341]:57[51]
9	168229+1301	0	757	1	37480at147550_0|scaffold289|+|635|3.427e-184|3|168229|169529|168229[168229]:168762[168762]:534[534]|168821[168821]:169246[169246]:426[426]|169308[169308]:169529[169529]:222[222]
9	42872-2634	0	1628	-1	34234at147550_4|scaffold289|-|307|1.874e-85|1|40239|42872|42872[42872]:40239[40239]:2634[2634]
9	177111-201	0	1742	-1	108736at147550_9|scaffold289|-|128|1.436e-31|1|176911|177111|177111[177111]:176911[176911]:201[201]
9	153656-928	0	8488	-1	51598at147550_9|scaffold289|-|187|2.491e-49|2|152729|153656|153656[153656]:153225[153225]:432[432]|153082[153079]:152729[152729]:354[351]
9	128864+13828	0	9629	1	25615at147550_1|scaffold289|+|1553|0|3|128864|142691|128864[128864]:130471[130471]:1608[1608]|140362[140362]:140601[140601]:240[240]|140673[140688]:142691[142691]:2019[2004]
9	163249+2964	0	10655	1	11295at147550_6|scaffold289|+|1305|0|1|163249|166212|163249[163249]:166212[166212]:2964[2964]
9	134658-744	0	13716	-1	59591at147550_1|scaffold289|-|93|4.934e-21|1|133915|134658|134658[134658]:133915[133915]:744[744]
9	231386+774	0	14000	1	48666at147550_1|scaffold289|+|116|5.881e-28|1|231386|232159|231386[231386]:232159[232159]:774[774]
9	52716-438	0	22061	-1	93683at147550_3|scaffold289|-|88|1.579e-19|1|52279|52716|52716[52716]:52279[52279]:438[438]
9	249883-2682	0	28434	-1	35791at147550_9|scaffold289|-|1180|0|1|247202|249883|249883[249883]:247202[247202]:2682[2682]
9	70131-1623	0	31743	-1	58252at147550_4|scaffold289|-|486|2.446e-139|1|68509|70131|70131[70131]:68509[68509]:1623[1623]
730	10780+2146	0	4907	1	22617at147550_6|scaffold2|+|980|4.782e-288|4|10780|12925|10780[10780]:10956[10956]:177[177]|11110[11110]:12069[12069]:960[960]|12130[12133]:12603[12603]:474[471]|12707[12707]:12925[12925]:219[219]
730	85482-885	0	12283	-1	81685at147550_2|scaffold2|-|297|1.919e-82|1|84598|85482|85482[85482]:84598[84598]:885[885]
730	89010+3282	0	29667	1	3745at147550_3|scaffold2|+|1850|0|1|89010|92291|89010[89010]:92291[92291]:3282[3282]
730	10019-4813	0	32136	-1	95217at147550_3|scaffold2|-|716|1.417e-208|3|5207|10019|10019[10019]:9267[9267]:753[753]|6578[6578]:6189[6189]:390[390]|6094[6094]:5207[5207]:888[888]
730	88059-879	0	34830	-1	73608at147550_4|scaffold2|-|471|8.014e-135|1|87181|88059|88059[88059]:87181[87181]:879[879]
730	3125-2259	0	35801	-1	67345at147550_0|scaffold2|-|701|4.645e-204|2|867|3125|3125[3125]:2466[2466]:660[660]|2390[2390]:867[867]:1524[1524]
730	76946+375	0	41227	1	50699at147550_4|scaffold2|+|36|0.000711|1|76946|77320|76946[76946]:77320[77320]:375[375]
731	78199-398	0	520	-1	104848at147550_7|scaffold34|-|164|2.09e-42|2|77802|78199|78199[78199]:78122[78122]:78[78]|78044[78041]:77802[77802]:243[240]
731	78571+1184	0	2422	1	79900at147550_1|scaffold34|+|440|1.721e-125|6|78571|79754|78571[78571]:78672[78672]:102[102]|78805[78805]:78873[78873]:69[69]|78930[78933]:79022[79022]:93[90]|79221[79221]:79325[79325]:105[105]|79352[79379]:79603[79603]:252[225]|79653[79659]:79754[79754]:102[96]
731	93288+1047	0	3918	1	39565at147550_9|scaffold34|+|73|5.173e-15|1|93288|94334|93288[93288]:94334[94334]:1047[1047]
731	112598+1581	0	13739	1	50054at147550_5|scaffold34|+|569|2.529e-164|1|112598|114178|112598[112598]:114178[114178]:1581[1581]
731	71448+1321	0	13998	1	95778at147550_7|scaffold34|+|436|2.754e-124|2|71448|72768|71448[71448]:71546[71546]:99[99]|71611[71611]:72768[72768]:1158[1158]
731	119230+1668	0	14016	1	36320at147550_3|scaffold34|+|898|2.312e-263|2|119230|120897|119230[119230]:120225[120225]:996[996]|120286[120286]:120897[120897]:612[612]
731	3728-2551	0	14093	-1	13350at147550_7|scaffold34|-|655|3.268e-190|4|1178|3728|3728[3728]:3507[3507]:222[222]|3423[3423]:2680[2680]:744[744]|2585[2585]:1857[1857]:729[729]|1798[1780]:1178[1178]:621[603]
731	42938-1588	0	16569	-1	61099at147550_6|scaffold34|-|694|5.945e-202|2|41351|42938|42938[42938]:42276[42276]:663[663]|42220[42220]:41351[41351]:870[870]
731	122070-859	0	18957	-1	107646at147550_0|scaffold34|-|272|6.439e-75|2|121212|122070|122070[122070]:122020[122020]:51[51]|121940[121934]:121212[121212]:729[723]
731	105733+2507	0	25772	1	24893at147550_6|scaffold34|+|1054|2.531e-310|3|105733|108239|105733[105733]:105951[105951]:219[219]|106023[106029]:107639[107639]:1617[1611]|107703[107703]:108239[108239]:537[537]
731	60265+1064	0	27750	1	77756at147550_8|scaffold34|+|479|3.13e-137|3|60265|61328|60265[60265]:60381[60381]:117[117]|60478[60499]:60765[60765]:288[267]|60816[60825]:61328[61328]:513[504]
731	63644-659	0	29518	-1	99074at147550_9|scaffold34|-|246|4.321e-67|2|62986|63644|63644[63644]:63477[63477]:168[168]|63399[63366]:62986[62986]:414[381]
731	92229-3758	0	33377	-1	2538at147550_0|scaffold34|-|1118|0|3|88472|92229|92229[92229]:92017[92017]:213[213]|91943[91928]:91374[91374]:570[555]|91345[91345]:88472[88472]:2874[2874]
731	44126+666	0	33917	1	101643at147550_0|scaffold34|+|238|1.106e-64|2|44126|44791|44126[44126]:44341[44341]:216[216]|44417[44417]:44791[44791]:375[375]
731	74427-1165	0	34245	-1	68276at147550_5|scaffold34|-|503|1.866e-144|3|73263|74427|74427[74427]:74185[74185]:243[243]|74116[74116]:73814[73814]:303[303]|73745[73745]:73263[73263]:483[483]
731	37594+1539	0	38173	1	44286at147550_2|scaffold34|+|640|1.071e-185|3|37594|39132|37594[37594]:37674[37674]:81[81]|37731[37734]:37802[37802]:72[69]|37861[37870]:39132[39132]:1272[1263]
731	116465+1161	0	40082	1	68567at147550_4|scaffold34|+|460|1.641e-131|1|116465|117625|116465[116465]:117625[117625]:1161[1161]
732	69628-2411	0	1877	-1	12647at147550_8|scaffold66|-|1336|0|3|67218|69628|69628[69628]:68510[68510]:1119[1119]|68391[68388]:67441[67441]:951[948]|67382[67379]:67218[67218]:165[162]
732	5930+675	0	4337	1	80543at147550_3|scaffold66|+|42|1.111e-05|1|5930|6604|5930[5930]:6604[6604]:675[675]
732	38127-1670	0	5979	-1	29273at147550_8|scaffold66|-|784|4.802e-229|4|36458|38127|38127[38127]:38035[38035]:93[93]|37966[37948]:37808[37808]:159[141]|37692[37689]:36697[36697]:996[993]|36529[36517]:36458[36458]:72[60]
732	44196-1319	0	9295	-1	73948at147550_6|scaffold66|-|375|6.349e-106|3|42878|44196|44196[44196]:43831[43831]:366[366]|43599[43599]:43171[43171]:429[429]|43090[43090]:42878[42878]:213[213]
732	138689+596	0	9570	1	98490at147550_5|scaffold66|+|273|3.219e-75|2|138689|139284|138689[138689]:138952[138952]:264[264]|139108[139108]:139284[139284]:177[177]
732	33372+2020	0	11470	1	28243at147550_8|scaffold66|+|943|6.572e-277|3|33372|35391|33372[33372]:33473[33473]:102[102]|33739[33739]:34344[34344]:606[606]|34402[34402]:35391[35391]:990[990]
732	11246-2742	0	17442	-1	48600at147550_9|scaffold66|-|951|2.567e-279|2|8505|11246|11246[11246]:10623[10623]:624[624]|10553[10553]:8505[8505]:2049[2049]
732	23870-911	0	21551	-1	76840at147550_5|scaffold66|-|490|1.529e-140|3|22960|23870|23870[23870]:23814[23814]:57[57]|23748[23748]:23116[23116]:633[633]|23079[23058]:22960[22960]:120[99]
732	106635+2509	0	23848	1	18595at147550_7|scaffold66|+|996|7.296e-293|4|106635|109143|106635[106635]:106718[106718]:84[84]|106780[106786]:107385[107385]:606[600]|107423[107468]:108895[108895]:1473[1428]|108970[108970]:109143[109143]:174[174]
732	109910-428	0	24088	-1	107476at147550_3|scaffold66|-|171|1.632e-44|3|109483|109910|109910[109910]:109866[109866]:45[45]|109776[109776]:109717[109717]:60[60]|109647[109647]:109483[109483]:165[165]
732	2268+483	0	28118	1	104757at147550_2|scaffold66|+|174|2.041e-45|1|2268|2750|2268[2268]:2750[2750]:483[483]
732	129547+4158	0	28633	1	86116at147550_5|scaffold66|+|543|1.697e-156|3|129547|133704|129547[129547]:130956[130956]:1410[1410]|131021[131024]:131206[131206]:186[183]|132793[132793]:133704[133704]:912[912]
732	141756+3008	0	29763	1	12516at147550_5|scaffold66|+|1289|0|2|141756|144763|141756[141756]:142031[142031]:276[276]|142079[142094]:144763[144763]:2685[2670]
732	140584-948	0	34539	-1	65964at147550_7|scaffold66|-|539|2.715e-155|1|139637|140584|140584[140584]:139637[139637]:948[948]
732	135383-1226	0	35772	-1	70237at147550_8|scaffold66|-|579|2.469e-167|5|134158|135383|135383[135383]:135165[135165]:219[219]|135122[135086]:134901[134901]:222[186]|134843[134843]:134658[134658]:186[186]|134583[134571]:134419[134419]:165[153]|134361[134361]:134158[134158]:204[204]
732	24984+675	0	36545	1	92678at147550_8|scaffold66|+|218|1.16e-58|1|24984|25658|24984[24984]:25658[25658]:675[675]
732	121016-2782	0	37856	-1	14136at147550_9|scaffold66|-|753|1.031e-219|2|118235|121016|121016[121016]:120702[120702]:315[315]|120100[120100]:118235[118235]:1866[1866]
732	113361-802	0	40145	-1	77767at147550_5|scaffold66|-|384|1.24e-108|2|112560|113361|113361[113361]:112765[112765]:597[597]|112712[112709]:112560[112560]:153[150]
733	25286-1975	0	8363	-1	22590at147550_5|scaffold98|-|765|2.518e-223|2|23312|25286|25286[25286]:24651[24651]:636[636]|24544[24541]:23312[23312]:1233[1230]
733	55647-1413	0	10274	-1	35686at147550_9|scaffold98|-|785|2.401e-229|2|54235|55647|55647[55647]:55240[55240]:408[408]|55149[55143]:54235[54235]:915[909]
733	13193-1422	0	17512	-1	34675at147550_6|scaffold98|-|234|1.77e-63|1|11772|13193|13193[13193]:11772[11772]:1422[1422]
733	39379-4011	0	23950	-1	8757at147550_8|scaffold98|-|1737|0|4|35369|39379|39379[39379]:39257[39257]:123[123]|39115[39115]:38099[38099]:1017[1017]|38045[38045]:36291[36291]:1755[1755]|36226[36226]:35369[35369]:858[858]
733	40137+5977	0	39671	1	3770at147550_7|scaffold98|+|1960|0|2|40137|46113|40137[40137]:43031[43031]:2895[2895]|43132[43132]:46113[46113]:2982[2982]
734	39858-3289	0	2365	-1	55525at147550_0|scaffold130|-|619|2.246e-179|4|36570|39858|39858[39858]:39634[39634]:225[225]|39578[39572]:39276[39276]:303[297]|39247[39211]:38693[38693]:555[519]|37781[37781]:36570[36570]:1212[1212]
734	30810+1965	0	3625	1	66952at147550_0|scaffold130|+|659|2.043e-191|1|30810|32774|30810[30810]:32774[32774]:1965[1965]
734	39858-1187	0	8895	-1	55525at147550_5|scaffold130|-|458|6.565e-131|3|38672|39858|39858[39858]:39634[39634]:225[225]|39578[39572]:39276[39276]:303[297]|39247[39211]:38672[38672]:576[540]
734	49327+882	0	11413	1	91730at147550_3|scaffold130|+|289|4.912e-80|1|49327|50208|49327[49327]:50208[50208]:882[882]
734	22088+2194	0	13197	1	37856at147550_7|scaffold130|+|1032|1.062e-303|2|22088|24281|22088[22088]:22843[22843]:756[756]|22932[22935]:24281[24281]:1350[1347]
734	83058+1848	0	14942	1	40664at147550_8|scaffold130|+|661|5.107e-192|1|83058|84905|83058[83058]:84905[84905]:1848[1848]
734	21428-1233	0	20867	-1	90012at147550_4|scaffold130|-|473|2.003e-135|1|20196|21428|21428[21428]:20196[20196]:1233[1233]
734	91782+1623	0	24907	1	23722at147550|scaffold130|+|157|2.675e-40|1|91782|93404|91782[91782]:93404[93404]:1623[1623]
734	53777-525	0	25808	-1	97438at147550_2|scaffold130|-|231|1.416e-62|1|53253|53777|53777[53777]:53253[53253]:525[525]
734	12874-1631	0	29450	-1	41345at147550_5|scaffold130|-|818|2.795e-239|5|11244|12874|12874[12874]:12557[12557]:318[318]|12527[12494]:12459[12459]:69[36]|12405[12405]:12319[12319]:87[87]|12221[12206]:11367[11367]:855[840]|11312[11306]:11244[11244]:69[63]
734	40443+883	0	29652	1	85724at147550_2|scaffold130|+|392|4.844e-111|2|40443|41325|40443[40443]:40697[40697]:255[255]|40762[40762]:41325[41325]:564[564]
734	16957+1614	0	34028	1	70247at147550|scaffold130|+|467|1.282e-133|3|16957|18570|16957[16957]:17025[17025]:69[69]|17096[17096]:17281[17281]:186[186]|17350[17353]:18570[18570]:1221[1218]
734	52131-469	0	35765	-1	103709at147550_8|scaffold130|-|184|1.993e-48|2|51663|52131|52131[52131]:52081[52081]:51[51]|51857[51851]:51663[51663]:195[189]
734	70785+1640	0	37349	1	64886at147550_5|scaffold130|+|489|3.057e-140|2|70785|72424|70785[70785]:71060[71060]:276[276]|71255[71255]:72424[72424]:1170[1170]
734	48553-555	0	39914	-1	103085at147550_9|scaffold130|-|245|8.642e-67|2|47999|48553|48553[48553]:48401[48401]:153[153]|48259[48259]:47999[47999]:261[261]
734	54240+3831	0	40618	1	9178at147550_6|scaffold130|+|1509|0|2|54240|58070|54240[54240]:54449[54449]:210[210]|54504[54507]:58070[58070]:3567[3564]
735	3367-1140	0	7567	-1	81157at147550_0|scaffold162|-|440|1.721e-125|4|2228|3367|3367[3367]:3287[3287]:81[81]|3095[3089]:2727[2727]:369[363]|2554[2551]:2387[2387]:168[165]|2320[2320]:2228[2228]:93[93]
735	13820-1465	0	7957	-1	83484at147550_9|scaffold162|-|300|2.399e-83|2|12356|13820|13820[13820]:13272[13272]:549[549]|12850[12850]:12356[12356]:495[495]
735	14719+783	0	13404	1	86464at147550_7|scaffold162|+|376|3.175e-106|3|14719|15501|14719[14719]:14790[14790]:72[72]|14864[14870]:14935[14935]:72[66]|15010[15019]:15501[15501]:492[483]
735	95590-1407	0	14716	-1	54144at147550_0|scaffold162|-|696|1.486e-202|1|94184|95590|95590[95590]:94184[94184]:1407[1407]
735	4363+975	0	26299	1	64322at147550_1|scaffold162|+|79|8.083e-17|1|4363|5337|4363[4363]:5337[5337]:975[975]
735	127972+2460	0	30664	1	53040at147550_4|scaffold162|+|397|1.514e-112|1|127972|130431|127972[127972]:130431[130431]:2460[2460]
735	27235+5665	0	34307	1	1933at147550_7|scaffold162|+|1923|0|3|27235|32899|27235[27235]:27378[27378]:144[144]|27526[27526]:27852[27852]:327[327]|27965[27974]:32899[32899]:4935[4926]
735	52201+878	0	39921	1	50699at147550_3|scaffold162|+|388|7.75e-110|2|52201|53078|52201[52201]:52548[52548]:348[348]|52641[52644]:53078[53078]:438[435]
737	28966-1699	0	353	-1	31020at147550_7|scaffold226|-|855|2.034e-250|3|27268|28966|28966[28966]:28058[28058]:909[909]|28001[27998]:27816[27816]:186[183]|27762[27753]:27268[27268]:495[486]
737	58714-2838	0	1990	-1	12211at147550_6|scaffold226|-|1089|7.36652e-321|1|55877|58714|58714[58714]:55877[55877]:2838[2838]
737	113218+1371	0	8614	1	76667at147550_7|scaffold226|+|524|8.897e-151|3|113218|114588|113218[113218]:114162[114162]:945[945]|114230[114230]:114310[114310]:81[81]|114391[114391]:114588[114588]:198[198]
737	49745+1005	0	10030	1	42573at147550_3|scaffold226|+|78|1.617e-16|1|49745|50749|49745[49745]:50749[50749]:1005[1005]
737	89282+1549	0	10835	1	37514at147550_4|scaffold226|+|297|1.919e-82|2|89282|90830|89282[89282]:89581[89581]:300[300]|89838[89838]:90830[90830]:993[993]
737	65328-2708	0	12786	-1	36572at147550_4|scaffold226|-|1144|0|2|62621|65328|65328[65328]:65242[65242]:87[87]|65182[65155]:62621[62621]:2562[2535]
737	132139+999	0	14734	1	78250at147550_6|scaffold226|+|413|2.31e-117|1|132139|133137|132139[132139]:133137[133137]:999[999]
737	124250-840	0	21879	-1	85605at147550_7|scaffold226|-|72|1.035e-14|1|123411|124250|124250[124250]:123411[123411]:840[840]
737	67411+1462	0	22852	1	59910at147550_6|scaffold226|+|651|5.229e-189|2|67411|68872|67411[67411]:67581[67581]:171[171]|67700[67703]:68872[68872]:1173[1170]
737	151719-9743	0	31070	-1	207at147550_8|scaffold226|-|5068|0|2|141977|151719|151719[151719]:145192[145192]:6528[6528]|145138[145132]:141977[141977]:3162[3156]
737	47378-1029	0	36844	-1	34845at147550_1|scaffold226|-|94|2.467e-21|1|46350|47378|47378[47378]:46350[46350]:1029[1029]
737	97140-3580	0	39987	-1	10039at147550_4|scaffold226|-|1365|0|2|93561|97140|97140[97140]:96562[96562]:579[579]|96521[96494]:93561[93561]:2961[2934]
737	31733-1696	0	40131	-1	38894at147550_3|scaffold226|-|872|1.552e-255|4|30038|31733|31733[31733]:31605[31605]:129[129]|31414[31378]:30809[30809]:606[570]|30735[30729]:30616[30616]:120[114]|30553[30553]:30038[30038]:516[516]
737	25658+977	0	40871	1	98617at147550_3|scaffold226|+|386|3.1e-109|2|25658|26634|25658[25658]:25849[25849]:192[192]|25963[25963]:26634[26634]:672[672]
738	4698+1893	0	157	1	25656at147550_9|scaffold258|+|997|3.648e-293|3|4698|6590|4698[4698]:4754[4754]:57[57]|4813[4822]:4926[4926]:114[105]|4989[4989]:6590[6590]:1602[1602]
738	71360-1222	0	6600	-1	59373at147550|scaffold258|-|605|3.68e-175|3|70139|71360|71360[71360]:71208[71208]:153[153]|71157[71154]:71053[71053]:105[102]|70993[70984]:70139[70139]:855[846]
738	36185+1200	0	8124	1	100275at147550_3|scaffold258|+|361|1.04e-101|1|36185|37384|36185[36185]:37384[37384]:1200[1200]
738	61763+1813	0	10285	1	57934at147550_0|scaffold258|+|847|5.207e-248|5|61763|63575|61763[61763]:62113[62113]:351[351]|62203[62203]:62292[62292]:90[90]|62361[62361]:63008[63008]:648[648]|63208[63208]:63330[63330]:123[123]|63393[63393]:63575[63575]:183[183]
738	41423-2624	0	12551	-1	25380at147550_3|scaffold258|-|758|3.223e-221|2|38800|41423|41423[41423]:39210[39210]:2214[2214]|39063[39060]:38800[38800]:264[261]
738	58+780	0	13734	1	89547at147550_8|scaffold258|+|323|2.859e-90|1|58|837|58[58]:837[837]:780[780]
738	50777-1483	0	15194	-1	52104at147550_7|scaffold258|-|499|2.985e-143|4|49295|50777|50777[50777]:50679[50679]:99[99]|50628[50622]:50344[50344]:285[279]|50280[50274]:49513[49513]:768[762]|49459[49459]:49295[49295]:165[165]
738	47274+1170	0	19080	1	75150at147550_6|scaffold258|+|462|4.103e-132|1|47274|48443|47274[47274]:48443[48443]:1170[1170]
738	28704-891	0	19224	-1	48666at147550_5|scaffold258|-|115|1.176e-27|1|27814|28704|28704[28704]:27814[27814]:891[891]
738	65783+2909	0	20267	1	25142at147550_6|scaffold258|+|1302|0|5|65783|68691|65783[65783]:66580[66580]:798[798]|66644[66644]:66844[66844]:201[201]|66896[66899]:67060[67060]:165[162]|67109[67112]:67852[67852]:744[741]|67903[67909]:68691[68691]:789[783]
738	35666-2340	0	22581	-1	19395at147550_7|scaffold258|-|980|4.782e-288|1|33327|35666|35666[35666]:33327[33327]:2340[2340]
738	23232+3625	0	34157	1	12178at147550_6|scaffold258|+|1483|0|2|23232|26856|23232[23232]:26510[26510]:3279[3279]|26563[26566]:26856[26856]:294[291]
738	3710-2272	0	36417	-1	22702at147550_4|scaffold258|-|1067|3.09e-314|6|1439|3710|3710[3710]:3258[3258]:453[453]|3217[3205]:2711[2711]:507[495]|2662[2656]:2393[2393]:270[264]|2349[2337]:2245[2245]:105[93]|2192[2192]:1854[1854]:339[339]|1792[1792]:1439[1439]:354[354]
738	20857-8381	0	41036	-1	1135at147550_6|scaffold258|-|3311|0|2|12477|20857|20857[20857]:15203[15203]:5655[5655]|13925[13925]:12477[12477]:1449[1449]
739	28123-2589	0	2573	-1	31133at147550_6|scaffold290|-|879|1.212e-257|1|25535|28123|28123[28123]:25535[25535]:2589[2589]
739	53613+1642	0	7916	1	33917at147550|scaffold290|+|809|1.431e-236|2|53613|55254|53613[53613]:54923[54923]:1311[1311]|55006[55006]:55254[55254]:249[249]
739	4693-3703	0	24586	-1	9321at147550_6|scaffold290|-|1117|0|2|991|4693|4693[4693]:1997[1997]:2697[2697]|1938[1932]:991[991]:948[942]
739	30494-1002	0	40015	-1	88994at147550_0|scaffold290|-|262|6.593e-72|3|29493|30494|30494[30494]:30348[30348]:147[147]|30258[30252]:29737[29737]:522[516]|29675[29675]:29493[29493]:183[183]
20432	18604+2103	0	628	1	36876at147550_7|scaffold477|+|961|2.507e-282|7|18604|20706|18604[18604]:18888[18888]:285[285]|18905[18944]:18955[18955]:51[12]|19018[19018]:19305[19305]:288[288]|19334[19361]:19420[19420]:87[60]|19478[19478]:19633[19633]:156[156]|19737[19737]:20195[20195]:459[459]|20278[20293]:20706[20706]:429[414]
20432	4342+2009	0	21331	1	90205at147550_2|scaffold477|+|298|9.595e-83|2|4342|6350|4342[4342]:4404[4404]:63[63]|4680[4680]:6350[6350]:1671[1671]
20432	17237-1190	0	34557	-1	62757at147550_3|scaffold477|-|570|1.264e-164|3|16048|17237|17237[17237]:16926[16926]:312[312]|16857[16851]:16210[16210]:648[642]|16152[16152]:16048[16048]:105[105]
20433	56863+1797	0	1943	1	24623at147550_4|scaffold509|+|688|3.805e-200|2|56863|58659|56863[56863]:57249[57249]:387[387]|57322[57322]:58659[58659]:1338[1338]
20433	138816-2049	0	3598	-1	46534at147550_9|scaffold509|-|706|1.451e-205|1|136768|138816|138816[138816]:136768[136768]:2049[2049]
20433	62970-471	0	7643	-1	97009at147550_9|scaffold509|-|109|7.528e-26|1|62500|62970|62970[62970]:62500[62500]:471[471]
20433	25152+1380	0	11061	1	72224at147550_3|scaffold509|+|540|1.358e-155|1|25152|26531|25152[25152]:26531[26531]:1380[1380]
20433	191189+1437	0	13594	1	34675at147550_3|scaffold509|+|258|1.055e-70|1|191189|192625|191189[191189]:192625[192625]:1437[1437]
20433	17604+1739	0	17307	1	34105at147550_0|scaffold509|+|189|6.227e-50|3|17604|19342|17604[17604]:17759[17759]:156[156]|18008[18008]:18154[18154]:147[147]|18176[18215]:19342[19342]:1167[1128]
20433	107947-2445	0	20262	-1	34900at147550_9|scaffold509|-|867|4.965e-254|2|105503|107947|107947[107947]:106538[106538]:1410[1410]|106480[106480]:105503[105503]:978[978]
20433	48646-1126	0	22127	-1	11700at147550_8|scaffold509|-|182|7.971e-48|2|47521|48646|48646[48646]:48308[48308]:339[339]|48264[48252]:47521[47521]:744[732]
20433	93514+2348	0	22398	1	9925at147550_2|scaffold509|+|218|1.16e-58|2|93514|95861|93514[93514]:95073[95073]:1560[1560]|95538[95538]:95861[95861]:324[324]
20433	84574-1263	0	31031	-1	77381at147550_4|scaffold509|-|301|1.199e-83|3|83312|84574|84574[84574]:84326[84326]:249[249]|84269[84257]:83736[83736]:534[522]|83668[83668]:83312[83312]:357[357]
20433	56094-1351	0	31643	-1	61280at147550_7|scaffold509|-|589|2.412e-170|4|54744|56094|56094[56094]:55990[55990]:105[105]|55822[55816]:55685[55685]:138[132]|55615[55615]:55523[55523]:93[93]|55430[55430]:54744[54744]:687[687]
20433	40138+2667	0	34363	1	7847at147550_2|scaffold509|+|836|1.066e-244|1|40138|42804|40138[40138]:42804[42804]:2667[2667]
20433	146198-807	0	39623	-1	81860at147550_5|scaffold509|-|321|1.144e-89|2|145392|146198|146198[146198]:145560[145560]:639[639]|145487[145475]:145392[145392]:96[84]
20433	135246+1063	0	41711	1	87410at147550_1|scaffold509|+|359|4.161e-101|3|135246|136308|135246[135246]:135416[135416]:171[171]|135790[135802]:135876[135876]:87[75]|135946[135946]:136308[136308]:363[363]
20436	14511-2119	0	22434	-1	28998at147550_6|scaffold605|-|667|7.979e-194|2|12393|14511|14511[14511]:13966[13966]:546[546]|13907[13904]:12393[12393]:1515[1512]
20438	89+1338	0	11351	1	40016at147550_4|scaffold669|+|396|3.028e-112|2|89|1426|89[89]:247[247]:159[159]|377[383]:1426[1426]:1050[1044]
20438	25257-1763	0	21761	-1	62631at147550_9|scaffold669|-|312|5.856e-87|2|23495|25257|25257[25257]:24442[24442]:816[816]|24265[24265]:23495[23495]:771[771]
20438	33646+1767	0	28565	1	39860at147550_6|scaffold669|+|621|5.615e-180|1|33646|35412|33646[33646]:35412[35412]:1767[1767]
15320	20314-3152	0	2268	-1	68475at147550_6|scaffold182|-|879|1.212e-257|2|17163|20314|20314[20314]:19976[19976]:339[339]|19907[19877]:17163[17163]:2745[2715]
15320	26614+753	0	18817	1	61639at147550_5|scaffold182|+|68|1.655e-13|1|26614|27366|26614[26614]:27366[27366]:753[753]
15320	21852+1206	0	39691	1	72216at147550_3|scaffold182|+|365|6.502e-103|1|21852|23057|21852[21852]:23057[23057]:1206[1206]
15322	32055+1365	0	925	1	60181at147550_5|scaffold246|+|573|1.58e-165|4|32055|33419|32055[32055]:32105[32105]:51[51]|32171[32183]:32467[32467]:297[285]|32520[32544]:32783[32783]:264[240]|33144[33144]:33419[33419]:276[276]
15322	27592-987	0	6294	-1	51773at147550_6|scaffold246|-|418|7.218e-119|4|26606|27592|27592[27592]:27473[27473]:120[120]|27380[27377]:27195[27195]:186[183]|27117[27114]:26959[26959]:159[156]|26908[26905]:26606[26606]:303[300]
15322	23429-2351	0	23548	-1	6579at147550|scaffold246|-|494|9.553e-142|4|21079|23429|23429[23429]:23163[23163]:267[267]|23078[23075]:22806[22806]:273[270]|22753[22744]:22454[22454]:300[291]|22332[22332]:21079[21079]:1254[1254]
15325	30461-945	0	3503	-1	27540at147550_4|scaffold342|-|186|4.982e-49|1|29517|30461|30461[30461]:29517[29517]:945[945]
15325	49497+222	0	5146	1	86687at147550_9|scaffold342|+|48|1.736e-07|1|49497|49718|49497[49497]:49718[49718]:222[222]
15325	38057+897	0	5618	1	106851at147550_4|scaffold342|+|223|3.625e-60|1|38057|38953|38057[38057]:38953[38953]:897[897]
15325	52962+1442	0	6127	1	40016at147550_0|scaffold342|+|473|2.003e-135|4|52962|54403|52962[52962]:53240[53240]:279[279]|53324[53327]:53527[53527]:204[201]|53575[53587]:53829[53829]:255[243]|53888[53888]:54403[54403]:516[516]
15325	31759-576	0	17099	-1	107081at147550_6|scaffold342|-|145|1.096e-36|1|31184|31759|31759[31759]:31184[31184]:576[576]
15325	11356-5568	0	23961	-1	1838at147550_3|scaffold342|-|2433|0|2|5789|11356|11356[11356]:11294[11294]:63[63]|11200[11200]:5789[5789]:5412[5412]
15325	16236-2443	0	24028	-1	11419at147550_3|scaffold342|-|1353|0|4|13794|16236|16236[16236]:16045[16045]:192[192]|15960[15960]:15832[15832]:129[129]|15766[15757]:14012[14012]:1755[1746]|13937[13937]:13794[13794]:144[144]
15325	53760-36048	0	24344	-1	7321at147550_0|scaffold342|-|685|3.044e-199|4|17713|53760|53760[53760]:53629[53629]:132[132]|19595[19556]:18855[18855]:741[702]|18798[18789]:18100[18100]:699[690]|18063[18045]:17713[17713]:351[333]
15325	24164+901	0	24521	1	69482at147550_6|scaffold342|+|261|1.319e-71|2|24164|25064|24164[24164]:24394[24394]:231[231]|24501[24501]:25064[25064]:564[564]
15325	23780+1282	0	28439	1	69482at147550_9|scaffold342|+|470|1.603e-134|3|23780|25061|23780[23780]:24079[24079]:300[300]|24161[24164]:24400[24400]:240[237]|24504[24504]:25061[25061]:558[558]
15327	99024+1659	0	1563	1	40287at147550_6|scaffold406|+|576|1.976e-166|1|99024|100682|99024[99024]:100682[100682]:1659[1659]
15327	111453-774	0	2929	-1	88679at147550_3|scaffold406|-|357|1.664e-100|2|110680|111453|111453[111453]:111271[111271]:183[183]|111207[111207]:110680[110680]:528[528]
15327	13983-978	0	12123	-1	24514at147550_6|scaffold406|-|105|1.205e-24|1|13006|13983|13983[13983]:13006[13006]:978[978]
15327	94468+1218	0	12447	1	55550at147550_2|scaffold406|+|118|1.47e-28|2|94468|95685|94468[94468]:94584[94584]:117[117]|94774[94774]:95685[95685]:912[912]
15327	97174-465	0	13835	-1	99836at147550_5|scaffold406|-|175|1.02e-45|1|96710|97174|97174[97174]:96710[96710]:465[465]
15327	102062+2009	0	14064	1	6062at147550_3|scaffold406|+|513|1.822e-147|3|102062|104070|102062[102062]:103300[103300]:1239[1239]|103381[103381]:103734[103734]:354[354]|103828[103828]:104070[104070]:243[243]
15327	79762-922	0	16324	-1	100535at147550_5|scaffold406|-|346|3.409e-97|2|78841|79762|79762[79762]:79688[79688]:75[75]|79611[79608]:78841[78841]:771[768]
15327	2364-1116	0	28347	-1	80085at147550_6|scaffold406|-|372|5.079e-105|1|1249|2364|2364[2364]:1249[1249]:1116[1116]
15327	108515+921	0	33356	1	86422at147550_4|scaffold406|+|413|2.31e-117|1|108515|109435|108515[108515]:109435[109435]:921[921]
15327	74319+1305	0	34880	1	60737at147550_7|scaffold406|+|439|3.442e-125|2|74319|75623|74319[74319]:74912[74912]:594[594]|74982[74982]:75623[75623]:642[642]
15327	55257-1167	0	40777	-1	94924at147550_4|scaffold406|-|342|5.454e-96|1|54091|55257|55257[55257]:54091[54091]:1167[1167]
15327	111904+1814	0	41363	1	50681at147550_5|scaffold406|+|845|2.083e-247|3|111904|113717|111904[111904]:112002[112002]:99[99]|112059[112059]:112187[112187]:129[129]|112245[112245]:113717[113717]:1473[1473]
15328	3850+2664	0	3013	1	17784at147550_6|scaffold438|+|913|7.056e-268|1|3850|6513|3850[3850]:6513[6513]:2664[2664]
15328	25779+1320	0	3487	1	92790at147550_2|scaffold438|+|305|7.496e-85|2|25779|27098|25779[25779]:26012[26012]:234[234]|26295[26301]:27098[27098]:804[798]
18242	25768-1034	0	13776	-1	102471at147550_9|scaffold378|-|176|5.101e-46|2|24735|25768|25768[25768]:25688[25688]:81[81]|25631[25625]:24735[24735]:897[891]
18242	29537-1074	0	16947	-1	79901at147550_3|scaffold378|-|321|1.144e-89|2|28464|29537|29537[29537]:29382[29382]:156[156]|29282[29282]:28464[28464]:819[819]
18242	44116+2937	0	17728	1	22293at147550_7|scaffold378|+|899|1.156e-263|1|44116|47052|44116[44116]:47052[47052]:2937[2937]
18242	67439-571	0	18498	-1	103547at147550_7|scaffold378|-|214|1.856e-57|3|66869|67439|67439[67439]:67320[67320]:120[120]|67239[67227]:67105[67105]:135[123]|66973[66949]:66869[66869]:105[81]
18242	2274+1544	0	19344	1	42842at147550_5|scaffold378|+|801|3.664e-234|5|2274|3817|2274[2274]:2384[2384]:111[111]|2488[2488]:2625[2625]:138[138]|2691[2697]:2756[2756]:66[60]|2815[2824]:3138[3138]:324[315]|3203[3203]:3817[3817]:615[615]
18242	18+3809	0	20650	1	42842at147550_6|scaffold378|+|827|5.46e-242|5|18|3826|18[18]:257[257]:240[240]|2488[2488]:2625[2625]:138[138]|2691[2697]:2756[2756]:66[60]|2815[2824]:3138[3138]:324[315]|3203[3203]:3826[3826]:624[624]
18242	76991+1857	0	21745	1	41209at147550_4|scaffold378|+|667|7.979e-194|1|76991|78847|76991[76991]:78847[78847]:1857[1857]
18242	26273+1767	0	22941	1	26229at147550_6|scaffold378|+|871|3.103e-255|2|26273|28039|26273[26273]:26416[26416]:144[144]|26453[26477]:28039[28039]:1587[1563]
18242	37881+795	0	23718	1	96421at147550_3|scaffold378|+|222|7.249e-60|1|37881|38675|37881[37881]:38675[38675]:795[795]
18242	64206-2019	0	23859	-1	78057at147550_9|scaffold378|-|578|4.939e-167|2|62188|64206|64206[64206]:63532[63532]:675[675]|63444[63444]:62188[62188]:1257[1257]
18242	6449-666	0	24730	-1	95177at147550_2|scaffold378|-|93|4.934e-21|1|5784|6449|6449[6449]:5784[5784]:666[666]
18242	55819-2586	0	26434	-1	68042at147550_5|scaffold378|-|670|9.974e-195|1|53234|55819|55819[55819]:53234[53234]:2586[2586]
18242	84054-627	0	28327	-1	57916at147550_3|scaffold378|-|58|1.695e-10|1|83428|84054|84054[84054]:83428[83428]:627[627]
18242	39783+1473	0	31350	1	12958at147550|scaffold378|+|230|2.832e-62|1|39783|41255|39783[39783]:41255[41255]:1473[1473]
18242	71592+1857	0	32248	1	57549at147550_2|scaffold378|+|463|2.052e-132|1|71592|73448|71592[71592]:73448[73448]:1857[1857]
18242	67920+1070	0	32706	1	77903at147550|scaffold378|+|428|7.049e-122|3|67920|68989|67920[67920]:68021[68021]:102[102]|68313[68346]:68699[68699]:387[354]|68762[68765]:68989[68989]:228[225]
18242	75766-1278	0	36661	-1	66070at147550|scaffold378|-|513|1.822e-147|2|74489|75766|75766[75766]:75254[75254]:513[513]|75196[75172]:74489[74489]:708[684]
18243	192839+926	0	908	1	43123at147550_8|scaffold410|+|142|8.764e-36|2|192839|193764|192839[192839]:193348[193348]:510[510]|193414[193417]:193764[193764]:351[348]
18243	14975+1401	0	1015	1	55906at147550_8|scaffold410|+|583|1.543e-168|2|14975|16375|14975[14975]:16099[16099]:1125[1125]|16166[16166]:16375[16375]:210[210]
18243	44573+2834	0	1638	1	17060at147550_4|scaffold410|+|1191|0|2|44573|47406|44573[44573]:44845[44845]:273[273]|44899[44902]:47406[47406]:2508[2505]
18243	164878-2265	0	3445	-1	27370at147550_8|scaffold410|-|794|4.69e-232|3|162614|164878|164878[164878]:163703[163703]:1176[1176]|163660[163648]:163292[163292]:369[357]|162814[162814]:162614[162614]:201[201]
18243	36620-2034	0	5318	-1	31972at147550|scaffold410|-|833|8.531e-244|2|34587|36620|36620[36620]:36435[36435]:186[186]|36317[36314]:34587[34587]:1731[1728]
18243	1920-360	0	5718	-1	109705at147550_7|scaffold410|-|117|2.941e-28|1|1561|1920|1920[1920]:1561[1561]:360[360]
18243	139280+900	0	6518	1	74280at147550_7|scaffold410|+|464|1.026e-132|3|139280|140179|139280[139280]:139396[139396]:117[117]|139495[139507]:140067[140067]:573[561]|140114[140123]:140179[140179]:66[57]
18243	253045-2791	0	6877	-1	79388at147550_8|scaffold410|-|402|4.731e-114|3|250255|253045|253045[253045]:252812[252812]:234[234]|252754[252754]:252128[252128]:627[627]|250470[250470]:250255[250255]:216[216]
18243	221660+5072	0	6940	1	33365at147550_7|scaffold410|+|1410|0|4|221660|226731|221660[221660]:222343[222343]:684[684]|222411[222411]:223142[223142]:732[732]|224321[224321]:225022[225022]:702[702]|225049[225073]:226731[226731]:1683[1659]
18243	155017-1312	0	7459	-1	42658at147550_4|scaffold410|-|404|1.183e-114|2|153706|155017|155017[155017]:154346[154346]:672[672]|154221[154221]:153706[153706]:516[516]
18243	112323-1023	0	8107	-1	73011at147550_9|scaffold410|-|345|6.817e-97|3|111301|112323|112323[112323]:112264[112264]:60[60]|112185[112185]:112090[112090]:96[96]|112035[112032]:111301[111301]:735[732]
18243	84210+1253	0	8179	1	67887at147550_1|scaffold410|+|528|5.561e-152|2|84210|85462|84210[84210]:84443[84443]:234[234]|84506[84512]:85462[85462]:957[951]
18243	90924-1088	0	8234	-1	81092at147550_4|scaffold410|-|405|5.913e-115|4|89837|90924|90924[90924]:90781[90781]:144[144]|90724[90697]:90479[90479]:246[219]|90406[90406]:90137[90137]:270[270]|90070[90067]:89837[89837]:234[231]
18243	256467-1839	0	9924	-1	19908at147550_6|scaffold410|-|629|2.193e-182|1|254629|256467|256467[256467]:254629[254629]:1839[1839]
18243	23258-2136	0	12379	-1	34203at147550_8|scaffold410|-|922|1.378e-270|3|21123|23258|23258[23258]:23151[23151]:108[108]|22896[22890]:22129[22129]:768[762]|22046[22046]:21123[21123]:924[924]
18243	89119-480	0	13409	-1	98894at147550_7|scaffold410|-|181|1.594e-47|1|88640|89119|89119[89119]:88640[88640]:480[480]
18243	92020+2992	0	13779	1	38023at147550_9|scaffold410|+|719|1.772e-209|2|92020|95011|92020[92020]:92550[92550]:531[531]|92642[92645]:95011[95011]:2370[2367]
18243	121017-1594	0	15035	-1	65502at147550_9|scaffold410|-|602|2.944e-174|3|119424|121017|121017[121017]:120406[120406]:612[612]|120349[120343]:119621[119621]:729[723]|119570[119558]:119424[119424]:147[135]
18243	105569-1288	0	16630	-1	61776at147550_9|scaffold410|-|608|4.6e-176|3|104282|105569|105569[105569]:105375[105375]:195[195]|105318[105291]:105088[105088]:231[204]|105001[105001]:104282[104282]:720[720]
18243	2991+4762	0	16952	1	2641at147550_7|scaffold410|+|1959|0|2|2991|7752|2991[2991]:5231[5231]:2241[2241]|5284[5284]:7752[7752]:2469[2469]
18243	233053+13112	0	17740	1	60at147550_1|scaffold410|+|7635|0|4|233053|246164|233053[233053]:233304[233304]:252[252]|233379[233379]:238850[238850]:5472[5472]|238904[238904]:245644[245644]:6741[6741]|245715[245715]:246164[246164]:450[450]
18243	131410+4125	0	18527	1	7136at147550_0|scaffold410|+|1284|0|6|131410|135534|131410[131410]:131601[131601]:192[192]|131683[131686]:132078[132078]:396[393]|132119[132149]:133600[133600]:1482[1452]|133668[133668]:133982[133982]:315[315]|134042[134042]:134239[134239]:198[198]|134326[134326]:135534[135534]:1209[1209]
18243	211288+3468	0	21165	1	17221at147550_5|scaffold410|+|1630|0|4|211288|214755|211288[211288]:211491[211491]:204[204]|211560[211560]:211754[211754]:195[195]|211814[211814]:212488[212488]:675[675]|212548[212551]:214755[214755]:2208[2205]
18243	205264-2972	0	21314	-1	6322at147550_4|scaffold410|-|1274|0|2|202293|205264|205264[205264]:204716[204716]:549[549]|204653[204650]:202293[202293]:2361[2358]
18243	121442+1181	0	22141	1	59460at147550_7|scaffold410|+|473|2.003e-135|2|121442|122622|121442[121442]:121774[121774]:333[333]|121837[121849]:122622[122622]:786[774]
18243	118063-1891	0	24091	-1	46092at147550_9|scaffold410|-|831|3.412e-243|2|116173|118063|118063[118063]:117371[117371]:693[693]|117282[117276]:116173[116173]:1110[1104]
18243	44303-749	0	25676	-1	96995at147550_6|scaffold410|-|333|2.792e-93|2|43555|44303|44303[44303]:44223[44223]:81[81]|44142[44139]:43555[43555]:588[585]
18243	105971+1611	0	26646	1	46246at147550_7|scaffold410|+|607|9.199e-176|4|105971|107581|105971[105971]:106555[106555]:585[585]|106616[106616]:106933[106933]:318[318]|107007[107007]:107363[107363]:357[357]|107522[107525]:107581[107581]:60[57]
18243	136747+1960	0	27034	1	34878at147550_8|scaffold410|+|654|6.537e-190|2|136747|138706|136747[136747]:137331[137331]:585[585]|137387[137387]:138706[138706]:1320[1320]
18243	125347+1101	0	28983	1	13715at147550_4|scaffold410|+|110|3.764e-26|1|125347|126447|125347[125347]:126447[126447]:1101[1101]
18243	82228-1288	0	31353	-1	68787at147550|scaffold410|-|473|2.003e-135|2|80941|82228|82228[82228]:81644[81644]:585[585]|81582[81567]:80941[80941]:642[627]
18243	14253-2061	0	33252	-1	31569at147550_4|scaffold410|-|871|3.103e-255|3|12193|14253|14253[14253]:14152[14152]:102[102]|14074[14074]:13940[13940]:135[135]|13872[13872]:12193[12193]:1680[1680]
18243	37627+1440	0	35809	1	98360at147550_6|scaffold410|+|352|5.326e-99|1|37627|39066|37627[37627]:39066[39066]:1440[1440]
18243	218066-1359	0	36889	-1	14238at147550_9|scaffold410|-|56|6.781e-10|1|216708|218066|218066[218066]:216708[216708]:1359[1359]
18243	17464+1352	0	37588	1	77668at147550_4|scaffold410|+|493|1.911e-141|2|17464|18815|17464[17464]:18513[18513]:1050[1050]|18678[18678]:18815[18815]:138[138]
18243	41061+2088	0	37621	1	27226at147550_5|scaffold410|+|740|8.448e-216|2|41061|43148|41061[41061]:41453[41453]:393[393]|41499[41499]:43148[43148]:1650[1650]
18243	196111-2039	0	40450	-1	27492at147550_1|scaffold410|-|473|2.003e-135|2|194073|196111|196111[196111]:195182[195182]:930[930]|195113[195113]:194073[194073]:1041[1041]
18245	47641+1162	0	6095	1	32578at147550_9|scaffold474|+|161|1.672e-41|2|47641|48802|47641[47641]:48231[48231]:591[591]|48383[48383]:48802[48802]:420[420]
18245	38861+1032	0	13863	1	52951at147550_6|scaffold474|+|112|9.41e-27|1|38861|39892|38861[38861]:39892[39892]:1032[1032]
18245	20692+654	0	20698	1	92598at147550_9|scaffold474|+|276|4.024e-76|2|20692|21345|20692[20692]:20736[20736]:45[45]|20806[20806]:21345[21345]:540[540]
18245	20233-904	0	25292	-1	82795at147550_3|scaffold474|-|399|3.784e-113|3|19330|20233|20233[20233]:20078[20078]:156[156]|20013[19986]:19750[19750]:264[237]|19617[19617]:19330[19330]:288[288]
14601	46740-3762	0	1610	-1	23221at147550_6|scaffold501|-|1447|0|1|42979|46740|46740[46740]:42979[42979]:3762[3762]
14601	42449-928	0	10354	-1	107945at147550_1|scaffold501|-|233|3.54e-63|3|41522|42449|42449[42449]:42153[42153]:297[297]|42016[42016]:41933[41933]:84[84]|41764[41764]:41522[41522]:243[243]
14601	15617+1886	0	14194	1	21970at147550_6|scaffold501|+|948|2.054e-278|2|15617|17502|15617[15617]:17323[17323]:1707[1707]|17380[17383]:17502[17502]:123[120]
14601	61229-1607	0	18975	-1	43397at147550_3|scaffold501|-|806|1.145e-235|2|59623|61229|61229[61229]:59847[59847]:1383[1383]|59784[59775]:59623[59623]:162[153]
14601	21552+1961	0	22623	1	97584at147550_1|scaffold501|+|316|3.66e-88|3|21552|23512|21552[21552]:21671[21671]:120[120]|22269[22269]:23369[23369]:1101[1101]|23432[23432]:23512[23512]:81[81]
14601	68349-3918	0	24736	-1	45494at147550_4|scaffold501|-|612|2.875e-177|1|64432|68349|68349[68349]:64432[64432]:3918[3918]
14601	14688-2362	0	27878	-1	12608at147550_4|scaffold501|-|1270|0|3|12327|14688|14688[14688]:14299[14299]:390[390]|14244[14232]:13924[13924]:321[309]|13868[13868]:12327[12327]:1542[1542]
18246	2834-808	0	41421	-1	97693at147550_2|scaffold506|-|293|3.07e-81|2|2027|2834|2834[2834]:2421[2421]:414[414]|2365[2365]:2027[2027]:339[339]
18248	95531+711	0	225	1	63992at147550_7|scaffold570|+|70|4.139e-14|1|95531|96241|95531[95531]:96241[96241]:711[711]
18248	69215+429	0	847	1	96680at147550_6|scaffold570|+|172|8.162e-45|1|69215|69643|69215[69215]:69643[69643]:429[429]
18248	120477-1339	0	3712	-1	63062at147550_4|scaffold570|-|545|4.242e-157|3|119139|120477|120477[120477]:120292[120292]:186[186]|120202[120202]:119267[119267]:936[936]|119198[119198]:119139[119139]:60[60]
18248	32647+1746	0	6464	1	42536at147550_5|scaffold570|+|331|1.117e-92|1|32647|34392|32647[32647]:34392[34392]:1746[1746]
18248	126444+1546	0	7421	1	27540at147550_7|scaffold570|+|764|5.036e-223|4|126444|127989|126444[126444]:126500[126500]:57[57]|126558[126561]:127007[127007]:450[447]|127068[127071]:127793[127793]:726[723]|127855[127855]:127989[127989]:135[135]
18248	17822+669	0	7569	1	73120at147550_4|scaffold570|+|71|2.069e-14|1|17822|18490|17822[17822]:18490[18490]:669[669]
18248	98703+1043	0	7804	1	51866at147550_4|scaffold570|+|293|3.07e-81|2|98703|99745|98703[98703]:98813[98813]:111[111]|98879[98882]:99745[99745]:867[864]
18248	60371+2157	0	8730	1	35774at147550_4|scaffold570|+|887|4.735e-260|1|60371|62527|60371[60371]:62527[62527]:2157[2157]
18248	82993-1954	0	10104	-1	23339at147550_2|scaffold570|-|888|2.368e-260|2|81040|82993|82993[82993]:81737[81737]:1257[1257]|81675[81666]:81040[81040]:636[627]
18248	60009-1176	0	16568	-1	66870at147550_4|scaffold570|-|596|1.884e-172|1|58834|60009|60009[60009]:58834[58834]:1176[1176]
18248	114897-3590	0	17492	-1	4284at147550_6|scaffold570|-|1405|0|3|111308|114897|114897[114897]:114802[114802]:96[96]|114731[114731]:111660[111660]:3072[3072]|111601[111601]:111308[111308]:294[294]
18248	51828-600	0	17888	-1	73680at147550_3|scaffold570|-|53|5.425e-09|1|51229|51828|51828[51828]:51229[51229]:600[600]
18248	5483+1284	0	18077	1	68222at147550_3|scaffold570|+|405|5.913e-115|1|5483|6766|5483[5483]:6766[6766]:1284[1284]
18248	73388-2175	0	22667	-1	18238at147550_5|scaffold570|-|643|1.339e-186|1|71214|73388|73388[73388]:71214[71214]:2175[2175]
18248	92714-3710	0	25391	-1	6634at147550_8|scaffold570|-|1698|0|3|89005|92714|92714[92714]:92559[92559]:156[156]|92125[92122]:89192[89192]:2934[2931]|89082[89082]:89005[89005]:78[78]
18248	147307+1906	0	29436	1	39735at147550_7|scaffold570|+|688|3.805e-200|5|147307|149212|147307[147307]:147366[147366]:60[60]|147470[147476]:147781[147781]:312[306]|147842[147848]:147898[147898]:57[51]|147957[147957]:148526[148526]:570[570]|148592[148592]:149212[149212]:621[621]
18248	37312+1263	0	30232	1	62943at147550_4|scaffold570|+|168|1.306e-43|1|37312|38574|37312[37312]:38574[38574]:1263[1263]
18248	12922-769	0	32879	-1	96902at147550_8|scaffold570|-|310|2.342e-86|5|12154|12922|12922[12922]:12878[12878]:45[45]|12815[12815]:12768[12768]:48[48]|12717[12705]:12625[12625]:93[81]|12554[12545]:12363[12363]:192[183]|12312[12300]:12154[12154]:159[147]
18248	110792-1077	0	34377	-1	83403at147550_0|scaffold570|-|391|9.688e-111|4|109716|110792|110792[110792]:110523[110523]:270[270]|110320[110320]:110228[110228]:93[93]|110168[110150]:110001[110001]:168[150]|109895[109892]:109716[109716]:180[177]
18248	136153-492	0	36026	-1	98915at147550_9|scaffold570|-|145|1.096e-36|1|135662|136153|136153[136153]:135662[135662]:492[492]
18248	65797+912	0	39207	1	48743at147550|scaffold570|+|111|1.882e-26|1|65797|66708|65797[65797]:66708[66708]:912[912]
18248	57638-567	0	39668	-1	104381at147550_1|scaffold570|-|239|5.531e-65|1|57072|57638|57638[57638]:57072[57072]:567[567]
22630	8754-2799	0	36922	-1	53186at147550_5|scaffold832|-|462|4.103e-132|1|5956|8754|8754[8754]:5956[5956]:2799[2799]
14599	26973+2454	0	6823	1	53409at147550_2|scaffold437|+|482|3.913e-138|1|26973|29426|26973[26973]:29426[29426]:2454[2454]
14599	54132+1645	0	8443	1	37278at147550_5|scaffold437|+|641|5.355e-186|2|54132|55776|54132[54132]:54464[54464]:333[333]|54508[54514]:55776[55776]:1269[1263]
14599	32797+1239	0	13881	1	79518at147550_2|scaffold437|+|393|2.422e-111|1|32797|34035|32797[32797]:34035[34035]:1239[1239]
14599	22068+1527	0	18195	1	38605at147550_7|scaffold437|+|419|3.609e-119|1|22068|23594|22068[22068]:23594[23594]:1527[1527]
14599	36861+5697	0	38568	1	4968at147550_4|scaffold437|+|1620|0|1|36861|42557|36861[36861]:42557[42557]:5697[5697]
10223	516+693	0	38918	1	92209at147550_8|scaffold367|+|291|1.228e-80|1|516|1208|516[516]:1208[1208]:693[693]
10224	26959-2464	0	721	-1	41124at147550_5|scaffold399|-|826|1.092e-241|4|24496|26959|26959[26959]:26651[26651]:309[309]|26593[26551]:26096[26096]:498[456]|26028[26028]:24658[24658]:1371[1371]|24543[24540]:24496[24496]:48[45]
10224	17517+919	0	26927	1	96554at147550_4|scaffold399|+|251|1.35e-68|2|17517|18435|17517[17517]:17744[17744]:228[228]|17878[17878]:18435[18435]:558[558]
10224	14535-995	0	28540	-1	71495at147550_7|scaffold399|-|542|3.394e-156|2|13541|14535|14535[14535]:14401[14401]:135[135]|14332[14332]:13541[13541]:792[792]
10224	6972+900	0	36836	1	98115at147550_5|scaffold399|+|360|2.08e-101|2|6972|7871|6972[6972]:7415[7415]:444[444]|7476[7476]:7871[7871]:396[396]
10224	3439-2435	0	38731	-1	11129at147550_6|scaffold399|-|1260|0|3|1005|3439|3439[3439]:3335[3335]:105[105]|3246[3246]:1231[1231]:2016[2016]|1193[1172]:1005[1005]:189[168]
10226	47099-1788	0	6813	-1	37266at147550_2|scaffold463|-|747|6.6e-218|4|45312|47099|47099[47099]:46794[46794]:306[306]|46740[46725]:46519[46519]:222[207]|46446[46446]:46006[46006]:441[441]|45944[45944]:45312[45312]:633[633]
10226	27950-4042	0	8297	-1	83270at147550_6|scaffold463|-|423|2.256e-120|2|23909|27950|27950[27950]:27111[27111]:840[840]|24229[24229]:23909[23909]:321[321]
10226	37370+1134	0	9137	1	91967at147550_3|scaffold463|+|304|1.499e-84|1|37370|38503|37370[37370]:38503[38503]:1134[1134]
10226	23673+690	0	10565	1	91925at147550|scaffold463|+|231|1.416e-62|1|23673|24362|23673[23673]:24362[24362]:690[690]
10226	53867+5295	0	13389	1	9273at147550_7|scaffold463|+|1323|0|2|53867|59161|53867[53867]:58957[58957]:5091[5091]|59060[59060]:59161[59161]:102[102]
10226	43899+906	0	17257	1	80915at147550_2|scaffold463|+|192|7.784e-51|1|43899|44804|43899[43899]:44804[44804]:906[906]
10226	47849+2481	0	19795	1	14954at147550_3|scaffold463|+|1145|0|3|47849|50329|47849[47849]:48241[48241]:393[393]|48309[48327]:49568[49568]:1260[1242]|49625[49625]:50329[50329]:705[705]
10226	2070+885	0	36209	1	22408at147550_2|scaffold463|+|59|8.476e-11|1|2070|2954|2070[2070]:2954[2954]:885[885]
10226	36672-2757	0	41203	-1	8585at147550_2|scaffold463|-|1598|0|1|33916|36672|36672[36672]:33916[33916]:2757[2757]
10227	20791-618	0	5220	-1	104430at147550_2|scaffold495|-|187|2.491e-49|1|20174|20791|20791[20791]:20174[20174]:618[618]
10227	74378-1125	0	7198	-1	92769at147550_1|scaffold495|-|479|3.13e-137|1|73254|74378|74378[74378]:73254[73254]:1125[1125]
10227	50029+1668	0	7664	1	21970at147550_1|scaffold495|+|118|1.47e-28|1|50029|51696|50029[50029]:51696[51696]:1668[1668]
10227	140111-3731	0	7806	-1	40282at147550_8|scaffold495|-|1282|0|2|136381|140111|140111[140111]:137622[137622]:2490[2490]|137451[137451]:136381[136381]:1071[1071]
10227	124177+1770	0	8216	1	5807at147550_8|scaffold495|+|120|3.676e-29|1|124177|125946|124177[124177]:125946[125946]:1770[1770]
10227	132070+267	0	9289	1	107941at147550_4|scaffold495|+|73|5.173e-15|1|132070|132336|132070[132070]:132336[132336]:267[267]
10227	14087-3415	0	9522	-1	5807at147550_9|scaffold495|-|1713|0|2|10673|14087|14087[14087]:10920[10920]:3168[3168]|10849[10822]:10673[10673]:177[150]
10227	18092-1671	0	14685	-1	28340at147550_6|scaffold495|-|480|1.565e-137|1|16422|18092|18092[18092]:16422[16422]:1671[1671]
10227	14590+210	0	16645	1	110394at147550_3|scaffold495|+|95|1.233e-21|1|14590|14799|14590[14590]:14799[14799]:210[210]
10227	33017-2019	0	17373	-1	21801at147550_5|scaffold495|-|484|9.782e-139|1|30999|33017|33017[33017]:30999[30999]:2019[2019]
10227	133586-635	0	17564	-1	92692at147550_0|scaffold495|-|327|1.787e-91|2|132952|133586|133586[133586]:133518[133518]:69[69]|133443[133443]:132952[132952]:492[492]
10227	63387+1160	0	18692	1	80082at147550_2|scaffold495|+|428|7.049e-122|3|63387|64546|63387[63387]:63548[63548]:162[162]|63615[63618]:63821[63821]:207[204]|63902[63902]:64546[64546]:645[645]
10227	18956+812	0	21499	1	90744at147550_7|scaffold495|+|282|6.288e-78|2|18956|19767|18956[18956]:19333[19333]:378[378]|19435[19435]:19767[19767]:333[333]
10227	22933+2213	0	21639	1	68469at147550_6|scaffold495|+|291|1.228e-80|2|22933|25145|22933[22933]:23055[23055]:123[123]|23136[23136]:25145[25145]:2010[2010]
10227	6828+1047	0	24649	1	104385at147550_7|scaffold495|+|324|1.43e-90|1|6828|7874|6828[6828]:7874[7874]:1047[1047]
10227	131488-3390	0	26041	-1	5101at147550_3|scaffold495|-|1661|0|2|128099|131488|131488[131488]:128591[128591]:2898[2898]|128527[128524]:128099[128099]:429[426]
10227	88280+1515	0	29347	1	52110at147550_1|scaffold495|+|407|1.478e-115|1|88280|89794|88280[88280]:89794[89794]:1515[1515]
10227	70888-2346	0	29587	-1	48081at147550_5|scaffold495|-|638|4.284e-185|1|68543|70888|70888[70888]:68543[68543]:2346[2346]
10227	134138+599	0	30982	1	99644at147550_2|scaffold495|+|193|3.892e-51|2|134138|134736|134138[134138]:134428[134428]:291[291]|134482[134491]:134736[134736]:255[246]
10227	62657-2632	0	38971	-1	33327at147550_5|scaffold495|-|755|2.578e-220|7|60026|62657|62657[62657]:62505[62505]:153[153]|62442[62442]:62365[62365]:78[78]|62290[62290]:62081[62081]:210[210]|61783[61780]:60950[60950]:834[831]|60859[60856]:60812[60812]:48[45]|60750[60750]:60631[60631]:120[120]|60580[60574]:60026[60026]:555[549]
2941	21117+3242	0	14363	1	38606at147550_1|scaffold677|+|778|3.073e-227|3|21117|24358|21117[21117]:21368[21368]:252[252]|21466[21469]:23229[23229]:1764[1761]|23312[23312]:24358[24358]:1047[1047]
2941	7974+602	0	17898	1	99688at147550_3|scaffold677|+|214|1.856e-57|2|7974|8575|7974[7974]:8042[8042]:69[69]|8162[8162]:8575[8575]:414[414]
2941	19996-2325	0	23978	-1	78192at147550_6|scaffold677|-|812|1.789e-237|1|17672|19996|19996[19996]:17672[17672]:2325[2325]
2941	19201-435	0	25066	-1	47551at147550_3|scaffold677|-|74|2.587e-15|1|18767|19201|19201[19201]:18767[18767]:435[435]
2941	3732-1525	0	30159	-1	43705at147550_6|scaffold677|-|512|3.644e-147|2|2208|3732|3732[3732]:3643[3643]:90[90]|3533[3488]:2208[2208]:1326[1281]
2941	12902+1217	0	33051	1	72922at147550_9|scaffold677|+|569|2.529e-164|2|12902|14118|12902[12902]:13432[13432]:531[531]|13474[13495]:14118[14118]:645[624]
2941	16510+394	0	38237	1	101839at147550_4|scaffold677|+|201|1.52e-53|2|16510|16903|16510[16510]:16701[16701]:192[192]|16772[16772]:16903[16903]:132[132]
2942	5461+3996	0	22981	1	9466at147550_0|scaffold709|+|939|1.051e-275|4|5461|9456|5461[5461]:6591[6591]:1131[1131]|6663[6663]:6734[6734]:72[72]|6800[6800]:7015[7015]:216[216]|7093[7093]:9456[9456]:2364[2364]
2942	16259+1380	0	23107	1	43645at147550_7|scaffold709|+|785|2.401e-229|1|16259|17638|16259[16259]:17638[17638]:1380[1380]
2942	15223-1041	0	31156	-1	87601at147550_7|scaffold709|-|256|4.22e-70|2|14183|15223|15223[15223]:15020[15020]:204[204]|14956[14953]:14183[14183]:774[771]
2943	8925-523	0	1129	-1	95215at147550_8|scaffold741|-|249|5.401e-68|2|8403|8925|8925[8925]:8881[8881]:45[45]|8822[8819]:8403[8403]:420[417]
2943	22161+2499	0	2862	1	43880at147550_2|scaffold741|+|882|1.515e-258|2|22161|24659|22161[22161]:22223[22223]:63[63]|22365[22365]:24659[24659]:2295[2295]
2943	3365+1335	0	4820	1	50442at147550_7|scaffold741|+|670|9.974e-195|3|3365|4699|3365[3365]:3568[3568]:204[204]|3697[3700]:3999[3999]:303[300]|4076[4076]:4699[4699]:624[624]
2943	10149+3515	0	7182	1	51598at147550_8|scaffold741|+|1241|0|6|10149|13663|10149[10149]:10430[10430]:282[282]|10495[10495]:10668[10668]:174[174]|10736[10745]:11359[11359]:624[615]|11446[11446]:11502[11502]:57[57]|12077[12083]:12475[12475]:399[393]|12617[12659]:13663[13663]:1047[1005]
2943	33089+549	0	17942	1	85406at147550_6|scaffold741|+|63|5.298e-12|1|33089|33637|33089[33089]:33637[33637]:549[549]
2943	15935+1650	0	25348	1	80618at147550_2|scaffold741|+|493|1.911e-141|4|15935|17584|15935[15935]:15994[15994]:60[60]|16056[16065]:16139[16139]:84[75]|16202[16214]:16708[16708]:507[495]|17027[17033]:17584[17584]:558[552]
2943	12191+1476	0	27298	1	84992at147550_3|scaffold741|+|416|2.887e-118|2|12191|13666|12191[12191]:12463[12463]:273[273]|12752[12752]:13666[13666]:915[915]
2943	27017+959	0	29534	1	67836at147550_6|scaffold741|+|568|5.057e-164|2|27017|27975|27017[27017]:27160[27160]:144[144]|27259[27268]:27975[27975]:717[708]
2943	15423-1100	0	41153	-1	95374at147550_5|scaffold741|-|304|1.499e-84|3|14324|15423|15423[15423]:15304[15304]:120[120]|14956[14944]:14591[14591]:366[354]|14476[14452]:14324[14324]:153[129]
2944	6884+736	0	7720	1	91403at147550_7|scaffold773|+|288|9.825e-80|2|6884|7619|6884[6884]:7078[7078]:195[195]|7176[7176]:7619[7619]:444[444]
2946	1785-813	0	20634	-1	88718at147550_4|scaffold837|-|346|3.409e-97|1|973|1785|1785[1785]:973[973]:813[813]
21900	19254-1199	0	11927	-1	89936at147550_8|scaffold799|-|352|5.326e-99|6|18056|19254|19254[19254]:19201[19201]:54[54]|19076[19055]:19023[19023]:54[33]|18889[18874]:18833[18833]:57[42]|18752[18752]:18639[18639]:114[114]|18496[18496]:18305[18305]:192[192]|18193[18181]:18056[18056]:138[126]
21900	17018-1155	0	12500	-1	82217at147550_5|scaffold799|-|334|1.396e-93|1|15864|17018|17018[17018]:15864[15864]:1155[1155]
21900	15059-2098	0	31691	-1	61840at147550_7|scaffold799|-|589|2.412e-170|3|12962|15059|15059[15059]:14610[14610]:450[450]|14508[14508]:13135[13135]:1374[1374]|13090[13081]:12962[12962]:129[120]
21900	20665+1100	0	40806	1	71120at147550_0|scaffold799|+|470|1.603e-134|2|20665|21764|20665[20665]:21075[21075]:411[411]|21165[21168]:21764[21764]:600[597]
21901	10299+1634	0	2866	1	22772at147550_1|scaffold831|+|328|8.936e-92|2|10299|11932|10299[10299]:10535[10535]:237[237]|10646[10646]:11932[11932]:1287[1287]
21901	13354-816	0	30207	-1	56486at147550_4|scaffold831|-|136|5.609e-34|1|12539|13354|13354[13354]:12539[12539]:816[816]
18960	3218-1633	0	30	-1	47758at147550|scaffold27|-|357|1.664e-100|4|1586|3218|3218[3218]:3162[3162]:57[57]|3080[3080]:3009[3009]:72[72]|2924[2924]:2655[2655]:270[270]|2542[2542]:1586[1586]:957[957]
18960	356120+1566	0	903	1	41753at147550_8|scaffold27|+|820|6.988e-240|1|356120|357685|356120[356120]:357685[357685]:1566[1566]
18960	376040+1544	0	1215	1	77406at147550_2|scaffold27|+|314|1.464e-87|2|376040|377583|376040[376040]:376618[376618]:579[579]|376633[376672]:377583[377583]:951[912]
18960	215131+1461	0	2171	1	49870at147550_4|scaffold27|+|599|2.355e-173|2|215131|216591|215131[215131]:215538[215538]:408[408]|215590[215605]:216591[216591]:1002[987]
18960	375045-996	0	3553	-1	74159at147550_5|scaffold27|-|507|1.166e-145|1|374050|375045|375045[375045]:374050[374050]:996[996]
18960	303561+2317	0	4438	1	20681at147550_8|scaffold27|+|1116|0|4|303561|305877|303561[303561]:303683[303683]:123[123]|303750[303750]:303878[303878]:129[129]|303937[303940]:304224[304224]:288[285]|304276[304279]:305877[305877]:1602[1599]
18960	89318+564	0	6441	1	103443at147550_8|scaffold27|+|157|2.675e-40|1|89318|89881|89318[89318]:89881[89881]:564[564]
18960	164614+420	0	7363	1	98813at147550_1|scaffold27|+|144|2.191e-36|3|164614|165033|164614[164614]:164742[164742]:129[129]|164784[164826]:164882[164882]:99[57]|164962[164974]:165033[165033]:72[60]
18960	418501+771	0	7905	1	68418at147550|scaffold27|+|108|1.506e-25|1|418501|419271|418501[418501]:419271[419271]:771[771]
18960	80838-907	0	8027	-1	76017at147550_1|scaffold27|-|457|1.313e-130|3|79932|80838|80838[80838]:80779[80779]:60[60]|80716[80716]:80171[80171]:546[546]|80087[80084]:79932[79932]:156[153]
18960	389625-2151	0	9316	-1	62394at147550_8|scaffold27|-|821|3.494e-240|1|387475|389625|389625[389625]:387475[387475]:2151[2151]
18960	168565+1467	0	10337	1	33713at147550_9|scaffold27|+|161|1.672e-41|2|168565|170031|168565[168565]:169431[169431]:867[867]|169708[169708]:170031[170031]:324[324]
18960	206089+3357	0	12033	1	11470at147550_8|scaffold27|+|1737|0|1|206089|209445|206089[206089]:209445[209445]:3357[3357]
18960	295512-2469	0	12516	-1	11354at147550_7|scaffold27|-|1358|0|3|293044|295512|295512[295512]:295414[295414]:99[99]|295343[295343]:295215[295215]:129[129]|295188[295143]:293044[293044]:2145[2100]
18960	244273+291	0	13446	1	106346at147550_4|scaffold27|+|131|1.795e-32|1|244273|244563|244273[244273]:244563[244563]:291[291]
18960	85152+1535	0	14966	1	16937at147550_6|scaffold27|+|780|7.684e-228|2|85152|86686|85152[85152]:85853[85853]:702[702]|85913[85913]:86686[86686]:774[774]
18960	76414+2937	0	16563	1	24302at147550_4|scaffold27|+|739|1.69e-215|5|76414|79350|76414[76414]:77436[77436]:1023[1023]|77495[77495]:78106[78106]:612[612]|78162[78165]:78218[78218]:57[54]|78285[78285]:78953[78953]:669[669]|79033[79036]:79350[79350]:318[315]
18960	362488-3551	0	16767	-1	50980at147550_4|scaffold27|-|703|1.161e-204|3|358938|362488|362488[362488]:361472[361472]:1017[1017]|361403[361403]:361128[361128]:276[276]|361070[361055]:358938[358938]:2133[2118]
18960	252989-3030	0	17323	-1	17524at147550_2|scaffold27|-|800|7.328e-234|3|249960|252989|252989[252989]:252702[252702]:288[288]|252174[252174]:251689[251689]:486[486]|251540[251537]:249960[249960]:1581[1578]
18960	45611+791	0	18254	1	103532at147550_6|scaffold27|+|206|4.751e-55|2|45611|46401|45611[45611]:45874[45874]:264[264]|45940[45943]:46401[46401]:462[459]
18960	367381+983	0	18816	1	84656at147550_3|scaffold27|+|375|6.349e-106|3|367381|368363|367381[367381]:367473[367473]:93[93]|367675[367678]:367866[367866]:192[189]|368073[368076]:368363[368363]:291[288]
18960	81997+2404	0	19460	1	17166at147550_3|scaffold27|+|1185|0|2|81997|84400|81997[81997]:83952[83952]:1956[1956]|84008[84014]:84400[84400]:393[387]
18960	280352+2706	0	21079	1	20980at147550_5|scaffold27|+|1187|0|3|280352|283057|280352[280352]:281149[281149]:798[798]|281200[281206]:282261[282261]:1062[1056]|282320[282320]:283057[283057]:738[738]
18960	220876-2577	0	22456	-1	47025at147550_6|scaffold27|-|559|2.589e-161|1|218300|220876|220876[220876]:218300[218300]:2577[2577]
18960	128317+1268	0	23745	1	57500at147550_7|scaffold27|+|554|8.286e-160|2|128317|129584|128317[128317]:128535[128535]:219[219]|128625[128628]:129584[129584]:960[957]
18960	179208-5701	0	24133	-1	762at147550_7|scaffold27|-|2706|0|2|173508|179208|179208[179208]:178918[178918]:291[291]|178835[178835]:173508[173508]:5328[5328]
18960	57388-2220	0	25218	-1	21278at147550_9|scaffold27|-|1144|0|4|55169|57388|57388[57388]:57269[57269]:120[120]|57202[57199]:57137[57137]:66[63]|57082[57079]:57011[57011]:72[69]|56863[56860]:55169[55169]:1695[1692]
18960	301209+517	0	26035	1	99929at147550_1|scaffold27|+|186|4.982e-49|3|301209|301725|301209[301209]:301259[301259]:51[51]|301396[301396]:301530[301530]:135[135]|301588[301588]:301725[301725]:138[138]
18960	407217+2970	0	26441	1	14238at147550_1|scaffold27|+|752|2.063e-219|2|407217|410186|407217[407217]:407474[407474]:258[258]|408339[408339]:410186[410186]:1848[1848]
18960	285943+643	0	26608	1	85774at147550_1|scaffold27|+|372|5.079e-105|2|285943|286585|285943[285943]:286329[286329]:387[387]|286409[286412]:286585[286585]:177[174]
18960	127698-615	0	27231	-1	97077at147550_0|scaffold27|-|273|3.219e-75|2|127084|127698|127698[127698]:127570[127570]:129[129]|127419[127416]:127084[127084]:336[333]
18960	245841+1461	0	27694	1	55234at147550_8|scaffold27|+|627|8.773e-182|2|245841|247301|245841[245841]:247070[247070]:1230[1230]|247170[247170]:247301[247301]:132[132]
18960	59028+705	0	29233	1	86194at147550_9|scaffold27|+|341|1.091e-95|1|59028|59732|59028[59028]:59732[59732]:705[705]
18960	421565-1695	0	30551	-1	6579at147550_4|scaffold27|-|554|8.286e-160|1|419871|421565|421565[421565]:419871[419871]:1695[1695]
18960	369536-393	0	30791	-1	104208at147550_3|scaffold27|-|142|8.764e-36|1|369144|369536|369536[369536]:369144[369144]:393[393]
18960	182269+5602	0	30856	1	1747at147550_9|scaffold27|+|2475|0|4|182269|187870|182269[182269]:182484[182484]:216[216]|182502[182547]:182639[182639]:138[93]|182716[182716]:186435[186435]:3720[3720]|186488[186503]:187870[187870]:1383[1368]
18960	124531-3284	0	31709	-1	19491at147550_3|scaffold27|-|860|6.356e-252|4|121248|124531|124531[124531]:123230[123230]:1302[1302]|123176[123167]:122577[122577]:600[591]|121637[121637]:121413[121413]:225[225]|121307[121307]:121248[121248]:60[60]
18960	115355-3325	0	31753	-1	9839at147550_4|scaffold27|-|1678|0|2|112031|115355|115355[115355]:112203[112203]:3153[3153]|112162[112147]:112031[112031]:132[117]
18960	50118+607	0	31830	1	91009at147550_6|scaffold27|+|244|1.728e-66|2|50118|50724|50118[50118]:50495[50495]:378[378]|50593[50605]:50724[50724]:132[120]
18960	228960-1357	0	31989	-1	62484at147550_3|scaffold27|-|661|5.107e-192|2|227604|228960|228960[228960]:227992[227992]:969[969]|227927[227927]:227604[227604]:324[324]
18960	52103+1773	0	32840	1	29266at147550_8|scaffold27|+|855|2.034e-250|5|52103|53875|52103[52103]:52171[52171]:69[69]|52267[52291]:52356[52356]:90[66]|52511[52511]:52879[52879]:369[369]|52929[52953]:53471[53471]:543[519]|53531[53531]:53875[53875]:345[345]
18960	94947+3414	0	32841	1	10101at147550_0|scaffold27|+|962|1.253e-282|2|94947|98360|94947[94947]:95525[95525]:579[579]|95598[95598]:98360[98360]:2763[2763]
18960	258941+2103	0	34534	1	60977at147550_7|scaffold27|+|642|2.677e-186|2|258941|261043|258941[258941]:260797[260797]:1857[1857]|260879[260882]:261043[261043]:165[162]
18960	189519-1218	0	38052	-1	53135at147550_8|scaffold27|-|646|1.673e-187|1|188302|189519|189519[189519]:188302[188302]:1218[1218]
18960	223466+948	0	39101	1	86687at147550_3|scaffold27|+|432|4.406e-123|1|223466|224413|223466[223466]:224413[224413]:948[948]
18960	44953-2529	0	39303	-1	40002at147550_7|scaffold27|-|838|2.666e-245|1|42425|44953|44953[44953]:42425[42425]:2529[2529]
18960	213145-1328	0	39476	-1	43976at147550_7|scaffold27|-|678|3.896e-197|2|211818|213145|213145[213145]:212915[212915]:231[231]|212858[212846]:211818[211818]:1041[1029]
18960	117884+553	0	40392	1	102953at147550_4|scaffold27|+|190|3.114e-50|3|117884|118436|117884[117884]:117928[117928]:45[45]|117978[117984]:118082[118082]:105[99]|118179[118179]:118436[118436]:258[258]
18960	255725+1765	0	40874	1	48743at147550_9|scaffold27|+|782|1.921e-228|3|255725|257489|255725[255725]:255994[255994]:270[270]|256059[256059]:256322[256322]:264[264]|256461[256464]:257489[257489]:1029[1026]
18960	300787-1510	0	41572	-1	58896at147550_5|scaffold27|-|459|3.282e-131|2|299278|300787|300787[300787]:300542[300542]:246[246]|300456[300456]:299278[299278]:1179[1179]
18961	6490-792	0	19224	-1	48666at147550_5|scaffold59|-|99|7.709e-23|1|5699|6490|6490[6490]:5699[5699]:792[792]
18961	10962-2832	0	22586	-1	58398at147550_7|scaffold59|-|604|7.36e-175|2|8131|10962|10962[10962]:10414[10414]:549[549]|10365[10362]:8131[8131]:2235[2232]
18962	24657-935	0	1929	-1	28802at147550_6|scaffold91|-|150|3.423e-38|2|23723|24657|24657[24657]:24325[24325]:333[333]|24280[24271]:23723[23723]:558[549]
18962	284339+1478	0	4195	1	34845at147550_8|scaffold91|+|149|6.847e-38|2|284339|285816|284339[284339]:284884[284884]:546[546]|285280[285280]:285816[285816]:537[537]
18962	81251-3757	0	4521	-1	13099at147550_4|scaffold91|-|1115|0|2|77495|81251|81251[81251]:81012[81012]:240[240]|80935[80935]:77495[77495]:3441[3441]
18962	203475+1485	0	9228	1	27007at147550|scaffold91|+|153|4.279e-39|1|203475|204959|203475[203475]:204959[204959]:1485[1485]
18962	259598+708	0	10231	1	98810at147550_7|scaffold91|+|215|9.279e-58|1|259598|260305|259598[259598]:260305[260305]:708[708]
18962	94483+1324	0	10446	1	51566at147550_0|scaffold91|+|488|6.114e-140|3|94483|95806|94483[94483]:94572[94572]:90[90]|94630[94642]:95409[95409]:780[768]|95501[95501]:95806[95806]:306[306]
18962	184986-1128	0	11940	-1	46204at147550_4|scaffold91|-|152|8.559e-39|2|183859|184986|184986[184986]:184861[184861]:126[126]|184662[184662]:183859[183859]:804[804]
18962	7050-3312	0	12556	-1	63644at147550_3|scaffold91|-|629|2.193e-182|1|3739|7050|7050[7050]:3739[3739]:3312[3312]
18962	233502-5995	0	13580	-1	976at147550_5|scaffold91|-|3224|0|3|227508|233502|233502[233502]:233029[233029]:474[474]|232965[232962]:227629[227629]:5337[5334]|227570[227567]:227508[227508]:63[60]
18962	29566-2308	0	15270	-1	46554at147550_9|scaffold91|-|544|8.485e-157|3|27259|29566|29566[29566]:28379[28379]:1188[1188]|28297[28297]:27581[27581]:717[717]|27501[27501]:27259[27259]:243[243]
18962	93412-3228	0	15434	-1	30747at147550_9|scaffold91|-|231|1.416e-62|3|90185|93412|93412[93412]:93302[93302]:111[111]|93212[93206]:92724[92724]:489[483]|91948[91948]:90185[90185]:1764[1764]
18962	107868-1166	0	16365	-1	55550at147550_5|scaffold91|-|126|5.744e-31|2|106703|107868|107868[107868]:107734[107734]:135[135]|107569[107569]:106703[106703]:867[867]
18962	19163+1185	0	16864	1	49746at147550_8|scaffold91|+|377|1.587e-106|2|19163|20347|19163[19163]:19333[19333]:171[171]|19415[19415]:20347[20347]:933[933]
18962	239677-3258	0	20539	-1	7088at147550_4|scaffold91|-|1251|0|3|236420|239677|239677[239677]:239366[239366]:312[312]|239177[239177]:236580[236580]:2598[2598]|236524[236518]:236420[236420]:105[99]
18962	49751-1095	0	21654	-1	65086at147550_6|scaffold91|-|408|7.391e-116|1|48657|49751|49751[49751]:48657[48657]:1095[1095]
18962	245731+515	0	21965	1	100711at147550_6|scaffold91|+|178|1.275e-46|2|245731|246245|245731[245731]:245880[245880]:150[150]|245967[245967]:246245[246245]:279[279]
18962	60027-1116	0	22898	-1	84547at147550_6|scaffold91|-|346|3.409e-97|1|58912|60027|60027[60027]:58912[58912]:1116[1116]
18962	193343+1832	0	24675	1	36805at147550_9|scaffold91|+|864|3.972e-253|2|193343|195174|193343[193343]:193678[193678]:336[336]|193723[193738]:195174[195174]:1452[1437]
18962	270295+2109	0	25500	1	55999at147550_8|scaffold91|+|406|2.957e-115|2|270295|272403|270295[270295]:270348[270348]:54[54]|270550[270565]:272403[272403]:1854[1839]
18962	86688+2955	0	27304	1	65794at147550_0|scaffold91|+|728|3.46e-212|4|86688|89642|86688[86688]:86993[86993]:306[306]|87069[87069]:87734[87734]:666[666]|88697[88697]:88909[88909]:213[213]|89046[89046]:89642[89642]:597[597]
18962	161813-1236	0	29884	-1	52386at147550_3|scaffold91|-|213|3.712e-57|1|160578|161813|161813[161813]:160578[160578]:1236[1236]
18962	55961-2151	0	31577	-1	22948at147550_5|scaffold91|-|921|2.756e-270|1|53811|55961|55961[55961]:53811[53811]:2151[2151]
18962	192602-846	0	31876	-1	80677at147550_3|scaffold91|-|458|6.565e-131|1|191757|192602|192602[192602]:191757[191757]:846[846]
18962	43071+1557	0	34894	1	41567at147550_3|scaffold91|+|656|1.634e-190|1|43071|44627|43071[43071]:44627[44627]:1557[1557]
18962	97201-888	0	35626	-1	95865at147550_4|scaffold91|-|246|4.321e-67|1|96314|97201|97201[97201]:96314[96314]:888[888]
18962	57617+684	0	39833	1	83785at147550_5|scaffold91|+|256|4.22e-70|1|57617|58300|57617[57617]:58300[58300]:684[684]
18962	281921-1449	0	40925	-1	19249at147550_5|scaffold91|-|299|4.797e-83|1|280473|281921|281921[281921]:280473[280473]:1449[1449]
18964	88777-1689	0	1208	-1	70530at147550_8|scaffold155|-|625|3.509e-181|2|87089|88777|88777[88777]:88706[88706]:72[72]|88645[88642]:87089[87089]:1557[1554]
18964	96937+767	0	2907	1	65877at147550_3|scaffold155|+|418|7.218e-119|2|96937|97703|96937[96937]:97479[97479]:543[543]|97557[97557]:97703[97703]:147[147]
18964	93470-2513	0	4288	-1	15716at147550_2|scaffold155|-|893|7.399e-262|2|90958|93470|93470[93470]:91074[91074]:2397[2397]|91026[91017]:90958[90958]:69[60]
18964	65279-2645	0	5173	-1	16408at147550_4|scaffold155|-|921|2.756e-270|3|62635|65279|65279[65279]:65166[65166]:114[114]|64973[64967]:64698[64698]:276[270]|64641[64635]:62635[62635]:2007[2001]
18964	69970-1713	0	8315	-1	35850at147550_2|scaffold155|-|457|1.313e-130|1|68258|69970|69970[69970]:68258[68258]:1713[1713]
18964	99742-1668	0	10194	-1	40074at147550_2|scaffold155|-|584|7.717e-169|1|98075|99742|99742[99742]:98075[98075]:1668[1668]
18964	121039+1366	0	11926	1	48426at147550_6|scaffold155|+|424|1.128e-120|2|121039|122404|121039[121039]:122103[122103]:1065[1065]|122165[122171]:122404[122404]:240[234]
18964	95846-651	0	12377	-1	91870at147550_4|scaffold155|-|333|2.792e-93|2|95196|95846|95846[95846]:95748[95748]:99[99]|95678[95678]:95196[95196]:483[483]
18964	27388-1758	0	14851	-1	33286at147550_1|scaffold155|-|586|1.929e-169|1|25631|27388|27388[27388]:25631[25631]:1758[1758]
18964	94621+492	0	19021	1	103238at147550_9|scaffold155|+|220|2.9e-59|1|94621|95112|94621[94621]:95112[95112]:492[492]
18964	34891-741	0	20102	-1	100350at147550_0|scaffold155|-|309|4.685e-86|4|34151|34891|34891[34891]:34823[34823]:69[69]|34774[34750]:34679[34679]:96[72]|34602[34602]:34366[34366]:237[237]|34306[34297]:34151[34151]:156[147]
18964	77775+3672	0	21966	1	9945at147550_8|scaffold155|+|1750|0|1|77775|81446|77775[77775]:81446[81446]:3672[3672]
18964	101353+942	0	25552	1	77695at147550_6|scaffold155|+|112|9.41e-27|1|101353|102294|101353[101353]:102294[102294]:942[942]
18964	36172+680	0	32239	1	78077at147550_4|scaffold155|+|394|1.211e-111|2|36172|36851|36172[36172]:36336[36336]:165[165]|36384[36396]:36851[36851]:468[456]
18964	85268-2158	0	36173	-1	46022at147550_9|scaffold155|-|608|4.6e-176|3|83111|85268|85268[85268]:85143[85143]:126[126]|84856[84850]:83957[83957]:900[894]|83923[83896]:83111[83111]:813[786]
18964	12209-1555	0	37278	-1	35519at147550_5|scaffold155|-|662|2.553e-192|2|10655|12209|12209[12209]:12006[12006]:204[204]|11953[11953]:10655[10655]:1299[1299]
18964	38260-646	0	39008	-1	102064at147550_5|scaffold155|-|230|2.832e-62|2|37615|38260|38260[38260]:38111[38111]:150[150]|38055[38037]:37615[37615]:441[423]
18964	9406-1817	0	40050	-1	32578at147550_3|scaffold155|-|334|1.396e-93|3|7590|9406|9406[9406]:8891[8891]:516[516]|8835[8832]:8083[8083]:753[750]|7817[7817]:7590[7590]:228[228]
18969	35833+1655	0	21163	1	68565at147550_1|scaffold315|+|235|8.849e-64|3|35833|37487|35833[35833]:35964[35964]:132[132]|36050[36056]:36292[36292]:243[237]|36762[36762]:37487[37487]:726[726]
18969	30058+1176	0	23439	1	62638at147550_2|scaffold315|+|537|1.086e-154|1|30058|31233|30058[30058]:31233[31233]:1176[1176]
20	30534+1360	0	604	1	44775at147550_5|scaffold641|+|599|2.355e-173|2|30534|31893|30534[30534]:31139[31139]:606[606]|31288[31288]:31893[31893]:606[606]
20	11090+2869	0	4740	1	35876at147550_7|scaffold641|+|841|3.332e-246|4|11090|13958|11090[11090]:12133[12133]:1044[1044]|12209[12215]:12283[12283]:75[69]|12523[12523]:13143[13143]:621[621]|13254[13254]:13958[13958]:705[705]
20	18924+4197	0	5498	1	4537at147550_3|scaffold641|+|1794|0|2|18924|23120|18924[18924]:22316[22316]:3393[3393]|22380[22380]:23120[23120]:741[741]
20	45649-4964	0	22719	-1	2826at147550_6|scaffold641|-|1858|0|2|40686|45649|45649[45649]:44222[44222]:1428[1428]|44135[44135]:40686[40686]:3450[3450]
20	36623-3093	0	24727	-1	16723at147550_6|scaffold641|-|1186|0|3|33531|36623|36623[36623]:36027[36027]:597[597]|35956[35956]:35120[35120]:837[837]|35069[35069]:33531[33531]:1539[1539]
20	8296+1474	0	38153	1	85327at147550_8|scaffold641|+|235|8.849e-64|2|8296|9769|8296[8296]:9198[9198]:903[903]|9275[9275]:9769[9769]:495[495]
20	4527+1392	0	38629	1	91318at147550_3|scaffold641|+|398|7.569e-113|1|4527|5918|4527[4527]:5918[5918]:1392[1392]
20	2879-2661	0	39956	-1	62958at147550_7|scaffold641|-|601|5.888e-174|1|219|2879|2879[2879]:219[219]:2661[2661]
22	21889+4025	0	3469	1	85379at147550_9|scaffold705|+|685|3.044e-199|5|21889|25913|21889[21889]:21933[21933]:45[45]|22050[22050]:22541[22541]:492[492]|24115[24115]:24210[24210]:96[96]|24342[24369]:24605[24605]:264[237]|24738[24741]:25913[25913]:1176[1173]
22	18362-1852	0	10087	-1	31791at147550_8|scaffold705|-|767|6.294e-224|3|16511|18362|18362[18362]:17328[17328]:1035[1035]|17272[17272]:16970[16970]:303[303]|16915[16915]:16511[16511]:405[405]
22	18917+1909	0	11081	1	42849at147550_3|scaffold705|+|684|6.088e-199|5|18917|20825|18917[18917]:19186[19186]:270[270]|19367[19367]:19669[19669]:303[303]|19832[19832]:20098[20098]:267[267]|20192[20192]:20386[20386]:195[195]|20448[20451]:20825[20825]:378[375]
22	49475-1473	0	14071	-1	59156at147550_4|scaffold705|-|623|1.404e-180|3|48003|49475|49475[49475]:48939[48939]:537[537]|48863[48860]:48510[48510]:354[351]|48341[48338]:48003[48003]:339[336]
22	1307-1307	0	14298	-1	27618at147550_7|scaffold705|-|500|1.493e-143|2|1|1307|1307[1307]:690[690]:618[618]|471[471]:1[1]:471[471]
22	31824-1288	0	32930	-1	70168at147550_6|scaffold705|-|470|1.603e-134|2|30537|31824|31824[31824]:31444[31444]:381[381]|31391[31367]:30537[30537]:855[831]
22	26950+1591	0	35650	1	48743at147550_5|scaffold705|+|423|2.256e-120|2|26950|28540|26950[26950]:27450[27450]:501[501]|27527[27530]:28540[28540]:1014[1011]
24	6956+1002	0	14043	1	85605at147550_1|scaffold769|+|72|1.035e-14|1|6956|7957|6956[6956]:7957[7957]:1002[1002]
3660	9105+1748	0	5021	1	24272at147550_1|scaffold326|+|968|1.959e-284|2|9105|10852|9105[9105]:9389[9389]:285[285]|9455[9455]:10852[10852]:1398[1398]
3660	8218-1429	0	34862	-1	37077at147550_8|scaffold326|-|844|4.165e-247|2|6790|8218|8218[8218]:7343[7343]:876[876]|7281[7281]:6790[6790]:492[492]
1470	3013+1224	0	3412	1	36824at147550_2|scaffold323|+|672|2.493e-195|1|3013|4236|3013[3013]:4236[4236]:1224[1224]
1470	14808-1870	0	4303	-1	52868at147550_5|scaffold323|-|557|1.036e-160|2|12939|14808|14808[14808]:13705[13705]:1104[1104]|13637[13628]:12939[12939]:699[690]
1470	26436+1598	0	5205	1	50224at147550_2|scaffold323|+|398|7.569e-113|4|26436|28033|26436[26436]:26555[26555]:120[120]|26640[26640]:27350[27350]:711[711]|27421[27424]:27633[27633]:213[210]|27872[27872]:28033[28033]:162[162]
1473	36778-1383	0	4546	-1	65131at147550_8|scaffold419|-|530|1.39e-152|1|35396|36778|36778[36778]:35396[35396]:1383[1383]
1473	59372-2315	0	6785	-1	13945at147550_6|scaffold419|-|1237|0|3|57058|59372|59372[59372]:58584[58584]:789[789]|58506[58506]:57832[57832]:675[675]|57777[57777]:57058[57058]:720[720]
1473	8743-1402	0	15828	-1	44162at147550_7|scaffold419|-|704|5.806e-205|3|7342|8743|8743[8743]:8663[8663]:81[81]|8527[8527]:7634[7634]:894[894]|7587[7572]:7342[7342]:246[231]
1473	60023+670	0	22512	1	90859at147550_4|scaffold419|+|219|5.8e-59|2|60023|60692|60023[60023]:60271[60271]:249[249]|60351[60351]:60692[60692]:342[342]
1473	16168-285	0	30157	-1	97268at147550|scaffold419|-|54|2.712e-09|1|15884|16168|16168[16168]:15884[15884]:285[285]
1473	25386+1532	0	35181	1	46153at147550_6|scaffold419|+|745|2.64e-217|2|25386|26917|25386[25386]:25559[25559]:174[174]|25631[25631]:26917[26917]:1287[1287]
1473	11206+595	0	38820	1	91130at147550_2|scaffold419|+|294|1.535e-81|2|11206|11800|11206[11206]:11283[11283]:78[78]|11360[11378]:11800[11800]:441[423]
1473	1026+1822	0	40174	1	50976at147550_3|scaffold419|+|291|1.228e-80|2|1026|2847|1026[1026]:1619[1619]:594[594]|1702[1708]:2847[2847]:1146[1140]
1475	59568-2670	0	1299	-1	16258at147550_5|scaffold483|-|1159|0|1|56899|59568|59568[59568]:56899[56899]:2670[2670]
1475	948+978	0	2759	1	94958at147550_9|scaffold483|+|304|1.499e-84|2|948|1925|948[948]:1529[1529]:582[582]|1581[1584]:1925[1925]:345[342]
1475	45324+1910	0	3205	1	19955at147550_3|scaffold483|+|1128|0|3|45324|47233|45324[45324]:45476[45476]:153[153]|45536[45542]:47023[47023]:1488[1482]|47081[47081]:47233[47233]:153[153]
1475	66840-2321	0	5182	-1	13119at147550_2|scaffold483|-|1172|0|3|64520|66840|66840[66840]:66715[66715]:126[126]|66625[66625]:64898[64898]:1728[1728]|64786[64783]:64520[64520]:267[264]
1475	42383-3734	0	5623	-1	8024at147550_4|scaffold483|-|1222|0|4|38650|42383|42383[42383]:42183[42183]:201[201]|41930[41930]:40470[40470]:1461[1461]|40411[40411]:39974[39974]:438[438]|39867[39864]:38650[38650]:1218[1215]
1475	30485+2658	0	6284	1	28655at147550_5|scaffold483|+|721|4.429e-210|3|30485|33142|30485[30485]:32275[32275]:1791[1791]|32472[32484]:32819[32819]:348[336]|32975[32975]:33142[33142]:168[168]
1475	53505-748	0	6338	-1	88297at147550_0|scaffold483|-|223|3.625e-60|3|52758|53505|53505[53505]:53356[53356]:150[150]|53266[53263]:53021[53021]:246[243]|52832[52832]:52758[52758]:75[75]
1475	44946-779	0	7587	-1	87414at147550_0|scaffold483|-|345|6.817e-97|3|44168|44946|44946[44946]:44890[44890]:57[57]|44851[44827]:44312[44312]:540[516]|44287[44248]:44168[44168]:120[81]
1475	11642+995	0	7772	1	91598at147550_0|scaffold483|+|215|9.279e-58|2|11642|12636|11642[11642]:11746[11746]:105[105]|11923[11929]:12636[12636]:714[708]
1475	48518+2488	0	8749	1	13927at147550_2|scaffold483|+|1266|0|2|48518|51005|48518[48518]:50602[50602]:2085[2085]|50703[50703]:51005[51005]:303[303]
1475	67814+1014	0	20711	1	72247at147550_5|scaffold483|+|487|1.223e-139|2|67814|68827|67814[67814]:68239[68239]:426[426]|68435[68435]:68827[68827]:393[393]
1475	4069+1254	0	25617	1	100705at147550_5|scaffold483|+|320|2.288e-89|1|4069|5322|4069[4069]:5322[5322]:1254[1254]
1475	35094-679	0	30489	-1	95915at147550_4|scaffold483|-|315|7.32e-88|2|34416|35094|35094[35094]:35020[35020]:75[75]|34952[34946]:34416[34416]:537[531]
1475	54739+765	0	30796	1	88954at147550_3|scaffold483|+|336|3.49e-94|3|54739|55503|54739[54739]:54915[54915]:177[177]|54996[55008]:55211[55211]:216[204]|55294[55300]:55503[55503]:210[204]
1475	21683-2332	0	33219	-1	29767at147550_8|scaffold483|-|1053|5.063e-310|2|19352|21683|21683[21683]:21507[21507]:177[177]|21328[21316]:19352[19352]:1977[1965]
1477	14797+4872	0	4496	1	1401at147550_4|scaffold547|+|2300|0|1|14797|19668|14797[14797]:19668[19668]:4872[4872]
1477	7493-2763	0	26367	-1	9556at147550_4|scaffold547|-|1391|0|6|4731|7493|7493[7493]:7434[7434]:60[60]|7276[7276]:6884[6884]:393[393]|6816[6816]:6697[6697]:120[120]|6627[6624]:6298[6298]:330[327]|6237[6237]:6142[6142]:96[96]|6083[6083]:4731[4731]:1353[1353]
1477	920+3709	0	27518	1	42006at147550|scaffold547|+|959|1.003e-281|7|920|4628|920[920]:1147[1147]:228[228]|1239[1239]:2615[2615]:1377[1377]|3019[3019]:3306[3306]:288[288]|3357[3384]:3671[3671]:315[288]|3729[3732]:4043[4043]:315[312]|4141[4186]:4347[4347]:207[162]|4398[4407]:4628[4628]:231[222]
1477	13726-1446	0	32842	-1	64568at147550_2|scaffold547|-|619|2.246e-179|1|12281|13726|13726[13726]:12281[12281]:1446[1446]
1477	22130-910	0	41406	-1	99124at147550_1|scaffold547|-|273|3.219e-75|3|21221|22130|22130[22130]:21615[21615]:516[516]|21521[21518]:21369[21369]:153[150]|21304[21268]:21221[21221]:84[48]
1478	31655+967	0	13146	1	56407at147550|scaffold579|+|325|7.149e-91|2|31655|32621|31655[31655]:32356[32356]:702[702]|32427[32430]:32621[32621]:195[192]
1478	34421+2793	0	23548	1	6579at147550|scaffold579|+|984|2.988e-289|5|34421|37213|34421[34421]:34852[34852]:432[432]|34931[34934]:35086[35086]:156[153]|35237[35237]:35365[35365]:129[129]|35417[35429]:35503[35503]:87[75]|35558[35567]:37213[37213]:1656[1647]
1478	29912-1262	0	38842	-1	56407at147550_0|scaffold579|-|516|2.278e-148|2|28651|29912|29912[29912]:29148[29148]:765[765]|28998[28998]:28651[28651]:348[348]
17510	1729+1166	0	463	1	45628at147550_6|scaffold281|+|191|1.557e-50|2|1729|2894|1729[1729]:2538[2538]:810[810]|2625[2634]:2894[2894]:270[261]
17510	52100-2256	0	32564	-1	13900at147550_4|scaffold281|-|1217|0|1|49845|52100|52100[52100]:49845[49845]:2256[2256]
17510	11369-3123	0	38917	-1	7109at147550_6|scaffold281|-|1229|0|1|8247|11369|11369[11369]:8247[8247]:3123[3123]
17513	101263+2202	0	280	1	13891at147550_3|scaffold377|+|675|3.117e-196|1|101263|103464|101263[101263]:103464[103464]:2202[2202]
17513	15768-1005	0	1764	-1	75859at147550_5|scaffold377|-|422|4.511e-120|1|14764|15768|15768[15768]:14764[14764]:1005[1005]
17513	111748+1209	0	2223	1	85002at147550_5|scaffold377|+|423|2.256e-120|1|111748|112956|111748[111748]:112956[112956]:1209[1209]
17513	19168+640	0	3457	1	86557at147550_2|scaffold377|+|349|4.261e-98|2|19168|19807|19168[19168]:19335[19335]:168[168]|19406[19406]:19807[19807]:402[402]
17513	7553-1863	0	3909	-1	25225at147550_1|scaffold377|-|930|5.384e-273|3|5691|7553|7553[7553]:7302[7302]:252[252]|7237[7234]:7115[7115]:123[120]|7076[7058]:5691[5691]:1386[1368]
17513	71107+3075	0	4325	1	21464at147550_9|scaffold377|+|1357|0|1|71107|74181|71107[71107]:74181[74181]:3075[3075]
17513	3375-1632	0	4476	-1	25763at147550_4|scaffold377|-|807|5.725e-236|1|1744|3375|3375[3375]:1744[1744]:1632[1632]
17513	114954+1605	0	15792	1	24743at147550_3|scaffold377|+|118|1.47e-28|1|114954|116558|114954[114954]:116558[116558]:1605[1605]
17513	21120-687	0	21694	-1	68418at147550_2|scaffold377|-|67|3.311e-13|1|20434|21120|21120[21120]:20434[20434]:687[687]
17513	62946-1445	0	23069	-1	66653at147550_4|scaffold377|-|444|1.076e-126|3|61502|62946|62946[62946]:62272[62272]:675[675]|62172[62172]:61831[61831]:342[342]|61756[61756]:61502[61502]:255[255]
17513	111105-759	0	23785	-1	82574at147550_3|scaffold377|-|382|4.96e-108|3|110347|111105|111105[111105]:111049[111049]:57[57]|110952[110949]:110854[110854]:99[96]|110793[110784]:110347[110347]:447[438]
17513	33938+1320	0	26094	1	64645at147550_4|scaffold377|+|409|3.696e-116|1|33938|35257|33938[33938]:35257[35257]:1320[1320]
17513	100301-2692	0	28080	-1	22334at147550_8|scaffold377|-|1176|0|3|97610|100301|100301[100301]:100134[100134]:168[168]|100041[100041]:98248[98248]:1794[1794]|98164[98164]:97610[97610]:555[555]
17513	109270-1418	0	34691	-1	80932at147550_7|scaffold377|-|544|8.485e-157|2|107853|109270|109270[109270]:108155[108155]:1116[1116]|108086[108080]:107853[107853]:234[228]
17513	87636+1290	0	37134	1	41298at147550_5|scaffold377|+|575|3.951e-166|1|87636|88925|87636[87636]:88925[88925]:1290[1290]
17513	86390-1336	0	38021	-1	40248at147550_6|scaffold377|-|655|3.268e-190|2|85055|86390|86390[86390]:85500[85500]:891[891]|85435[85435]:85055[85055]:381[381]
17516	158643+920	0	338	1	64207at147550_7|scaffold473|+|253|3.376e-69|2|158643|159562|158643[158643]:159131[159131]:489[489]|159185[159185]:159562[159562]:378[378]
17516	112118+1737	0	1617	1	7634at147550_0|scaffold473|+|96|6.167e-22|1|112118|113854|112118[112118]:113854[113854]:1737[1737]
17516	13445+7299	0	3102	1	437at147550_7|scaffold473|+|4048|0|2|13445|20743|13445[13445]:20149[20149]:6705[6705]|20210[20210]:20743[20743]:534[534]
17516	9729+1651	0	3819	1	44217at147550_6|scaffold473|+|838|2.666e-245|2|9729|11379|9729[9729]:10673[10673]:945[945]|10732[10732]:11379[11379]:648[648]
17516	108126-3219	0	5939	-1	12012at147550_1|scaffold473|-|1503|0|1|104908|108126|108126[108126]:104908[104908]:3219[3219]
17516	104043-759	0	8120	-1	101268at147550_5|scaffold473|-|175|1.02e-45|3|103285|104043|104043[104043]:103882[103882]:162[162]|103700[103700]:103596[103596]:105[105]|103392[103389]:103285[103285]:108[105]
17516	124363-1059	0	8267	-1	59499at147550_4|scaffold473|-|570|1.264e-164|1|123305|124363|124363[124363]:123305[123305]:1059[1059]
17516	92043+276	0	8960	1	66447at147550_2|scaffold473|+|93|4.934e-21|1|92043|92318|92043[92043]:92318[92318]:276[276]
17516	186504-219	0	11227	-1	86126at147550_1|scaffold473|-|91|1.973e-20|1|186286|186504|186504[186504]:186286[186286]:219[219]
17516	45974-879	0	12747	-1	72808at147550_0|scaffold473|-|91|1.973e-20|1|45096|45974|45974[45974]:45096[45096]:879[879]
17516	170889-714	0	18597	-1	98801at147550_7|scaffold473|-|218|1.16e-58|3|170176|170889|170889[170889]:170782[170782]:108[108]|170591[170591]:170466[170466]:126[126]|170337[170334]:170176[170176]:162[159]
17516	56588+1245	0	22563	1	59405at147550_8|scaffold473|+|639|2.142e-185|2|56588|57832|56588[56588]:56710[56710]:123[123]|56762[56780]:57832[57832]:1071[1053]
17516	127972+1429	0	23264	1	59263at147550_2|scaffold473|+|401|9.461e-114|3|127972|129400|127972[127972]:128424[128424]:453[453]|128453[128492]:128929[128929]:477[438]|129041[129044]:129400[129400]:360[357]
17516	95111-847	0	24409	-1	57916at147550_0|scaffold473|-|128|1.436e-31|2|94265|95111|95111[95111]:94647[94647]:465[465]|94597[94594]:94265[94265]:333[330]
17516	12509-822	0	24462	-1	83728at147550_7|scaffold473|-|327|1.787e-91|1|11688|12509|12509[12509]:11688[11688]:822[822]
17516	60085-1810	0	25733	-1	23992at147550_7|scaffold473|-|963|6.267e-283|2|58276|60085|60085[60085]:59825[59825]:261[261]|59766[59760]:58276[58276]:1491[1485]
17516	25292-1172	0	26138	-1	52274at147550|scaffold473|-|717|7.087e-209|2|24121|25292|25292[25292]:25146[25146]:147[147]|25071[25071]:24121[24121]:951[951]
17516	9169-1161	0	28585	-1	87676at147550_6|scaffold473|-|451|8.403e-129|1|8009|9169|9169[9169]:8009[8009]:1161[1161]
17516	122108-1638	0	32474	-1	76702at147550_2|scaffold473|-|567|1.011e-163|1|120471|122108|122108[122108]:120471[120471]:1638[1638]
17516	28721-2223	0	34578	-1	27814at147550_9|scaffold473|-|732|2.163e-213|3|26499|28721|28721[28721]:28308[28308]:414[414]|28203[28203]:27532[27532]:672[672]|27452[27452]:26499[26499]:954[954]
17516	173764+885	0	35973	1	98936at147550_6|scaffold473|+|283|3.144e-78|1|173764|174648|173764[173764]:174648[174648]:885[885]
17516	32394+1145	0	39648	1	63397at147550_4|scaffold473|+|565|4.046e-163|4|32394|33538|32394[32394]:32441[32441]:48[48]|32512[32512]:32898[32898]:387[387]|32959[32959]:33306[33306]:348[348]|33368[33368]:33538[33538]:171[171]
17516	37313+2056	0	40087	1	57012at147550_4|scaffold473|+|575|3.951e-166|2|37313|39368|37313[37313]:38452[38452]:1140[1140]|38517[38517]:39368[39368]:852[852]
13883	8481-3333	0	18054	-1	22161at147550_7|scaffold852|-|1052|1.013e-309|3|5149|8481|8481[8481]:7300[7300]:1182[1182]|7088[7082]:5796[5796]:1293[1287]|5706[5706]:5149[5149]:558[558]
14610	12340+1392	0	32488	1	49032at147550_9|scaffold789|+|278|1.006e-76|1|12340|13731|12340[12340]:13731[13731]:1392[1392]
14612	17868-1188	0	12145	-1	84635at147550_3|scaffold853|-|407|1.478e-115|2|16681|17868|17868[17868]:17620[17620]:249[249]|17484[17478]:16681[16681]:804[798]
14612	2048-2011	0	14635	-1	17221at147550_0|scaffold853|-|562|3.237e-162|2|38|2048|2048[2048]:1848[1848]:201[201]|1756[1756]:38[38]:1719[1719]
10957	40756-1652	0	499	-1	64675at147550_5|scaffold528|-|584|7.717e-169|2|39105|40756|40756[40756]:40412[40412]:345[345]|40223[40223]:39105[39105]:1119[1119]
10957	2717+1734	0	1146	1	34048at147550_1|scaffold528|+|754|5.156e-220|1|2717|4450|2717[2717]:4450[4450]:1734[1734]
10957	87822-1558	0	4174	-1	54059at147550_6|scaffold528|-|771|3.934e-225|2|86265|87822|87822[87822]:87508[87508]:315[315]|87428[87428]:86265[86265]:1164[1164]
10957	11885-1416	0	4398	-1	75707at147550_1|scaffold528|-|606|1.84e-175|2|10470|11885|11885[11885]:11772[11772]:114[114]|11696[11669]:10470[10470]:1227[1200]
10957	88245+1557	0	5393	1	53914at147550_5|scaffold528|+|700|9.289e-204|2|88245|89801|88245[88245]:88349[88349]:105[105]|88437[88437]:89801[89801]:1365[1365]
10957	68806+1287	0	7976	1	23612at147550_9|scaffold528|+|579|2.469e-167|1|68806|70092|68806[68806]:70092[70092]:1287[1287]
10957	85242-981	0	8720	-1	25713at147550_4|scaffold528|-|83|5.052e-18|1|84262|85242|85242[85242]:84262[84262]:981[981]
10957	99790+4283	0	10664	1	9759at147550_5|scaffold528|+|1406|0|5|99790|104072|99790[99790]:99918[99918]:129[129]|99986[99989]:100537[100537]:552[549]|100584[100602]:101039[101039]:456[438]|101150[101162]:101533[101533]:384[372]|101688[101688]:104072[104072]:2385[2385]
10957	79021+2208	0	11653	1	23501at147550_8|scaffold528|+|989|9.339e-291|2|79021|81228|79021[79021]:79098[79098]:78[78]|79156[79162]:81228[81228]:2073[2067]
10957	108647-1162	0	11965	-1	74015at147550_6|scaffold528|-|573|1.58e-165|2|107486|108647|108647[108647]:108168[108168]:480[480]|108121[108115]:107486[107486]:636[630]
10957	12974+1146	0	12654	1	93468at147550_9|scaffold528|+|446|2.689e-127|1|12974|14119|12974[12974]:14119[14119]:1146[1146]
10957	30837+1300	0	12889	1	74721at147550_7|scaffold528|+|525|4.449e-151|3|30837|32136|30837[30837]:30917[30917]:81[81]|31014[31017]:31787[31787]:774[771]|31843[31855]:32136[32136]:294[282]
10957	24764+1187	0	16357	1	59577at147550_9|scaffold528|+|523|1.779e-150|2|24764|25950|24764[24764]:25276[25276]:513[513]|25360[25360]:25950[25950]:591[591]
10957	7372+2802	0	17978	1	12698at147550_8|scaffold528|+|1442|0|1|7372|10173|7372[7372]:10173[10173]:2802[2802]
10957	82390+576	0	21829	1	71951at147550_3|scaffold528|+|104|2.409e-24|1|82390|82965|82390[82390]:82965[82965]:576[576]
10957	16091+2183	0	23938	1	17944at147550_4|scaffold528|+|1211|0|2|16091|18273|16091[16091]:16345[16345]:255[255]|16417[16417]:18273[18273]:1857[1857]
10957	45507+2270	0	27871	1	37279at147550_0|scaffold528|+|952|1.284e-279|2|45507|47776|45507[45507]:45647[45647]:141[141]|45728[45731]:47776[47776]:2049[2046]
10957	94223-559	0	28250	-1	101480at147550_9|scaffold528|-|191|1.557e-50|3|93665|94223|94223[94223]:94164[94164]:60[60]|94094[94094]:93984[93984]:111[111]|93856[93856]:93665[93665]:192[192]
10957	137353-3257	0	28333	-1	22768at147550_5|scaffold528|-|930|5.384e-273|4|134097|137353|137353[137353]:135458[135458]:1896[1896]|135254[135254]:135144[135144]:111[111]|135087[135087]:134899[134899]:189[189]|134858[134843]:134097[134097]:762[747]
10957	78543-3689	0	32306	-1	4901at147550_9|scaffold528|-|1417|0|2|74855|78543|78543[78543]:78385[78385]:159[159]|78316[78313]:74855[74855]:3462[3459]
10957	21359+1462	0	32992	1	43445at147550_8|scaffold528|+|802|1.832e-234|2|21359|22820|21359[21359]:21544[21544]:186[186]|21690[21690]:22820[22820]:1131[1131]
10957	71331+2327	0	33292	1	49037at147550_8|scaffold528|+|745|2.64e-217|2|71331|73657|71331[71331]:72137[72137]:807[807]|72185[72206]:73657[73657]:1473[1452]
10957	154522-2865	0	35706	-1	16065at147550_4|scaffold528|-|1157|0|4|151658|154522|154522[154522]:154475[154475]:48[48]|154405[154399]:154220[154220]:186[180]|154149[154137]:152689[152689]:1461[1449]|152632[152632]:151658[151658]:975[975]
10957	117594+2877	0	36516	1	28061at147550_6|scaffold528|+|803|9.16e-235|1|117594|120470|117594[117594]:120470[120470]:2877[2877]
10957	91772-1755	0	36938	-1	75921at147550_7|scaffold528|-|424|1.128e-120|1|90018|91772|91772[91772]:90018[90018]:1755[1755]
10957	27071+11582	0	38909	1	39154at147550_0|scaffold528|+|887|4.735e-260|2|27071|38652|27071[27071]:29401[29401]:2331[2331]|37927[37927]:38652[38652]:726[726]
10957	124147+6467	0	41767	1	54556at147550_8|scaffold528|+|1167|0|3|124147|130613|124147[124147]:125934[125934]:1788[1788]|129433[129433]:130017[130017]:585[585]|130068[130077]:130613[130613]:546[537]
21890	21595+919	0	1537	1	91612at147550_8|scaffold479|+|300|2.399e-83|2|21595|22513|21595[21595]:22335[22335]:741[741]|22415[22415]:22513[22513]:99[99]
21890	93849+2397	0	6191	1	30155at147550_3|scaffold479|+|814|4.472e-238|3|93849|96245|93849[93849]:94622[94622]:774[774]|94716[94716]:95804[95804]:1089[1089]|95925[95925]:96245[96245]:321[321]
21890	74407+2842	0	8072	1	9736at147550_3|scaffold479|+|1470|0|5|74407|77248|74407[74407]:74487[74487]:81[81]|74565[74601]:74720[74720]:156[120]|74786[74786]:74983[74983]:198[198]|75079[75082]:76665[76665]:1587[1584]|76724[76724]:77248[77248]:525[525]
21890	110562+619	0	9284	1	97305at147550_4|scaffold479|+|237|2.212e-64|2|110562|111180|110562[110562]:110633[110633]:72[72]|110731[110743]:111180[111180]:450[438]
21890	118401-726	0	11642	-1	94970at147550_8|scaffold479|-|296|3.838e-82|1|117676|118401|118401[118401]:117676[117676]:726[726]
21890	13184-1368	0	14352	-1	80565at147550_9|scaffold479|-|580|1.235e-167|1|11817|13184|13184[13184]:11817[11817]:1368[1368]
21890	113873+1644	0	16898	1	39832at147550_4|scaffold479|+|767|6.294e-224|2|113873|115516|113873[113873]:113968[113968]:96[96]|114014[114032]:115516[115516]:1503[1485]
21890	110234-1025	0	23882	-1	72343at147550_5|scaffold479|-|562|3.237e-162|2|109210|110234|110234[110234]:110100[110100]:135[135]|110046[110040]:109210[109210]:837[831]
21890	40034-1918	0	24511	-1	60535at147550_9|scaffold479|-|176|5.101e-46|2|38117|40034|40034[40034]:39279[39279]:756[756]|39037[39037]:38117[38117]:921[921]
21890	46619+2652	0	28625	1	36261at147550_1|scaffold479|+|840|6.665e-246|3|46619|49270|46619[46619]:46966[46966]:348[348]|47045[47048]:48208[48208]:1164[1161]|48266[48269]:49270[49270]:1005[1002]
21890	71999+1173	0	32529	1	53872at147550_6|scaffold479|+|604|7.36e-175|1|71999|73171|71999[71999]:73171[73171]:1173[1173]
21890	107922-3872	0	34334	-1	2693at147550_4|scaffold479|-|1579|0|2|104051|107922|107922[107922]:104806[104806]:3117[3117]|104749[104746]:104051[104051]:699[696]
21890	24490-1665	0	36209	-1	22408at147550_2|scaffold479|-|86|6.315e-19|1|22826|24490|24490[24490]:22826[22826]:1665[1665]
21890	112895-1395	0	38429	-1	47788at147550_4|scaffold479|-|660|1.021e-191|3|111501|112895|112895[112895]:112794[112794]:102[102]|112587[112587]:111790[111790]:798[798]|111725[111716]:111501[111501]:225[216]
21891	13581-657	0	15169	-1	52951at147550_7|scaffold511|-|73|5.173e-15|1|12925|13581|13581[13581]:12925[12925]:657[657]
21891	39066+822	0	17781	1	52951at147550_9|scaffold511|+|104|2.409e-24|1|39066|39887|39066[39066]:39887[39887]:822[822]
21891	29605+1041	0	33233	1	65964at147550_6|scaffold511|+|160|3.343e-41|1|29605|30645|29605[29605]:30645[30645]:1041[1041]
21895	31671-1404	0	7009	-1	35850at147550_1|scaffold639|-|109|7.528e-26|1|30268|31671|31671[31671]:30268[30268]:1404[1404]
21895	48378-1932	0	9042	-1	29135at147550_8|scaffold639|-|629|2.193e-182|1|46447|48378|48378[48378]:46447[46447]:1932[1932]
21895	27814-1395	0	14516	-1	52319at147550_4|scaffold639|-|106|6.023e-25|1|26420|27814|27814[27814]:26420[26420]:1395[1395]
21895	61368+907	0	16865	1	87744at147550_0|scaffold639|+|221|1.45e-59|2|61368|62274|61368[61368]:61817[61817]:450[450]|61888[61888]:62274[62274]:387[387]
21895	55577+2587	0	37154	1	35464at147550_5|scaffold639|+|917|4.41e-269|3|55577|58163|55577[55577]:55627[55627]:51[51]|55745[55754]:56827[56827]:1083[1074]|56886[56886]:58163[58163]:1278[1278]
21895	54412-1155	0	37955	-1	50586at147550|scaffold639|-|449|3.361e-128|1|53258|54412|54412[54412]:53258[53258]:1155[1155]
21895	65467-1622	0	39568	-1	48743at147550_8|scaffold639|-|482|3.913e-138|2|63846|65467|65467[65467]:65321[65321]:147[147]|65240[65240]:63846[63846]:1395[1395]
21897	3330-633	0	8022	-1	46204at147550_1|scaffold703|-|44|2.777e-06|1|2698|3330|3330[3330]:2698[2698]:633[633]
21897	8306-696	0	11251	-1	52951at147550_4|scaffold703|-|65|1.324e-12|1|7611|8306|8306[8306]:7611[7611]:696[696]
21898	11919-434	0	3435	-1	109280at147550_8|scaffold735|-|122|9.19e-30|2|11486|11919|11919[11919]:11791[11791]:129[129]|11560[11560]:11486[11486]:75[75]
21898	20492-2613	0	7348	-1	94375at147550_1|scaffold735|-|346|3.409e-97|3|17880|20492|20492[20492]:20301[20301]:192[192]|20222[20222]:19929[19929]:294[294]|18893[18893]:17880[17880]:1014[1014]
21898	6021-1092	0	15349	-1	85605at147550_2|scaffold735|-|452|4.202e-129|1|4930|6021|6021[6021]:4930[4930]:1092[1092]
21898	13399+931	0	15353	1	101985at147550_0|scaffold735|+|271|1.288e-74|2|13399|14329|13399[13399]:14079[14079]:681[681]|14126[14141]:14329[14329]:204[189]
21898	16097+1503	0	20433	1	58371at147550_1|scaffold735|+|638|4.284e-185|2|16097|17599|16097[16097]:17164[17164]:1068[1068]|17201[17237]:17599[17599]:399[363]
21898	10086-1002	0	30449	-1	96855at147550_7|scaffold735|-|377|1.587e-106|1|9085|10086|10086[10086]:9085[9085]:1002[1002]
17523	3570-1549	0	25328	-1	48882at147550_2|scaffold697|-|313|2.928e-87|3|2022|3570|3570[3570]:3268[3268]:303[303]|3191[3191]:3036[3036]:156[156]|2957[2957]:2022[2022]:936[936]
17523	9197+2316	0	34638	1	43687at147550_7|scaffold697|+|837|5.332e-245|1|9197|11512|9197[9197]:11512[11512]:2316[2316]
1483	60988-801	0	838	-1	104906at147550_8|scaffold739|-|177|2.551e-46|1|60188|60988|60988[60988]:60188[60188]:801[801]
1483	45200-2946	0	2923	-1	7634at147550_1|scaffold739|-|435|5.507e-124|2|42255|45200|45200[45200]:42798[42798]:2403[2403]|42746[42737]:42255[42255]:492[483]
1483	29080-6764	0	6395	-1	1449at147550_3|scaffold739|-|2709|0|3|22317|29080|29080[29080]:28262[28262]:819[819]|27991[27988]:22577[22577]:5415[5412]|22517[22511]:22317[22317]:201[195]
1483	54201-1338	0	14500	-1	28781at147550_2|scaffold739|-|118|1.47e-28|1|52864|54201|54201[54201]:52864[52864]:1338[1338]
1483	20688-1849	0	19500	-1	59170at147550_6|scaffold739|-|553|1.657e-159|2|18840|20688|20688[20688]:20056[20056]:633[633]|19871[19850]:18840[18840]:1032[1011]
1483	11048-6022	0	25045	-1	12889at147550_6|scaffold739|-|1229|0|3|5027|11048|11048[11048]:6375[6375]:4674[4674]|6321[6306]:5191[5191]:1131[1116]|5137[5134]:5027[5027]:111[108]
1483	37035-1418	0	27311	-1	63264at147550_4|scaffold739|-|572|3.161e-165|3|35618|37035|37035[37035]:36988[36988]:48[48]|36944[36935]:36882[36882]:63[54]|36805[36805]:35618[35618]:1188[1188]
1483	57997+1533	0	28177	1	74964at147550_7|scaffold739|+|479|3.13e-137|1|57997|59529|57997[57997]:59529[59529]:1533[1533]
1483	46578+1950	0	32472	1	48398at147550_8|scaffold739|+|885|1.894e-259|2|46578|48527|46578[46578]:46844[46844]:267[267]|46893[46896]:48527[48527]:1635[1632]
1485	2422+2356	0	2437	1	16996at147550_1|scaffold803|+|1021|2.174e-300|3|2422|4777|2422[2422]:2745[2745]:324[324]|2823[2823]:4013[4013]:1191[1191]|4055[4085]:4777[4777]:723[693]
1485	8296-2073	0	14064	-1	6062at147550_3|scaffold803|-|355|6.658e-100|4|6224|8296|8296[8296]:7664[7664]:633[633]|7432[7411]:7139[7139]:294[273]|7053[7053]:6754[6754]:300[300]|6487[6487]:6224[6224]:264[264]
8044	152039+1730	0	1008	1	65296at147550_0|scaffold620|+|519|2.847e-149|7|152039|153768|152039[152039]:152083[152083]:45[45]|152152[152158]:152253[152253]:102[96]|152330[152330]:152440[152440]:111[111]|152510[152510]:152614[152614]:105[105]|152668[152668]:152970[152970]:303[303]|153013[153028]:153378[153378]:366[351]|153430[153430]:153768[153768]:339[339]
8044	27817-1329	0	3483	-1	32578at147550_7|scaffold620|-|253|3.376e-69|2|26489|27817|27817[27817]:27383[27383]:435[435]|27310[27310]:26489[26489]:822[822]
8044	92726-1653	0	7723	-1	20174at147550_3|scaffold620|-|508|5.831e-146|1|91074|92726|92726[92726]:91074[91074]:1653[1653]
8044	97773-597	0	9015	-1	74680at147550_1|scaffold620|-|85|1.263e-18|1|97177|97773|97773[97773]:97177[97177]:597[597]
8044	179868+951	0	11771	1	101948at147550|scaffold620|+|169|6.53e-44|1|179868|180818|179868[179868]:180818[180818]:951[951]
8044	115727+990	0	15387	1	75654at147550_9|scaffold620|+|168|1.306e-43|2|115727|116716|115727[115727]:116299[116299]:573[573]|116393[116405]:116716[116716]:324[312]
8044	108296-759	0	17402	-1	100566at147550_3|scaffold620|-|245|8.642e-67|1|107538|108296|108296[108296]:107538[107538]:759[759]
8044	112139+1147	0	18888	1	58868at147550_7|scaffold620|+|620|1.123e-179|2|112139|113285|112139[112139]:112921[112921]:783[783]|112956[112983]:113285[113285]:330[303]
8044	139074+1741	0	22023	1	9349at147550_8|scaffold620|+|130|3.59e-32|2|139074|140814|139074[139074]:139517[139517]:444[444]|139600[139600]:140814[140814]:1215[1215]
8044	84995+2913	0	34750	1	53489at147550_9|scaffold620|+|1133|0|3|84995|87907|84995[84995]:85210[85210]:216[216]|85335[85344]:85850[85850]:516[507]|85901[85907]:87907[87907]:2007[2001]
8044	51510+2226	0	35568	1	23721at147550_6|scaffold620|+|1084|2.35699e-319|2|51510|53735|51510[51510]:51899[51899]:390[390]|51954[51957]:53735[53735]:1782[1779]
8044	50634-528	0	35637	-1	73825at147550_6|scaffold620|-|52|1.085e-08|1|50107|50634|50634[50634]:50107[50107]:528[528]
8048	14058-2688	0	28117	-1	15644at147550_0|scaffold748|-|991|2.335e-291|1|11371|14058|14058[14058]:11371[11371]:2688[2688]
8049	36144-936	0	3012	-1	95704at147550_4|scaffold780|-|268|1.03e-73|2|35209|36144|36144[36144]:35671[35671]:474[474]|35625[35607]:35209[35209]:417[399]
8049	16568+363	0	8960	1	66447at147550_2|scaffold780|+|114|2.353e-27|1|16568|16930|16568[16568]:16930[16930]:363[363]
8049	8055-2257	0	14064	-1	6062at147550_3|scaffold780|-|579|2.469e-167|4|5799|8055|8055[8055]:7321[7321]:735[735]|7255[7255]:6848[6848]:408[408]|6790[6787]:6335[6335]:456[453]|6287[6281]:5799[5799]:489[483]
8049	33292-1865	0	14317	-1	53036at147550_5|scaffold780|-|685|3.044e-199|3|31428|33292|33292[33292]:32972[32972]:321[321]|32919[32892]:31735[31735]:1185[1158]|31709[31670]:31428[31428]:282[243]
8049	10150+2793	0	16475	1	52951at147550_8|scaffold780|+|805|2.29e-235|4|10150|12942|10150[10150]:10575[10575]:426[426]|10622[10649]:11371[11371]:750[723]|11402[11426]:11521[11521]:120[96]|12007[12007]:12942[12942]:936[936]
8049	54811+7166	0	17166	1	28727at147550_2|scaffold780|+|1177|0|6|54811|61976|54811[54811]:54870[54870]:60[60]|54939[54939]:55049[55049]:111[111]|55183[55183]:55332[55332]:150[150]|55425[55428]:55505[55505]:81[78]|56585[56585]:56722[56722]:138[138]|56925[56925]:61976[61976]:5052[5052]
8049	30031-2241	0	18621	-1	37458at147550_7|scaffold780|-|971|2.448e-285|2|27791|30031|30031[30031]:29684[29684]:348[348]|29623[29623]:27791[27791]:1833[1833]
8049	37853+2520	0	20670	1	20170at147550_7|scaffold780|+|1157|0|3|37853|40372|37853[37853]:38521[38521]:669[669]|38632[38632]:39894[39894]:1263[1263]|39950[39950]:40372[40372]:423[423]
8049	46722-2007	0	24312	-1	49683at147550_6|scaffold780|-|649|2.092e-188|3|44716|46722|46722[46722]:46426[46426]:297[297]|46382[46382]:46035[46035]:348[348]|45963[45927]:44716[44716]:1248[1212]
8049	12217+765	0	31903	1	74481at147550_7|scaffold780|+|233|3.54e-63|1|12217|12981|12217[12217]:12981[12981]:765[765]
8049	43063+867	0	32197	1	79276at147550_3|scaffold780|+|457|1.313e-130|1|43063|43929|43063[43063]:43929[43929]:867[867]
8049	48081+948	0	33653	1	77547at147550_6|scaffold780|+|429|3.525e-122|2|48081|49028|48081[48081]:48791[48791]:711[711]|48852[48858]:49028[49028]:177[171]
8049	17992+2076	0	40192	1	37704at147550_6|scaffold780|+|713|1.134e-207|1|17992|20067|17992[17992]:20067[20067]:2076[2076]
10231	3+1512	0	3181	1	15027at147550_5|scaffold623|+|876|9.698e-257|1|3|1514|3[3]:1514[1514]:1512[1512]
10231	15516-1863	0	6170	-1	68976at147550_7|scaffold623|-|605|3.68e-175|2|13654|15516|15516[15516]:15208[15208]:309[309]|15075[15075]:13654[13654]:1422[1422]
10231	46917+1155	0	7498	1	27007at147550_6|scaffold623|+|151|1.712e-38|1|46917|48071|46917[46917]:48071[48071]:1155[1155]
10231	10786-1645	0	10835	-1	37514at147550_4|scaffold623|-|224|1.812e-60|3|9142|10786|10786[10786]:10559[10559]:228[228]|10236[10236]:10069[10069]:168[168]|9972[9948]:9142[9142]:831[807]
10231	44755-3414	0	11174	-1	7295at147550_1|scaffold623|-|1662|0|2|41342|44755|44755[44755]:43994[43994]:762[762]|43939[43939]:41342[41342]:2598[2598]
10231	22986-1793	0	16983	-1	37609at147550|scaffold623|-|845|2.083e-247|2|21194|22986|22986[22986]:22756[22756]:231[231]|22693[22672]:21194[21194]:1500[1479]
10231	23512+1631	0	35977	1	71062at147550_4|scaffold623|+|561|6.473e-162|2|23512|25142|23512[23512]:24843[24843]:1332[1332]|24891[24909]:25142[25142]:252[234]
10232	40020+671	0	2889	1	34845at147550_7|scaffold655|+|90|3.947e-20|2|40020|40690|40020[40020]:40097[40097]:78[78]|40295[40295]:40690[40690]:396[396]
10232	68975-2015	0	7239	-1	87905at147550_0|scaffold655|-|396|3.028e-112|4|66961|68975|68975[68975]:68898[68898]:78[78]|68776[68758]:68723[68723]:54[36]|68563[68563]:68294[68294]:270[270]|68235[68235]:66961[66961]:1275[1275]
10232	42950+2456	0	14960	1	34719at147550_4|scaffold655|+|869|1.241e-254|5|42950|45405|42950[42950]:43108[43108]:159[159]|43220[43229]:43936[43936]:717[708]|44014[44014]:44427[44427]:414[414]|44495[44495]:45187[45187]:693[693]|45244[45268]:45405[45405]:162[138]
10232	92662-642	0	17911	-1	71951at147550_0|scaffold655|-|50|4.34e-08|1|92021|92662|92662[92662]:92021[92021]:642[642]
10232	70281+827	0	22710	1	103968at147550_4|scaffold655|+|79|8.083e-17|2|70281|71107|70281[70281]:70442[70442]:162[162]|70835[70835]:71107[71107]:273[273]
10232	59789+3413	0	24382	1	9797at147550_6|scaffold655|+|1706|0|3|59789|63201|59789[59789]:59863[59863]:75[75]|59950[59962]:62739[62739]:2790[2778]|62818[62827]:63201[63201]:384[375]
10232	28374-639	0	27053	-1	71951at147550_7|scaffold655|-|46|6.944e-07|1|27736|28374|28374[28374]:27736[27736]:639[639]
10232	59344-1609	0	33606	-1	33311at147550_8|scaffold655|-|895|1.85e-262|3|57736|59344|59344[59344]:59039[59039]:306[306]|58948[58948]:57878[57878]:1071[1071]|57816[57789]:57736[57736]:81[54]
10232	51703-1073	0	35474	-1	87202at147550_6|scaffold655|-|335|6.981e-94|2|50631|51703|51703[51703]:51404[51404]:300[300]|51344[51326]:50631[50631]:714[696]
10233	82542+1471	0	3470	1	54036at147550_1|scaffold687|+|445|5.378e-127|2|82542|84012|82542[82542]:82628[82628]:87[87]|82699[82708]:84012[84012]:1314[1305]
10233	102339-903	0	4953	-1	82052at147550_4|scaffold687|-|429|3.525e-122|3|101437|102339|102339[102339]:102145[102145]:195[195]|102107[102077]:102003[102003]:105[75]|101922[101922]:101437[101437]:486[486]
10233	38688-1452	0	5529	-1	39248at147550_1|scaffold687|-|729|1.73e-212|2|37237|38688|38688[38688]:38332[38332]:357[357]|38307[38274]:37237[37237]:1071[1038]
10233	47963+664	0	10138	1	98466at147550_4|scaffold687|+|231|1.416e-62|2|47963|48626|47963[47963]:48172[48172]:210[210]|48258[48261]:48626[48626]:369[366]
10233	123128-2699	0	13623	-1	10348at147550_1|scaffold687|-|1293|0|2|120430|123128|123128[123128]:120717[120717]:2412[2412]|120615[120615]:120430[120430]:186[186]
10233	47502-1840	0	15068	-1	36093at147550_2|scaffold687|-|584|7.717e-169|2|45663|47502|47502[47502]:47260[47260]:243[243]|47180[47180]:45663[45663]:1518[1518]
10233	39158+1121	0	16126	1	68832at147550_9|scaffold687|+|555|4.143e-160|6|39158|40278|39158[39158]:39250[39250]:93[93]|39317[39320]:39493[39493]:177[174]|39543[39543]:39719[39719]:177[177]|39775[39775]:39861[39861]:87[87]|39911[39911]:40039[40039]:129[129]|40075[40099]:40278[40278]:204[180]
10233	41286+1510	0	18931	1	84893at147550_7|scaffold687|+|423|2.256e-120|2|41286|42795|41286[41286]:41759[41759]:474[474]|41842[41860]:42795[42795]:954[936]
10233	69884-2436	0	26813	-1	10315at147550_3|scaffold687|-|1364|0|3|67449|69884|69884[69884]:69693[69693]:192[192]|69645[69642]:69331[69331]:315[312]|69269[69269]:67449[67449]:1821[1821]
10233	3307-1853	0	27265	-1	39576at147550_7|scaffold687|-|881|3.031e-258|2|1455|3307|3307[3307]:1622[1622]:1686[1686]|1562[1562]:1455[1455]:108[108]
10233	56514-2490	0	27905	-1	19514at147550_7|scaffold687|-|1213|0|1|54025|56514|56514[56514]:54025[54025]:2490[2490]
10233	92790-7478	0	30509	-1	783at147550_3|scaffold687|-|2354|0|2|85313|92790|92790[92790]:85678[85678]:7113[7113]|85600[85588]:85313[85313]:288[276]
10233	2+960	0	36019	1	101916at147550_5|scaffold687|+|294|1.535e-81|1|2|961|2[2]:961[961]:960[960]
10233	71915+2199	0	37216	1	60096at147550_3|scaffold687|+|722|2.215e-210|2|71915|74113|71915[71915]:72436[72436]:522[522]|72587[72626]:74113[74113]:1527[1488]
10233	38688-7798	0	38174	-1	1758at147550_4|scaffold687|-|2878|0|4|30891|38688|38688[38688]:38332[38332]:357[357]|38265[38265]:37282[37282]:984[984]|36218[36218]:35826[35826]:393[393]|35780[35768]:30891[30891]:4890[4878]
10233	43574+1741	0	38270	1	65986at147550_3|scaffold687|+|594|7.536e-172|2|43574|45314|43574[43574]:43618[43618]:45[45]|43677[43680]:45314[45314]:1638[1635]
10235	3628-1059	0	918	-1	50790at147550_8|scaffold751|-|516|2.278e-148|1|2570|3628|3628[3628]:2570[2570]:1059[1059]
10235	5456+4236	0	1002	1	14018at147550_1|scaffold751|+|772|1.967e-225|1|5456|9691|5456[5456]:9691[9691]:4236[4236]
10236	30144+1967	0	647	1	24824at147550_5|scaffold783|+|970|4.896e-285|3|30144|32110|30144[30144]:30521[30521]:378[378]|30577[30583]:30789[30789]:213[207]|30845[30848]:32110[32110]:1266[1263]
10236	60637+612	0	4930	1	84747at147550_9|scaffold783|+|360|2.08e-101|1|60637|61248|60637[60637]:61248[61248]:612[612]
10236	37271+4308	0	12413	1	2261at147550_6|scaffold783|+|1714|0|1|37271|41578|37271[37271]:41578[41578]:4308[4308]
10236	8594+3184	0	14021	1	15825at147550_3|scaffold783|+|1376|0|4|8594|11777|8594[8594]:8845[8845]:252[252]|8915[8918]:9310[9310]:396[393]|9358[9367]:9591[9591]:234[225]|9642[9645]:11777[11777]:2136[2133]
10236	18770-3187	0	17502	-1	7751at147550_6|scaffold783|-|1590|0|3|15584|18770|18770[18770]:18015[18015]:756[756]|17972[17963]:15750[15750]:2223[2214]|15682[15679]:15584[15584]:99[96]
10236	46316+4211	0	19568	1	7138at147550_7|scaffold783|+|1614|0|3|46316|50526|46316[46316]:49633[49633]:3318[3318]|49695[49695]:50030[50030]:336[336]|50089[50089]:50526[50526]:438[438]
10236	51786+1691	0	23981	1	23004at147550_2|scaffold783|+|114|2.353e-27|2|51786|53476|51786[51786]:52310[52310]:525[525]|52904[52904]:53476[53476]:573[573]
10236	20775+2597	0	25427	1	17063at147550_4|scaffold783|+|918|2.205e-269|2|20775|23371|20775[20775]:22394[22394]:1620[1620]|22634[22634]:23371[23371]:738[738]
10236	7743-1074	0	30016	-1	79844at147550_5|scaffold783|-|454|1.05e-129|3|6670|7743|7743[7743]:7366[7366]:378[378]|7307[7307]:7098[7098]:210[210]|7041[7041]:6670[6670]:372[372]
10236	14950-1388	0	30755	-1	79764at147550_4|scaffold783|-|480|1.565e-137|2|13563|14950|14950[14950]:14753[14753]:198[198]|14615[14615]:13563[13563]:1053[1053]
10236	55851+1277	0	33227	1	94787at147550_4|scaffold783|+|395|6.055e-112|3|55851|57127|55851[55851]:56012[56012]:162[162]|56065[56083]:56217[56217]:153[135]|56345[56345]:57127[57127]:783[783]
10238	16455-14916	0	962	-1	106at147550_7|scaffold847|-|6341|0|5|1540|16455|16455[16455]:5461[5461]:10995[10995]|5366[5366]:4716[4716]:651[651]|3725[3725]:3384[3384]:342[342]|3042[3039]:2770[2770]:273[270]|2607[2601]:1540[1540]:1068[1062]
10238	31100-1972	0	5791	-1	35296at147550_3|scaffold847|-|917|4.41e-269|2|29129|31100|31100[31100]:30969[30969]:132[132]|30895[30895]:29129[29129]:1767[1767]
10238	28054-648	0	17375	-1	100941at147550_9|scaffold847|-|172|8.162e-45|2|27407|28054|28054[28054]:27794[27794]:261[261]|27637[27625]:27407[27407]:231[219]
10238	45100+1114	0	29058	1	73891at147550_3|scaffold847|+|511|7.289e-147|2|45100|46213|45100[45100]:45456[45456]:357[357]|45542[45551]:46213[46213]:672[663]
10238	36856-1352	0	34989	-1	60699at147550_3|scaffold847|-|352|5.326e-99|4|35505|36856|36856[36856]:36680[36680]:177[177]|36522[36522]:36307[36307]:216[216]|36212[36209]:35799[35799]:414[411]|35705[35702]:35505[35505]:201[198]
2200	66236-1095	0	358	-1	35895at147550_7|scaffold324|-|372|5.079e-105|1|65142|66236|66236[66236]:65142[65142]:1095[1095]
2200	118114+3108	0	1860	1	25720at147550_4|scaffold324|+|1085|1.17899e-319|1|118114|121221|118114[118114]:121221[121221]:3108[3108]
2200	61276-1333	0	4804	-1	72215at147550_5|scaffold324|-|488|6.114e-140|4|59944|61276|61276[61276]:61085[61085]:192[192]|61015[61015]:60965[60965]:51[51]|60870[60867]:60103[60103]:768[765]|60036[60033]:59944[59944]:93[90]
2200	99455-4314	0	6606	-1	1605at147550|scaffold324|-|2131|0|1|95142|99455|99455[99455]:95142[95142]:4314[4314]
2200	83397+903	0	7749	1	81374at147550_3|scaffold324|+|297|1.919e-82|1|83397|84299|83397[83397]:84299[84299]:903[903]
2200	79991-3624	0	8998	-1	6751at147550_7|scaffold324|-|1199|0|1|76368|79991|79991[79991]:76368[76368]:3624[3624]
2200	67482+1355	0	9788	1	72538at147550_8|scaffold324|+|446|2.689e-127|3|67482|68836|67482[67482]:67586[67586]:105[105]|67700[67700]:68185[68185]:486[486]|68291[68327]:68836[68836]:546[510]
2200	2111+992	0	10905	1	91936at147550_0|scaffold324|+|310|2.342e-86|2|2111|3102|2111[2111]:2542[2542]:432[432]|2593[2593]:3102[3102]:510[510]
2200	9393-1203	0	11747	-1	71443at147550_1|scaffold324|-|334|1.396e-93|1|8191|9393|9393[9393]:8191[8191]:1203[1203]
2200	116692-282	0	14090	-1	110180at147550_1|scaffold324|-|51|2.17e-08|1|116411|116692|116692[116692]:116411[116411]:282[282]
2200	102157+997	0	15442	1	22161at147550_5|scaffold324|+|119|7.352e-29|2|102157|103153|102157[102157]:102327[102327]:171[171]|102464[102464]:103153[103153]:690[690]
2200	135840-617	0	16473	-1	109362at147550_4|scaffold324|-|165|1.045e-42|2|135224|135840|135840[135840]:135508[135508]:333[333]|135394[135376]:135224[135224]:171[153]
2200	155823-1380	0	19060	-1	78406at147550_1|scaffold324|-|544|8.485e-157|1|154444|155823|155823[155823]:154444[154444]:1380[1380]
2200	163613-817	0	21068	-1	88972at147550_3|scaffold324|-|237|2.212e-64|3|162797|163613|163613[163613]:163551[163551]:63[63]|163504[163486]:163373[163373]:132[114]|163294[163294]:162797[162797]:498[498]
2200	106479+1995	0	24956	1	14194at147550_6|scaffold324|+|1160|0|2|106479|108473|106479[106479]:106730[106730]:252[252]|106788[106818]:108473[108473]:1686[1656]
2200	51998+1914	0	25536	1	18475at147550_4|scaffold324|+|653|1.307e-189|3|51998|53911|51998[51998]:52378[52378]:381[381]|52433[52433]:52567[52567]:135[135]|52625[52625]:53911[53911]:1287[1287]
2200	61949+1824	0	27951	1	33714at147550_6|scaffold324|+|875|1.94e-256|2|61949|63772|61949[61949]:62242[62242]:294[294]|62336[62336]:63772[63772]:1437[1437]
2200	21897+1431	0	31893	1	46658at147550_7|scaffold324|+|720|8.859e-210|3|21897|23327|21897[21897]:22097[22097]:201[201]|22282[22282]:22569[22569]:288[288]|22635[22635]:23327[23327]:693[693]
2200	132101+2898	0	32417	1	10980at147550_2|scaffold324|+|1478|0|1|132101|134998|132101[132101]:134998[134998]:2898[2898]
2200	56145+1809	0	34084	1	32738at147550_3|scaffold324|+|489|3.057e-140|1|56145|57953|56145[56145]:57953[57953]:1809[1809]
2200	15442+5442	0	38368	1	8913at147550_2|scaffold324|+|1541|0|2|15442|20883|15442[15442]:17955[17955]:2514[2514]|20344[20344]:20883[20883]:540[540]
2200	34497-891	0	41742	-1	88870at147550_4|scaffold324|-|303|2.998e-84|2|33607|34497|34497[34497]:33778[33778]:720[720]|33747[33705]:33607[33607]:141[99]
2201	153527+3381	0	3492	1	5430at147550_2|scaffold356|+|1247|0|2|153527|156907|153527[153527]:153730[153730]:204[204]|153791[153800]:156907[156907]:3117[3108]
2201	175738-906	0	3918	-1	39565at147550_9|scaffold356|-|109|7.528e-26|1|174833|175738|175738[175738]:174833[174833]:906[906]
2201	146988+1089	0	8012	1	73681at147550_1|scaffold356|+|105|1.205e-24|1|146988|148076|146988[146988]:148076[148076]:1089[1089]
2201	30799+891	0	9228	1	27007at147550|scaffold356|+|112|9.41e-27|1|30799|31689|30799[30799]:31689[31689]:891[891]
2201	14669-758	0	9728	-1	98125at147550_4|scaffold356|-|277|2.012e-76|2|13912|14669|14669[14669]:14430[14430]:240[240]|14313[14310]:13912[13912]:402[399]
2201	115727+925	0	14900	1	34675at147550_4|scaffold356|+|185|9.964e-49|2|115727|116651|115727[115727]:115984[115984]:258[258]|116055[116055]:116651[116651]:597[597]
2201	165868-1982	0	16112	-1	42258at147550_8|scaffold356|-|809|1.431e-236|2|163887|165868|165868[165868]:164549[164549]:1320[1320]|164468[164468]:163887[163887]:582[582]
2201	74032+7959	0	16844	1	12880at147550_3|scaffold356|+|1594|0|3|74032|81990|74032[74032]:74364[74364]:333[333]|74446[74446]:74727[74727]:282[282]|79462[79462]:81990[81990]:2529[2529]
2201	130476+2522	0	26953	1	18587at147550_6|scaffold356|+|1247|0|3|130476|132997|130476[130476]:130775[130775]:300[300]|130995[131001]:132680[132680]:1686[1680]|132746[132746]:132997[132997]:252[252]
2201	96297+3703	0	30849	1	5870at147550_5|scaffold356|+|1906|0|3|96297|99999|96297[96297]:96452[96452]:156[156]|96545[96545]:99493[99493]:2949[2949]|99550[99553]:99999[99999]:450[447]
2201	119401+1443	0	33520	1	56962at147550_8|scaffold356|+|713|1.134e-207|1|119401|120843|119401[119401]:120843[120843]:1443[1443]
2201	41616+1530	0	38718	1	69240at147550_7|scaffold356|+|557|1.036e-160|1|41616|43145|41616[41616]:43145[43145]:1530[1530]
2202	30619+813	0	2180	1	96493at147550_9|scaffold388|+|293|3.07e-81|4|30619|31431|30619[30619]:30669[30669]:51[51]|30780[30780]:30896[30896]:117[117]|31072[31072]:31203[31203]:132[132]|31324[31327]:31431[31431]:108[105]
2202	75382-1408	0	7534	-1	53755at147550_8|scaffold388|-|515|4.555e-148|4|73975|75382|75382[75382]:75131[75131]:252[252]|75048[75048]:74800[74800]:249[249]|74703[74703]:74635[74635]:69[69]|74550[74550]:73975[73975]:576[576]
2202	41066+2126	0	10875	1	59272at147550_4|scaffold388|+|644|6.693e-187|3|41066|43191|41066[41066]:41635[41635]:570[570]|42171[42174]:42578[42578]:408[405]|42658[42658]:43191[43191]:534[534]
2202	5869+528	0	16045	1	87514at147550_7|scaffold388|+|62|1.06e-11|1|5869|6396|5869[5869]:6396[6396]:528[528]
2202	25156-2061	0	17982	-1	6062at147550_6|scaffold388|-|521|7.118e-150|1|23096|25156|25156[25156]:23096[23096]:2061[2061]
2202	55925-3302	0	19269	-1	11863at147550_9|scaffold388|-|1315|0|3|52624|55925|55925[55925]:55881[55881]:45[45]|55781[55781]:55620[55620]:162[162]|55581[55551]:52624[52624]:2958[2928]
2202	69332+1132	0	19415	1	88180at147550_4|scaffold388|+|367|1.625e-103|2|69332|70463|69332[69332]:69499[69499]:168[168]|69573[69576]:70463[70463]:891[888]
2202	67947-2208	0	23716	-1	21304at147550_8|scaffold388|-|608|4.6e-176|2|65740|67947|67947[67947]:67081[67081]:867[867]|66999[66996]:65740[65740]:1260[1257]
2204	43096-4084	0	11428	-1	3513at147550_3|scaffold452|-|2117|0|3|39013|43096|43096[43096]:42740[42740]:357[357]|42672[42669]:39598[39598]:3075[3072]|39540[39540]:39013[39013]:528[528]
2204	12098+2145	0	12760	1	24850at147550_3|scaffold452|+|878|2.425e-257|2|12098|14242|12098[12098]:12742[12742]:645[645]|12797[12797]:14242[14242]:1446[1446]
2204	52365-1169	0	14641	-1	53369at147550_2|scaffold452|-|173|4.081e-45|3|51197|52365|52365[52365]:52153[52153]:213[213]|52122[52086]:51622[51622]:501[465]|51523[51523]:51197[51197]:327[327]
2204	98468+726	0	18587	1	102329at147550_7|scaffold452|+|227|2.265e-61|3|98468|99193|98468[98468]:98560[98560]:93[93]|98710[98710]:98865[98865]:156[156]|98951[98951]:99193[99193]:243[243]
2204	11228-855	0	19355	-1	88189at147550_8|scaffold452|-|396|3.028e-112|1|10374|11228|11228[11228]:10374[10374]:855[855]
2204	87781-3153	0	22673	-1	77415at147550_7|scaffold452|-|552|3.314e-159|3|84629|87781|87781[87781]:87599[87599]:183[183]|87525[87501]:87133[87133]:393[369]|87064[87064]:84629[84629]:2436[2436]
2204	37219+1251	0	22725	1	59086at147550_8|scaffold452|+|594|7.536e-172|3|37219|38469|37219[37219]:37275[37275]:57[57]|37385[37409]:37525[37525]:141[117]|37633[37639]:38469[38469]:837[831]
2204	90267-1404	0	26393	-1	29583at147550_7|scaffold452|-|159|6.686e-41|1|88864|90267|90267[90267]:88864[88864]:1404[1404]
2204	103203+1130	0	36445	1	85917at147550_5|scaffold452|+|321|1.144e-89|3|103203|104332|103203[103203]:103358[103358]:156[156]|103428[103428]:104003[104003]:576[576]|104159[104159]:104332[104332]:174[174]
2204	7470-1005	0	38099	-1	63992at147550_4|scaffold452|-|475|5.009e-136|3|6466|7470|7470[7470]:7279[7279]:192[192]|7225[7225]:7148[7148]:78[78]|7128[7128]:6466[6466]:663[663]
2204	69895+1896	0	38956	1	34282at147550_5|scaffold452|+|664|6.383e-193|4|69895|71790|69895[69895]:70566[70566]:672[672]|70631[70631]:71074[71074]:444[444]|71132[71144]:71671[71671]:540[528]|71701[71731]:71790[71790]:90[60]
2204	101899-2280	0	40038	-1	17648at147550_9|scaffold452|-|1092|9.18962e-322|1|99620|101899|101899[101899]:99620[99620]:2280[2280]
2204	92242-532	0	41288	-1	94725at147550_5|scaffold452|-|297|1.919e-82|2|91711|92242|92242[92242]:92036[92036]:207[207]|91974[91974]:91711[91711]:264[264]
2205	62346+3364	0	3689	1	4496at147550_8|scaffold484|+|1653|0|2|62346|65709|62346[62346]:64907[64907]:2562[2562]|64966[64966]:65709[65709]:744[744]
2205	60032-681	0	6748	-1	53311at147550_6|scaffold484|-|90|3.947e-20|1|59352|60032|60032[60032]:59352[59352]:681[681]
2205	46774+2388	0	16720	1	23243at147550_9|scaffold484|+|790|7.504e-231|1|46774|49161|46774[46774]:49161[49161]:2388[2388]
2205	72559+2644	0	34792	1	7321at147550_8|scaffold484|+|1088|1.47281e-320|2|72559|75202|72559[72559]:74952[74952]:2394[2394]|75029[75029]:75202[75202]:174[174]
19700	2904-1602	0	4750	-1	40270at147550_7|scaffold380|-|690|9.512e-201|2|1303|2904|2904[2904]:2815[2815]:90[90]|2775[2742]:1303[1303]:1473[1440]
19700	27141-1041	0	17341	-1	75436at147550_8|scaffold380|-|77|3.233e-16|1|26101|27141|27141[27141]:26101[26101]:1041[1041]
19700	38356+2973	0	18029	1	58915at147550_6|scaffold380|+|512|3.644e-147|1|38356|41328|38356[38356]:41328[41328]:2973[2973]
19700	6389-1371	0	19750	-1	40763at147550_8|scaffold380|-|718|3.543e-209|3|5019|6389|6389[6389]:6150[6150]:240[240]|6069[6069]:5503[5503]:567[567]|5465[5453]:5019[5019]:447[435]
19700	30953-2646	0	31867	-1	9259at147550_5|scaffold380|-|1188|0|1|28308|30953|30953[30953]:28308[28308]:2646[2646]
19700	7047+6867	0	32558	1	30670at147550_2|scaffold380|+|922|1.378e-270|4|7047|13913|7047[7047]:7640[7640]:594[594]|7713[7713]:8999[8999]:1287[1287]|12203[12203]:12730[12730]:528[528]|12795[12795]:13913[13913]:1119[1119]
19701	13382-1756	0	8769	-1	30164at147550_3|scaffold412|-|607|9.199e-176|2|11627|13382|13382[13382]:13095[13095]:288[288]|13024[13024]:11627[11627]:1398[1398]
19701	51350+2930	0	30993	1	57213at147550_4|scaffold412|+|453|2.101e-129|2|51350|54279|51350[51350]:53179[53179]:1830[1830]|53347[53347]:54279[54279]:933[933]
19701	50143-2470	0	35548	-1	45299at147550_0|scaffold412|-|873|7.759e-256|5|47674|50143|50143[50143]:50069[50069]:75[75]|49978[49978]:49844[49844]:135[135]|49789[49774]:49493[49493]:297[282]|49425[49425]:48646[48646]:780[780]|48594[48594]:47674[47674]:921[921]
19702	16417-2413	0	9768	-1	21501at147550_8|scaffold444|-|717|7.087e-209|2|14005|16417|16417[16417]:14627[14627]:1791[1791]|14274[14274]:14005[14005]:270[270]
19702	9822-2655	0	10364	-1	17776at147550_1|scaffold444|-|787|6.003e-230|1|7168|9822|9822[9822]:7168[7168]:2655[2655]
19702	22521-3676	0	35504	-1	47886at147550_1|scaffold444|-|1062|9.888e-313|6|18846|22521|22521[22521]:22453[22453]:69[69]|22215[22215]:22126[22126]:90[90]|22066[22066]:21527[21527]:540[540]|21488[21452]:21399[21399]:90[54]|20095[20089]:19664[19664]:432[426]|19604[19598]:18846[18846]:759[753]
19703	87674+1284	0	2255	1	55891at147550_0|scaffold476|+|505|4.665e-145|1|87674|88957|87674[87674]:88957[88957]:1284[1284]
19703	80064+3612	0	2568	1	17008at147550_6|scaffold476|+|918|2.205e-269|2|80064|83675|80064[80064]:83015[83015]:2952[2952]|83070[83070]:83675[83675]:606[606]
19703	52781+1179	0	9023	1	39359at147550_2|scaffold476|+|132|8.974e-33|1|52781|53959|52781[52781]:53959[53959]:1179[1179]
19703	65696+1782	0	22771	1	29767at147550_0|scaffold476|+|69|8.277e-14|1|65696|67477|65696[65696]:67477[67477]:1782[1782]
19703	36161+684	0	26462	1	43445at147550_3|scaffold476|+|75|1.293e-15|1|36161|36844|36161[36161]:36844[36844]:684[684]
19703	46863-942	0	27853	-1	88161at147550_7|scaffold476|-|341|1.091e-95|1|45922|46863|46863[46863]:45922[45922]:942[942]
19703	85393+1008	0	35136	1	94892at147550_3|scaffold476|+|310|2.342e-86|1|85393|86400|85393[85393]:86400[86400]:1008[1008]
19703	18331+2007	0	35775	1	6579at147550_8|scaffold476|+|128|1.436e-31|1|18331|20337|18331[18331]:20337[20337]:2007[2007]
19705	35374-1540	0	6154	-1	76105at147550_5|scaffold540|-|382|4.96e-108|3|33835|35374|35374[35374]:35117[35117]:258[258]|34998[34998]:34363[34363]:636[636]|34230[34230]:33835[33835]:396[396]
19705	6755+3622	0	6982	1	34885at147550_8|scaffold540|+|1191|0|2|6755|10376|6755[6755]:7438[7438]:684[684]|8172[8172]:10376[10376]:2205[2205]
19705	1225+2648	0	31567	1	15330at147550_5|scaffold540|+|1155|0|2|1225|3872|1225[1225]:3726[3726]:2502[2502]|3774[3789]:3872[3872]:99[84]
19709	13550-2092	0	21835	-1	32906at147550_5|scaffold668|-|554|8.286e-160|3|11459|13550|13550[13550]:13077[13077]:474[474]|12999[12999]:12865[12865]:135[135]|12781[12781]:11459[11459]:1323[1323]
21171	3640+1038	0	827	1	32945at147550_6|scaffold798|+|76|6.467e-16|1|3640|4677|3640[3640]:4677[4677]:1038[1038]
21172	4855+2606	0	41623	1	79665at147550_2|scaffold830|+|655|3.268e-190|6|4855|7460|4855[4855]:5100[5100]:246[246]|5166[5169]:5528[5528]:363[360]|6418[6418]:6462[6462]:45[45]|6597[6597]:6641[6641]:45[45]|6712[6727]:6954[6954]:243[228]|7146[7146]:7460[7460]:315[315]
21173	4628-2390	0	23856	-1	11967at147550_3|scaffold862|-|1179|0|2|2239|4628|4628[4628]:2457[2457]:2172[2172]|2409[2370]:2239[2239]:171[132]
21173	5624+683	0	27105	1	94742at147550_5|scaffold862|+|301|1.199e-83|2|5624|6306|5624[5624]:5773[5773]:150[150]|5872[5875]:6306[6306]:435[432]
6572	967+1989	0	7259	1	30368at147550_4|scaffold170|+|620|1.123e-179|2|967|2955|967[967]:1095[1095]:129[129]|1153[1162]:2955[2955]:1803[1794]
6572	55966-1867	0	9442	-1	51863at147550_2|scaffold170|-|893|7.399e-262|2|54100|55966|55966[55966]:55892[55892]:75[75]|55770[55770]:54100[54100]:1671[1671]
6572	85680-1206	0	11975	-1	69901at147550_6|scaffold170|-|556|2.072e-160|2|84475|85680|85680[85680]:85366[85366]:315[315]|85281[85278]:84475[84475]:807[804]
6572	13525+1878	0	13820	1	38335at147550_4|scaffold170|+|721|4.429e-210|4|13525|15402|13525[13525]:13944[13944]:420[420]|14003[14003]:14200[14200]:198[198]|14233[14260]:14880[14880]:648[621]|14914[14941]:15402[15402]:489[462]
6572	5683+609	0	17195	1	57795at147550_2|scaffold170|+|152|8.559e-39|1|5683|6291|5683[5683]:6291[6291]:609[609]
6572	62163+1404	0	18434	1	52319at147550_7|scaffold170|+|97|3.084e-22|1|62163|63566|62163[62163]:63566[63566]:1404[1404]
6572	56554+1763	0	19811	1	52863at147550_2|scaffold170|+|696|1.486e-202|2|56554|58316|56554[56554]:56976[56976]:423[423]|57042[57045]:58316[58316]:1275[1272]
6572	30633-2256	0	21513	-1	66815at147550_9|scaffold170|-|237|2.212e-64|1|28378|30633|30633[30633]:28378[28378]:2256[2256]
6572	17095-779	0	26783	-1	94374at147550_6|scaffold170|-|246|4.321e-67|3|16317|17095|17095[17095]:16892[16892]:204[204]|16695[16695]:16501[16501]:195[195]|16397[16397]:16317[16317]:81[81]
6572	66554-1444	0	30723	-1	40512at147550_0|scaffold170|-|809|1.431e-236|2|65111|66554|66554[66554]:66330[66330]:225[225]|66262[66262]:65111[65111]:1152[1152]
6572	37038+2103	0	31742	1	32744at147550_2|scaffold170|+|529|2.78e-152|2|37038|39140|37038[37038]:38429[38429]:1392[1392]|38622[38622]:39140[39140]:519[519]
6572	78111+854	0	36434	1	105920at147550_8|scaffold170|+|226|4.531e-61|2|78111|78964|78111[78111]:78185[78185]:75[75]|78245[78248]:78964[78964]:720[717]
6572	27336-1485	0	38480	-1	50749at147550_6|scaffold170|-|576|1.976e-166|1|25852|27336|27336[27336]:25852[25852]:1485[1485]
6573	4246+1410	0	343	1	70293at147550_7|scaffold202|+|579|2.469e-167|1|4246|5655|4246[4246]:5655[5655]:1410[1410]
6573	8936-2395	0	803	-1	23450at147550_8|scaffold202|-|470|1.603e-134|2|6542|8936|8936[8936]:8106[8106]:831[831]|7798[7798]:6542[6542]:1257[1257]
6573	41921-656	0	4390	-1	109090at147550_5|scaffold202|-|151|1.712e-38|2|41266|41921|41921[41921]:41841[41841]:81[81]|41772[41766]:41266[41266]:507[501]
6573	52508+537	0	16654	1	62057at147550_1|scaffold202|+|82|1.01e-17|1|52508|53044|52508[52508]:53044[53044]:537[537]
6573	35987-2128	0	17980	-1	33791at147550_2|scaffold202|-|830|6.824e-243|5|33860|35987|35987[35987]:35733[35733]:255[255]|35676[35673]:35605[35605]:72[69]|35530[35530]:34955[34955]:576[576]|34889[34889]:34029[34029]:861[861]|33964[33961]:33860[33860]:105[102]
6573	37745-1074	0	26595	-1	94195at147550_8|scaffold202|-|402|4.731e-114|3|36672|37745|37745[37745]:37581[37581]:165[165]|37500[37497]:36940[36940]:561[558]|36860[36860]:36672[36672]:189[189]
6573	39400+762	0	33910	1	82031at147550_6|scaffold202|+|262|6.593e-72|1|39400|40161|39400[39400]:40161[40161]:762[762]
6573	3793-1716	0	37765	-1	33775at147550_4|scaffold202|-|728|3.46e-212|3|2078|3793|3793[3793]:3473[3473]:321[321]|3386[3386]:2364[2364]:1023[1023]|2281[2278]:2078[2078]:204[201]
6573	42689+3085	0	38707	1	6195at147550_5|scaffold202|+|1586|0|3|42689|45773|42689[42689]:42784[42784]:96[96]|42883[42925]:45513[45513]:2631[2589]|45594[45594]:45773[45773]:180[180]
6574	36715+519	0	9843	1	95901at147550_6|scaffold234|+|198|1.216e-52|1|36715|37233|36715[36715]:37233[37233]:519[519]
6574	21837-685	0	12861	-1	96986at147550_1|scaffold234|-|253|3.376e-69|2|21153|21837|21837[21837]:21709[21709]:129[129]|21632[21611]:21153[21153]:480[459]
6574	36260-994	0	18322	-1	79902at147550|scaffold234|-|268|1.03e-73|2|35267|36260|36260[36260]:36006[36006]:255[255]|35959[35953]:35267[35267]:693[687]
6574	30407+1233	0	25290	1	21946at147550_9|scaffold234|+|189|6.227e-50|1|30407|31639|30407[30407]:31639[31639]:1233[1233]
6575	9572+639	0	513	1	102654at147550_3|scaffold266|+|216|4.64e-58|1|9572|10210|9572[9572]:10210[10210]:639[639]
14586	9227-2168	0	3211	-1	20757at147550_5|scaffold21|-|956|8.022e-281|2|7060|9227|9227[9227]:7449[7449]:1779[1779]|7374[7374]:7060[7060]:315[315]
14586	4735+1540	0	33949	1	48015at147550_8|scaffold21|+|543|1.697e-156|2|4735|6274|4735[4735]:4980[4980]:246[246]|5036[5054]:6274[6274]:1239[1221]
14587	31927-1953	0	4285	-1	13129at147550_6|scaffold53|-|747|6.6e-218|1|29975|31927|31927[31927]:29975[29975]:1953[1953]
14587	66261-1597	0	7302	-1	49213at147550_7|scaffold53|-|761|4.028e-222|3|64665|66261|66261[66261]:65965[65965]:297[297]|65871[65871]:65341[65341]:531[531]|65276[65276]:64665[64665]:612[612]
14587	138326-1152	0	8987	-1	74142at147550_5|scaffold53|-|316|3.66e-88|1|137175|138326|138326[138326]:137175[137175]:1152[1152]
14587	138970+1553	0	11165	1	49734at147550_9|scaffold53|+|456|2.626e-130|3|138970|140522|138970[138970]:139023[139023]:54[54]|139116[139116]:139886[139886]:771[771]|139956[139956]:140522[140522]:567[567]
14587	80138+2010	0	14614	1	27307at147550_7|scaffold53|+|779|1.537e-227|1|80138|82147|80138[80138]:82147[82147]:2010[2010]
14587	124982-406	0	15110	-1	104799at147550_3|scaffold53|-|192|7.784e-51|2|124577|124982|124982[124982]:124929[124929]:54[54]|124876[124864]:124577[124577]:300[288]
14587	71364-745	0	16395	-1	85366at147550_9|scaffold53|-|312|5.856e-87|3|70620|71364|71364[71364]:71056[71056]:309[309]|70945[70945]:70769[70769]:177[177]|70667[70667]:70620[70620]:48[48]
14587	11208-3721	0	20491	-1	3578at147550_7|scaffold53|-|1943|0|2|7488|11208|11208[11208]:8110[8110]:3099[3099]|8051[8051]:7488[7488]:564[564]
14587	62664-621	0	23784	-1	52918at147550_1|scaffold53|-|104|2.409e-24|1|62044|62664|62664[62664]:62044[62044]:621[621]
14587	123432+756	0	23944	1	94322at147550_6|scaffold53|+|386|3.1e-109|1|123432|124187|123432[123432]:124187[124187]:756[756]
14587	134368+2434	0	25167	1	28961at147550_4|scaffold53|+|994|2.918e-292|4|134368|136801|134368[134368]:134601[134601]:234[234]|134673[134673]:135326[135326]:654[654]|135387[135387]:135827[135827]:441[441]|135902[135911]:136801[136801]:900[891]
14587	73284+1167	0	25376	1	59995at147550_8|scaffold53|+|592|3.014e-171|2|73284|74450|73284[73284]:73499[73499]:216[216]|73614[73629]:74450[74450]:837[822]
14587	89785-2832	0	26957	-1	38021at147550_4|scaffold53|-|917|4.41e-269|1|86954|89785|89785[89785]:86954[86954]:2832[2832]
14587	19327-2005	0	27677	-1	13715at147550_3|scaffold53|-|1011|2.227e-297|2|17323|19327|19327[19327]:18818[18818]:510[510]|18729[18726]:17323[17323]:1407[1404]
14587	16329-1905	0	27727	-1	26615at147550_0|scaffold53|-|913|7.056e-268|3|14425|16329|16329[16329]:16129[16129]:201[201]|16001[15995]:14754[14754]:1248[1242]|14682[14682]:14425[14425]:258[258]
14587	78453-3606	0	28416	-1	6036at147550_6|scaffold53|-|1252|0|3|74848|78453|78453[78453]:77848[77848]:606[606]|77783[77783]:75693[75693]:2091[2091]|75651[75639]:74848[74848]:804[792]
14587	129299+3642	0	34816	1	3511at147550_9|scaffold53|+|1340|0|1|129299|132940|129299[129299]:132940[132940]:3642[3642]
14587	90370+1175	0	39532	1	51876at147550_3|scaffold53|+|628|4.387e-182|2|90370|91544|90370[90370]:90666[90666]:297[297]|90714[90726]:91544[91544]:831[819]
16783	25983+2082	0	14004	1	78522at147550_9|scaffold344|+|562|3.237e-162|3|25983|28064|25983[25983]:26051[26051]:69[69]|26111[26117]:26938[26938]:828[822]|27000[27000]:28064[28064]:1065[1065]
16783	19439-1628	0	16059	-1	37514at147550_8|scaffold344|-|410|1.848e-116|2|17812|19439|19439[19439]:18444[18444]:996[996]|18351[18351]:17812[17812]:540[540]
16783	11080+630	0	25424	1	104974at147550_4|scaffold344|+|211|1.485e-56|2|11080|11709|11080[11080]:11181[11181]:102[102]|11377[11380]:11709[11709]:333[330]
16784	57730-1434	0	4789	-1	32578at147550_8|scaffold376|-|206|4.751e-55|1|56297|57730|57730[57730]:56297[56297]:1434[1434]
16784	2513+831	0	7498	1	27007at147550_6|scaffold376|+|95|1.233e-21|1|2513|3343|2513[2513]:3343[3343]:831[831]
16784	30770-1493	0	10308	-1	83515at147550_6|scaffold376|-|358|8.322e-101|2|29278|30770|30770[30770]:30369[30369]:402[402]|30135[30129]:29278[29278]:858[852]
16784	8518-944	0	19862	-1	84911at147550_0|scaffold376|-|317|1.83e-88|2|7575|8518|8518[8518]:8393[8393]:126[126]|8189[8183]:7575[7575]:615[609]
16784	60269-1161	0	28588	-1	43579at147550_2|scaffold376|-|243|3.457e-66|1|59109|60269|60269[60269]:59109[59109]:1161[1161]
16784	24695+1152	0	30162	1	96417at147550_2|scaffold376|+|286|3.93e-79|3|24695|25846|24695[24695]:24907[24907]:213[213]|24976[24976]:25353[25353]:378[378]|25406[25415]:25846[25846]:441[432]
16784	6454+891	0	33433	1	89776at147550_6|scaffold376|+|387|1.55e-109|2|6454|7344|6454[6454]:7128[7128]:675[675]|7177[7201]:7344[7344]:168[144]
16784	11561+2548	0	37081	1	6579at147550_9|scaffold376|+|601|5.888e-174|5|11561|14108|11561[11561]:11749[11749]:189[189]|11821[11824]:11943[11943]:123[120]|12008[12008]:12205[12205]:198[198]|12296[12296]:12499[12499]:204[204]|12585[12585]:14108[14108]:1524[1524]
16786	5742-1509	0	9724	-1	46317at147550_6|scaffold440|-|743|1.056e-216|4|4234|5742|5742[5742]:5641[5641]:102[102]|5555[5552]:5436[5436]:120[117]|5357[5357]:4617[4617]:741[741]|4569[4566]:4234[4234]:336[333]
16786	7869+1339	0	10367	1	92765at147550_7|scaffold440|+|370|2.032e-104|3|7869|9207|7869[7869]:8204[8204]:336[336]|8288[8294]:8638[8638]:351[345]|8827[8827]:9207[9207]:381[381]
16786	29167-774	0	12694	-1	48666at147550_0|scaffold440|-|130|3.59e-32|1|28394|29167|29167[29167]:28394[28394]:774[774]
16786	13272-462	0	19213	-1	96223at147550_3|scaffold440|-|112|9.41e-27|1|12811|13272|13272[13272]:12811[12811]:462[462]
16786	10778+1240	0	21147	1	54332at147550_8|scaffold440|+|523|1.779e-150|2|10778|12017|10778[10778]:11575[11575]:798[798]|11634[11652]:12017[12017]:384[366]
16786	20082+1611	0	41785	1	16258at147550_4|scaffold440|+|340|2.182e-95|1|20082|21692|20082[20082]:21692[21692]:1611[1611]
7322	983-981	0	19393	-1	41904at147550_0|scaffold843|-|498|5.971e-143|1|3|983|983[983]:3[3]:981[981]
18234	15582+1184	0	9395	1	90995at147550_4|scaffold122|+|294|1.535e-81|2|15582|16765|15582[15582]:15941[15941]:360[360]|16010[16010]:16765[16765]:756[756]
18234	399+380	0	15037	1	106034at147550_3|scaffold122|+|142|8.764e-36|2|399|778|399[399]:599[599]:201[201]|656[659]:778[778]:123[120]
18235	203683-707	0	5353	-1	96004at147550_3|scaffold154|-|232|7.08e-63|4|202977|203683|203683[203683]:203564[203564]:120[120]|203496[203496]:203449[203449]:48[48]|203377[203377]:203195[203195]:183[183]|203123[203123]:202977[202977]:147[147]
18235	152846-2079	0	40217	-1	33360at147550_5|scaffold154|-|927|4.307e-272|1|150768|152846|152846[152846]:150768[150768]:2079[2079]
18236	27291-1125	0	799	-1	36824at147550_0|scaffold186|-|125|1.149e-30|1|26167|27291|27291[27291]:26167[26167]:1125[1125]
18236	42285+3356	0	1668	1	11167at147550_4|scaffold186|+|1307|0|5|42285|45640|42285[42285]:42347[42347]:63[63]|42381[42405]:42467[42467]:87[63]|42606[42606]:42674[42674]:69[69]|42723[42726]:44468[44468]:1746[1743]|44525[44525]:45640[45640]:1116[1116]
18236	38673+1726	0	4326	1	36056at147550_1|scaffold186|+|811|3.578e-237|4|38673|40398|38673[38673]:38747[38747]:75[75]|38841[38841]:39110[39110]:270[270]|39187[39187]:39675[39675]:489[489]|39733[39736]:40398[40398]:666[663]
18236	32550-11918	0	6480	-1	101084at147550_7|scaffold186|-|574|7.902e-166|3|20633|32550|32550[32550]:32071[32071]:480[480]|31950[31950]:31627[31627]:324[324]|21760[21727]:20633[20633]:1128[1095]
18236	66117-944	0	7142	-1	85715at147550_8|scaffold186|-|380|1.984e-107|3|65174|66117|66117[66117]:66037[66037]:81[81]|65920[65911]:65795[65795]:126[117]|65734[65725]:65174[65174]:561[552]
18236	17686+1254	0	7236	1	64251at147550_4|scaffold186|+|562|3.237e-162|3|17686|18939|17686[17686]:17808[17808]:123[123]|17859[17868]:18098[18098]:240[231]|18160[18160]:18939[18939]:780[780]
18236	31+1235	0	8879	1	48445at147550_3|scaffold186|+|648|4.183e-188|2|31|1265|31[31]:321[321]:291[291]|417[417]:1265[1265]:849[849]
18236	16857-857	0	12497	-1	73875at147550_9|scaffold186|-|458|6.565e-131|2|16001|16857|16857[16857]:16252[16252]:606[606]|16201[16201]:16001[16001]:201[201]
18236	34409+1014	0	13991	1	59015at147550_3|scaffold186|+|129|7.18e-32|1|34409|35422|34409[34409]:35422[35422]:1014[1014]
18236	86323+1101	0	15621	1	79738at147550_2|scaffold186|+|449|3.361e-128|1|86323|87423|86323[86323]:87423[87423]:1101[1101]
18236	37737-1409	0	17713	-1	66197at147550_4|scaffold186|-|502|3.732e-144|2|36329|37737|37737[37737]:37666[37666]:72[72]|37591[37588]:36329[36329]:1263[1260]
18236	30294-1185	0	18222	-1	85611at147550_2|scaffold186|-|485|4.891e-139|1|29110|30294|30294[30294]:29110[29110]:1185[1185]
18236	82554-3483	0	19952	-1	36822at147550_8|scaffold186|-|1349|0|1|79072|82554|82554[82554]:79072[79072]:3483[3483]
18236	89245-1437	0	20035	-1	72333at147550_4|scaffold186|-|439|3.442e-125|4|87809|89245|89245[89245]:89135[89135]:111[111]|89054[89054]:88917[88917]:138[138]|88871[88862]:88509[88509]:363[354]|88438[88438]:87809[87809]:630[630]
18236	94296+1715	0	24755	1	43389at147550_3|scaffold186|+|736|1.352e-214|2|94296|96010|94296[94296]:95471[95471]:1176[1176]|95579[95579]:96010[96010]:432[432]
18236	15410-565	0	25274	-1	109023at147550_7|scaffold186|-|132|8.974e-33|2|14846|15410|15410[15410]:15339[15339]:72[72]|15259[15259]:14846[14846]:414[414]
18236	12737+1386	0	28362	1	45693at147550_4|scaffold186|+|668|3.99e-194|3|12737|14122|12737[12737]:13006[13006]:270[270]|13109[13115]:13444[13444]:336[330]|13496[13499]:14122[14122]:627[624]
18236	64191-1122	0	28705	-1	82529at147550_4|scaffold186|-|447|1.344e-127|1|63070|64191|64191[64191]:63070[63070]:1122[1122]
18236	60350-2075	0	29733	-1	84727at147550_9|scaffold186|-|796|1.172e-232|2|58276|60350|60350[60350]:59847[59847]:504[504]|59721[59709]:58276[58276]:1446[1434]
18236	10832-2754	0	30557	-1	60099at147550_6|scaffold186|-|483|1.956e-138|1|8079|10832|10832[10832]:8079[8079]:2754[2754]
18236	85685-1893	0	30765	-1	45384at147550_8|scaffold186|-|642|2.677e-186|3|83793|85685|85685[85685]:85602[85602]:84[84]|85097[85097]:84987[84987]:111[111]|84899[84899]:83793[83793]:1107[1107]
18236	67992+1101	0	35795	1	47360at147550_8|scaffold186|+|268|1.03e-73|1|67992|69092|67992[67992]:69092[69092]:1101[1101]
18236	2497-525	0	41599	-1	94327at147550_5|scaffold186|-|178|1.275e-46|1|1973|2497|2497[2497]:1973[1973]:525[525]
18237	43446+1053	0	4750	1	40270at147550_7|scaffold218|+|48|1.736e-07|1|43446|44498|43446[43446]:44498[44498]:1053[1053]
18237	84875-1474	0	12295	-1	97124at147550_6|scaffold218|-|376|3.175e-106|2|83402|84875|84875[84875]:84630[84630]:246[246]|84520[84502]:83402[83402]:1119[1101]
18237	87241-924	0	18700	-1	96870at147550_8|scaffold218|-|294|1.535e-81|1|86318|87241|87241[87241]:86318[86318]:924[924]
18237	71653-867	0	25719	-1	43645at147550_9|scaffold218|-|91|1.973e-20|1|70787|71653|71653[71653]:70787[70787]:867[867]
18237	61800+1377	0	30356	1	13563at147550_6|scaffold218|+|49|8.68e-08|1|61800|63176|61800[61800]:63176[63176]:1377[1377]
18237	50508-1778	0	30754	-1	65985at147550_2|scaffold218|-|487|1.223e-139|2|48731|50508|50508[50508]:50059[50059]:450[450]|49948[49948]:48731[48731]:1218[1218]
18237	53797+1587	0	38979	1	38896at147550_1|scaffold218|+|880|6.061e-258|4|53797|55383|53797[53797]:53865[53865]:69[69]|53938[53941]:54069[54069]:132[129]|54130[54154]:55245[55245]:1116[1092]|55300[55309]:55383[55383]:84[75]
8776	9814-1442	0	11351	-1	40016at147550_4|scaffold717|-|352|5.326e-99|2|8373|9814|9814[9814]:9146[9146]:669[669]|9026[9026]:8373[8373]:654[654]
8776	18569+1092	0	18298	1	22772at147550|scaffold717|+|234|1.77e-63|2|18569|19660|18569[18569]:18679[18679]:111[111]|18785[18785]:19660[19660]:876[876]
8777	18932+27357	0	9670	1	35504at147550_8|scaffold749|+|1040|4.147e-306|4|18932|46288|18932[18932]:19375[19375]:444[444]|19429[19429]:20493[20493]:1065[1065]|44857[44857]:45810[45810]:954[954]|45869[45872]:46288[46288]:420[417]
8777	30608+1500	0	12943	1	58774at147550_9|scaffold749|+|594|7.536e-172|5|30608|32107|30608[30608]:30664[30664]:57[57]|30850[30850]:30939[30939]:90[90]|31013[31016]:31276[31276]:264[261]|31344[31356]:31649[31649]:306[294]|31694[31703]:32107[32107]:414[405]
8777	33460+426	0	14642	1	86834at147550_4|scaffold749|+|116|5.881e-28|1|33460|33885|33460[33460]:33885[33885]:426[426]
8777	41112+2229	0	39498	1	11040at147550_3|scaffold749|+|880|6.061e-258|1|41112|43340|41112[41112]:43340[43340]:2229[2229]
8777	40050-735	0	40685	-1	76830at147550_2|scaffold749|-|448|6.722e-128|1|39316|40050|40050[40050]:39316[39316]:735[735]
8778	4438-2357	0	2176	-1	10418at147550_4|scaffold781|-|1357|0|2|2082|4438|4438[4438]:4220[4220]:219[219]|4145[4145]:2082[2082]:2064[2064]
8778	8358+791	0	4481	1	94878at147550_4|scaffold781|+|362|5.201e-102|2|8358|9148|8358[8358]:8654[8654]:297[297]|8729[8732]:9148[9148]:420[417]
8778	27707-1606	0	15558	-1	49746at147550_7|scaffold781|-|586|1.929e-169|3|26102|27707|27707[27707]:27396[27396]:312[312]|27345[27333]:26452[26452]:894[882]|26392[26392]:26102[26102]:291[291]
8778	20168-3211	0	24548	-1	17366at147550_9|scaffold781|-|1307|0|3|16958|20168|20168[20168]:19734[19734]:435[435]|19678[19672]:18143[18143]:1536[1530]|17212[17212]:16958[16958]:255[255]
8778	10389-627	0	29117	-1	101536at147550_4|scaffold781|-|273|3.219e-75|2|9763|10389|10389[10389]:10096[10096]:294[294]|10017[10014]:9763[9763]:255[252]
8778	23039+2049	0	34158	1	32527at147550_8|scaffold781|+|876|9.698e-257|3|23039|25087|23039[23039]:23497[23497]:459[459]|23980[24013]:24627[24627]:648[615]|24698[24698]:25087[25087]:390[390]
14607	79077-4700	0	2264	-1	10192at147550_8|scaffold693|-|1388|0|2|74378|79077|79077[79077]:74584[74584]:4494[4494]|74524[74524]:74378[74378]:147[147]
14607	114002-1508	0	2952	-1	25190at147550_1|scaffold693|-|264|1.648e-72|2|112495|114002|114002[114002]:113112[113112]:891[891]|113052[113043]:112495[112495]:558[549]
14607	5233+1125	0	2964	1	52569at147550_5|scaffold693|+|661|5.107e-192|1|5233|6357|5233[5233]:6357[6357]:1125[1125]
14607	42395-1338	0	3256	-1	25575at147550_9|scaffold693|-|519|2.847e-149|3|41058|42395|42395[42395]:41979[41979]:417[417]|41884[41884]:41441[41441]:444[444]|41390[41390]:41058[41058]:333[333]
14607	53353-225	0	7812	-1	105186at147550_4|scaffold693|-|111|1.882e-26|1|53129|53353|53353[53353]:53129[53129]:225[225]
14607	18084-3761	0	12605	-1	6977at147550_1|scaffold693|-|1424|0|3|14324|18084|18084[18084]:17911[17911]:174[174]|17668[17668]:14957[14957]:2712[2712]|14773[14761]:14324[14324]:450[438]
14607	91044+2091	0	17982	1	6062at147550_6|scaffold693|+|443|2.151e-126|3|91044|93134|91044[91044]:92255[92255]:1212[1212]|92311[92314]:92673[92673]:363[360]|92727[92733]:93134[93134]:408[402]
14607	4414-2000	0	27374	-1	39749at147550_9|scaffold693|-|810|7.156e-237|2|2415|4414|4414[4414]:4301[4301]:114[114]|4244[4244]:2415[2415]:1830[1830]
14607	100162+3159	0	28278	1	15763at147550_5|scaffold693|+|877|4.849e-257|2|100162|103320|100162[100162]:101982[101982]:1821[1821]|102043[102046]:103320[103320]:1278[1275]
14607	7718-1053	0	31605	-1	90253at147550_7|scaffold693|-|353|2.663e-99|2|6666|7718|7718[7718]:7665[7665]:54[54]|7574[7535]:6666[6666]:909[870]
14607	8366+810	0	31750	1	79824at147550_8|scaffold693|+|378|7.936e-107|2|8366|9175|8366[8366]:8497[8497]:132[132]|8729[8729]:9175[9175]:447[447]
14607	51751+735	0	39118	1	104321at147550_8|scaffold693|+|250|2.701e-68|1|51751|52485|51751[51751]:52485[52485]:735[735]
14607	20452+1614	0	41280	1	41805at147550_4|scaffold693|+|768|3.147e-224|2|20452|22065|20452[20452]:21063[21063]:612[612]|21130[21151]:22065[22065]:936[915]
14609	9978-1332	0	5501	-1	34845at147550_9|scaffold757|-|221|1.45e-59|1|8647|9978|9978[9978]:8647[8647]:1332[1332]
14609	13876-1221	0	14900	-1	34675at147550_4|scaffold757|-|158|1.337e-40|1|12656|13876|13876[13876]:12656[12656]:1221[1221]
14609	1312+810	0	28135	1	44876at147550_6|scaffold757|+|104|2.409e-24|1|1312|2121|1312[1312]:2121[2121]:810[810]
17502	11660+913	0	21284	1	98277at147550_4|scaffold25|+|395|6.055e-112|2|11660|12572|11660[11660]:11755[11755]:96[96]|11826[11826]:12572[12572]:747[747]
17502	16804-929	0	22212	-1	75089at147550|scaffold25|-|442|4.302e-126|3|15876|16804|16804[16804]:16610[16610]:195[195]|16543[16507]:16172[16172]:372[336]|16106[16106]:15876[15876]:231[231]
17502	4438+2162	0	29982	1	51858at147550_3|scaffold25|+|728|3.46e-212|2|4438|6599|4438[4438]:4911[4911]:474[474]|5316[5316]:6599[6599]:1284[1284]
17505	177340+2741	0	1694	1	8449at147550_9|scaffold121|+|1486|0|2|177340|180080|177340[177340]:177705[177705]:366[366]|177768[177774]:180080[180080]:2313[2307]
17505	171741-3015	0	5373	-1	21325at147550_5|scaffold121|-|824|4.368e-241|3|168727|171741|171741[171741]:170770[170770]:972[972]|170644[170644]:169550[169550]:1095[1095]|169512[169497]:168727[168727]:786[771]
17505	97085+2130	0	5613	1	48033at147550_4|scaffold121|+|713|1.134e-207|4|97085|99214|97085[97085]:97177[97177]:93[93]|97243[97258]:97392[97392]:150[135]|97472[97472]:98287[98287]:816[816]|98345[98345]:99214[99214]:870[870]
17505	96063-764	0	9060	-1	95688at147550_4|scaffold121|-|265|8.242e-73|3|95300|96063|96063[96063]:96019[96019]:45[45]|95935[95929]:95513[95513]:423[417]|95398[95398]:95300[95300]:99[99]
17505	154091-1083	0	11265	-1	97209at147550_2|scaffold121|-|223|3.625e-60|3|153009|154091|154091[154091]:154017[154017]:75[75]|153781[153778]:153341[153341]:441[438]|153182[153182]:153009[153009]:174[174]
17505	118845+1589	0	12102	1	48836at147550_4|scaffold121|+|718|3.543e-209|2|118845|120433|118845[118845]:120233[120233]:1389[1389]|120305[120308]:120433[120433]:129[126]
17505	149985+1746	0	17231	1	28504at147550_0|scaffold121|+|193|3.892e-51|1|149985|151730|149985[149985]:151730[151730]:1746[1746]
17505	159604+990	0	21589	1	55550at147550_9|scaffold121|+|124|2.297e-30|1|159604|160593|159604[159604]:160593[160593]:990[990]
17505	105323+4530	0	24560	1	56388at147550_3|scaffold121|+|765|2.518e-223|5|105323|109852|105323[105323]:107611[107611]:2289[2289]|108902[108902]:109003[109003]:102[102]|109139[109145]:109186[109186]:48[42]|109255[109264]:109335[109335]:81[72]|109514[109523]:109852[109852]:339[330]
17505	108899+4485	0	24608	1	32455at147550_0|scaffold121|+|954|3.209e-280|6|108899|113383|108899[108899]:109003[109003]:105[105]|109139[109145]:109186[109186]:48[42]|109255[109264]:109335[109335]:81[72]|109514[109523]:109843[109843]:330[321]|111147[111147]:112214[112214]:1068[1068]|112268[112268]:113383[113383]:1116[1116]
17505	122299+816	0	25209	1	99625at147550_1|scaffold121|+|240|2.765e-65|3|122299|123114|122299[122299]:122409[122409]:111[111]|122633[122633]:122809[122809]:177[177]|122935[122935]:123114[123114]:180[180]
17505	14280+1966	0	25623	1	24296at147550_7|scaffold121|+|969|9.793e-285|2|14280|16245|14280[14280]:15584[15584]:1305[1305]|15631[15649]:16245[16245]:615[597]
17505	111138+2426	0	32444	1	32455at147550_6|scaffold121|+|1073|4.828e-316|2|111138|113563|111138[111138]:112214[112214]:1077[1077]|112268[112268]:113563[113563]:1296[1296]
17505	52252+1470	0	34685	1	47182at147550_5|scaffold121|+|794|4.69e-232|1|52252|53721|52252[52252]:53721[53721]:1470[1470]
17505	74110+723	0	38356	1	80317at147550_1|scaffold121|+|79|8.083e-17|1|74110|74832|74110[74110]:74832[74832]:723[723]
17505	92736+1884	0	39930	1	52328at147550_4|scaffold121|+|646|1.673e-187|3|92736|94619|92736[92736]:92891[92891]:156[156]|93011[93014]:93385[93385]:375[372]|93453[93456]:94619[94619]:1167[1164]
17505	47972+1788	0	40479	1	16258at147550_3|scaffold121|+|426|2.82e-121|1|47972|49759|47972[47972]:49759[49759]:1788[1788]
17505	78070-861	0	41453	-1	27007at147550_0|scaffold121|-|75|1.293e-15|1|77210|78070|78070[78070]:77210[77210]:861[861]
17508	62087+1435	0	967	1	27007at147550_1|scaffold217|+|322|5.719e-90|2|62087|63521|62087[62087]:62392[62392]:306[306]|62469[62469]:63521[63521]:1053[1053]
17508	130857-1402	0	8363	-1	22590at147550_5|scaffold217|-|189|6.227e-50|2|129456|130857|130857[130857]:130321[130321]:537[537]|130226[130226]:129456[129456]:771[771]
17508	268363+417	0	8762	1	105766at147550_1|scaffold217|+|173|4.081e-45|2|268363|268779|268363[268363]:268410[268410]:48[48]|268552[268552]:268779[268779]:228[228]
17508	168601+1647	0	9555	1	7411at147550_5|scaffold217|+|229|5.664e-62|2|168601|170247|168601[168601]:169947[169947]:1347[1347]|169999[170014]:170247[170247]:249[234]
17508	252182-726	0	10234	-1	55565at147550_3|scaffold217|-|92|9.867e-21|1|251457|252182|252182[252182]:251457[251457]:726[726]
17508	50064-1390	0	12495	-1	45640at147550_2|scaffold217|-|542|3.394e-156|2|48675|50064|50064[50064]:48838[48838]:1227[1227]|48788[48776]:48675[48675]:114[102]
17508	81165+1248	0	16241	1	27428at147550_5|scaffold217|+|48|1.736e-07|1|81165|82412|81165[81165]:82412[82412]:1248[1248]
17508	54418+1633	0	16707	1	31571at147550_3|scaffold217|+|830|6.824e-243|4|54418|56050|54418[54418]:54630[54630]:213[213]|54720[54735]:55058[55058]:339[324]|55092[55119]:55637[55637]:546[519]|55691[55691]:56050[56050]:360[360]
17508	243873-2639	0	17160	-1	6464at147550_0|scaffold217|-|1430|0|2|241235|243873|243873[243873]:242377[242377]:1497[1497]|242296[242290]:241235[241235]:1062[1056]
17508	77766+1737	0	17270	1	2625at147550_8|scaffold217|+|121|1.838e-29|1|77766|79502|77766[77766]:79502[79502]:1737[1737]
17508	164696+675	0	17517	1	90061at147550_6|scaffold217|+|320|2.288e-89|1|164696|165370|164696[164696]:165370[165370]:675[675]
17508	255689-1309	0	19935	-1	17524at147550_4|scaffold217|-|222|7.249e-60|2|254381|255689|255689[255689]:255375[255375]:315[315]|255334[255322]:254381[254381]:954[942]
17508	182102+3523	0	28079	1	5412at147550_6|scaffold217|+|1697|0|2|182102|185624|182102[182102]:185215[185215]:3114[3114]|185277[185277]:185624[185624]:348[348]
17508	53535-1061	0	28435	-1	64600at147550_1|scaffold217|-|569|2.529e-164|2|52475|53535|53535[53535]:53269[53269]:267[267]|53158[53155]:52475[52475]:684[681]
17508	187480+1434	0	29900	1	49209at147550_5|scaffold217|+|627|8.773e-182|1|187480|188913|187480[187480]:188913[188913]:1434[1434]
17508	71008-3953	0	31063	-1	25251at147550_4|scaffold217|-|1082|9.42998e-319|2|67056|71008|71008[71008]:70109[70109]:900[900]|70058[70046]:67056[67056]:3003[2991]
17508	246530-1234	0	32436	-1	74128at147550_0|scaffold217|-|488|6.114e-140|2|245297|246530|246530[246530]:246270[246270]:261[261]|246172[246163]:245297[245297]:876[867]
17508	261270+1005	0	34344	1	48743at147550_4|scaffold217|+|131|1.795e-32|1|261270|262274|261270[261270]:262274[262274]:1005[1005]
17508	267908-2892	0	34977	-1	39314at147550_4|scaffold217|-|423|2.256e-120|1|265017|267908|267908[267908]:265017[265017]:2892[2892]
17508	35834+576	0	37448	1	87283at147550_8|scaffold217|+|312|5.856e-87|1|35834|36409|35834[35834]:36409[36409]:576[576]
17508	172883+1321	0	39207	1	48743at147550|scaffold217|+|239|5.531e-65|2|172883|174203|172883[172883]:173305[173305]:423[423]|173379[173379]:174203[174203]:825[825]
17508	146422-1020	0	40050	-1	32578at147550_3|scaffold217|-|87|3.158e-19|1|145403|146422|146422[146422]:145403[145403]:1020[1020]
17509	31532-11569	0	780	-1	22904at147550_7|scaffold249|-|928|2.153e-272|5|19964|31532|31532[31532]:30876[30876]:657[657]|22103[22103]:21903[21903]:201[201]|21844[21844]:21563[21563]:282[282]|21500[21500]:21234[21234]:267[267]|21172[21172]:19964[19964]:1209[1209]
17509	11802-3764	0	2938	-1	8438at147550_3|scaffold249|-|1695|0|7|8039|11802|11802[11802]:11713[11713]:90[90]|11497[11464]:10928[10928]:570[537]|10865[10862]:10674[10674]:192[189]|10637[10619]:9441[9441]:1197[1179]|9398[9389]:8409[8409]:990[981]|8363[8351]:8241[8241]:123[111]|8191[8188]:8039[8039]:153[150]
17509	80470+1354	0	5949	1	58663at147550_5|scaffold249|+|395|6.055e-112|2|80470|81823|80470[80470]:80850[80850]:381[381]|80897[80903]:81823[81823]:927[921]
17509	61221-3160	0	8468	-1	5910at147550_9|scaffold249|-|1446|0|4|58062|61221|61221[61221]:61069[61069]:153[153]|60997[60994]:60710[60710]:288[285]|60652[60652]:58850[58850]:1803[1803]|58595[58550]:58062[58062]:534[489]
17509	77119+1662	0	8790	1	45905at147550_5|scaffold249|+|738|3.379e-215|1|77119|78780|77119[77119]:78780[78780]:1662[1662]
17509	76253-684	0	10403	-1	92114at147550_0|scaffold249|-|305|7.496e-85|2|75570|76253|76253[76253]:75909[75909]:345[345]|75809[75806]:75570[75570]:240[237]
17509	56334+508	0	11522	1	105293at147550_8|scaffold249|+|163|4.179e-42|2|56334|56841|56334[56334]:56486[56486]:153[153]|56644[56644]:56841[56841]:198[198]
17509	68960-1091	0	14012	-1	79345at147550_5|scaffold249|-|124|2.297e-30|2|67870|68960|68960[68960]:68106[68106]:855[855]|68055[68037]:67870[67870]:186[168]
17509	6674-3006	0	17901	-1	19988at147550_2|scaffold249|-|983|5.977e-289|2|3669|6674|6674[6674]:6201[6201]:474[474]|6143[6128]:3669[3669]:2475[2460]
17509	96130+3525	0	29322	1	58041at147550_0|scaffold249|+|1075|1.207e-316|1|96130|99654|96130[96130]:99654[99654]:3525[3525]
17509	65327+610	0	31952	1	90207at147550_5|scaffold249|+|300|2.399e-83|2|65327|65936|65327[65327]:65446[65446]:120[120]|65613[65622]:65936[65936]:324[315]
17509	154180+615	0	34125	1	56486at147550_7|scaffold249|+|96|6.167e-22|1|154180|154794|154180[154180]:154794[154794]:615[615]
17509	225120+2220	0	34173	1	42018at147550_5|scaffold249|+|653|1.307e-189|2|225120|227339|225120[225120]:225671[225671]:552[552]|225708[225708]:227339[227339]:1632[1632]
17509	147168+4346	0	36311	1	73518at147550_6|scaffold249|+|715|2.835e-208|5|147168|151513|147168[147168]:147929[147929]:762[762]|147995[147995]:148135[148135]:141[141]|150427[150427]:150612[150612]:186[186]|150730[150730]:151227[151227]:498[498]|151304[151319]:151513[151513]:210[195]
17509	94375-590	0	39646	-1	88300at147550_0|scaffold249|-|273|3.219e-75|2|93786|94375|94375[94375]:94106[94106]:270[270]|94001[94001]:93786[93786]:216[216]
17509	43407-2318	0	41790	-1	26353at147550_4|scaffold249|-|803|9.16e-235|2|41090|43407|43407[43407]:42262[42262]:1146[1146]|42196[42196]:41090[41090]:1107[1107]
16045	90781+1467	0	2020	1	101362at147550_6|scaffold55|+|311|1.171e-86|1|90781|92247|90781[90781]:92247[92247]:1467[1467]
16045	107213+2183	0	3635	1	53711at147550_9|scaffold55|+|752|2.063e-219|2|107213|109395|107213[107213]:107605[107605]:393[393]|107713[107713]:109395[109395]:1683[1683]
16045	102751+2374	0	7855	1	12290at147550|scaffold55|+|1357|0|5|102751|105124|102751[102751]:102861[102861]:111[111]|102936[102936]:103040[103040]:105[105]|103073[103091]:103360[103360]:288[270]|103415[103415]:104974[104974]:1560[1560]|105032[105032]:105124[105124]:93[93]
16045	133090+1737	0	8205	1	24514at147550_3|scaffold55|+|782|1.921e-228|1|133090|134826|133090[133090]:134826[134826]:1737[1737]
16045	67073+1526	0	10090	1	47519at147550_4|scaffold55|+|691|4.756e-201|3|67073|68598|67073[67073]:67717[67717]:645[645]|67783[67783]:68262[68262]:480[480]|68416[68428]:68598[68598]:183[171]
16045	78401-2087	0	11882	-1	24570at147550_6|scaffold55|-|989|9.339e-291|3|76315|78401|78401[78401]:78258[78258]:144[144]|78074[78074]:77331[77331]:744[744]|77280[77241]:76315[76315]:966[927]
16045	28086+4241	0	16438	1	9006at147550_8|scaffold55|+|1768|0|6|28086|32326|28086[28086]:28214[28214]:129[129]|28245[28269]:28373[28373]:129[105]|28420[28426]:30297[30297]:1878[1872]|30355[30358]:30555[30555]:201[198]|31743[31743]:31862[31862]:120[120]|31994[31994]:32326[32326]:333[333]
16045	39855+4875	0	21107	1	6850at147550_3|scaffold55|+|1591|0|3|39855|44729|39855[39855]:41393[41393]:1539[1539]|41420[41459]:44032[44032]:2613[2574]|44064[44100]:44729[44729]:666[630]
16045	94632-861	0	32743	-1	48445at147550|scaffold55|-|215|9.279e-58|1|93772|94632|94632[94632]:93772[93772]:861[861]
16045	85386+957	0	35650	1	48743at147550_5|scaffold55|+|206|4.751e-55|1|85386|86342|85386[85386]:86342[86342]:957[957]
16046	84593-1449	0	7013	-1	80317at147550_9|scaffold87|-|559|2.589e-161|1|83145|84593|84593[84593]:83145[83145]:1449[1449]
16046	24413-636	0	7416	-1	72215at147550_7|scaffold87|-|116|5.881e-28|1|23778|24413|24413[24413]:23778[23778]:636[636]
16046	74485-834	0	7498	-1	27007at147550_6|scaffold87|-|104|2.409e-24|1|73652|74485|74485[74485]:73652[73652]:834[834]
16046	87555+1336	0	27561	1	42590at147550_4|scaffold87|+|322|5.719e-90|2|87555|88890|87555[87555]:88136[88136]:582[582]|88207[88207]:88890[88890]:684[684]
16048	129805-3854	0	928	-1	40555at147550_9|scaffold151|-|939|1.051e-275|2|125952|129805|129805[129805]:127940[127940]:1866[1866]|127874[127871]:125952[125952]:1923[1920]
16048	103038+1348	0	2177	1	32578at147550_6|scaffold151|+|283|3.144e-78|2|103038|104385|103038[103038]:103754[103754]:717[717]|103810[103813]:104385[104385]:576[573]
16048	186783-1444	0	3002	-1	59832at147550_4|scaffold151|-|588|4.823e-170|3|185340|186783|186783[186783]:186592[186592]:192[192]|186527[186512]:185898[185898]:630[615]|185846[185807]:185340[185340]:507[468]
16048	260419-1712	0	4051	-1	33978at147550_0|scaffold151|-|831|3.412e-243|4|258708|260419|260419[260419]:260276[260276]:144[144]|260171[260171]:259404[259404]:768[768]|259276[259273]:258944[258944]:333[330]|258839[258839]:258708[258708]:132[132]
16048	153380-2628	0	4159	-1	28955at147550_5|scaffold151|-|1097|2.96439e-323|4|150753|153380|153380[153380]:153264[153264]:117[117]|153189[153189]:153145[153145]:45[45]|153082[153070]:151670[151670]:1413[1401]|151613[151613]:150753[150753]:861[861]
16048	36798-783	0	4733	-1	92118at147550_3|scaffold151|-|385|6.2e-109|2|36016|36798|36798[36798]:36646[36646]:153[153]|36558[36558]:36016[36016]:543[543]
16048	60376-496	0	7281	-1	99775at147550_1|scaffold151|-|233|3.54e-63|2|59881|60376|60376[60376]:60251[60251]:126[126]|60159[60144]:59881[59881]:279[264]
16048	197219-2811	0	9008	-1	7049at147550_7|scaffold151|-|1524|0|2|194409|197219|197219[197219]:197055[197055]:165[165]|196973[196967]:194409[194409]:2565[2559]
16048	85186+1557	0	10882	1	46070at147550_2|scaffold151|+|603|1.472e-174|3|85186|86742|85186[85186]:85446[85446]:261[261]|85497[85521]:86150[86150]:654[630]|86239[86245]:86742[86742]:504[498]
16048	201800-1632	0	11530	-1	75531at147550_4|scaffold151|-|565|4.046e-163|1|200169|201800|201800[201800]:200169[200169]:1632[1632]
16048	97392+2279	0	12338	1	73801at147550_2|scaffold151|+|333|2.792e-93|2|97392|99670|97392[97392]:97574[97574]:183[183]|97691[97691]:99670[99670]:1980[1980]
16048	81253+2233	0	12350	1	21886at147550_6|scaffold151|+|1102|0|2|81253|83485|81253[81253]:83073[83073]:1821[1821]|83126[83132]:83485[83485]:360[354]
16048	138443-1148	0	12894	-1	75650at147550_6|scaffold151|-|465|5.129e-133|3|137296|138443|138443[138443]:138243[138243]:201[201]|138129[138126]:137749[137749]:381[378]|137667[137667]:137296[137296]:372[372]
16048	45209-630	0	13004	-1	99292at147550_0|scaffold151|-|297|1.919e-82|2|44580|45209|45209[45209]:45132[45132]:78[78]|45050[45050]:44580[44580]:471[471]
16048	32467+1797	0	14237	1	34877at147550_1|scaffold151|+|397|1.514e-112|2|32467|34263|32467[32467]:33762[33762]:1296[1296]|33820[33820]:34263[34263]:444[444]
16048	94785+1500	0	16156	1	47743at147550_0|scaffold151|+|752|2.063e-219|1|94785|96284|94785[94785]:96284[96284]:1500[1500]
16048	72466-1806	0	16643	-1	60210at147550_9|scaffold151|-|638|4.284e-185|1|70661|72466|72466[72466]:70661[70661]:1806[1806]
16048	7711-6756	0	17476	-1	457at147550_4|scaffold151|-|3884|0|6|956|7711|7711[7711]:7586[7586]:126[126]|7531[7522]:7472[7472]:60[51]|7417[7417]:6701[6701]:717[717]|6654[6648]:3964[3964]:2691[2685]|3765[3765]:1144[1144]:2622[2622]|1072[1072]:956[956]:117[117]
16048	142903+1161	0	19014	1	71981at147550_5|scaffold151|+|519|2.847e-149|1|142903|144063|142903[142903]:144063[144063]:1161[1161]
16048	147698+1782	0	19072	1	51522at147550_5|scaffold151|+|728|3.46e-212|1|147698|149479|147698[147698]:149479[149479]:1782[1782]
16048	115657+1401	0	19421	1	62948at147550_5|scaffold151|+|512|3.644e-147|3|115657|117057|115657[115657]:116340[116340]:684[684]|116403[116403]:116597[116597]:195[195]|116671[116671]:117057[117057]:387[387]
16048	179835+3801	0	21276	1	23255at147550_8|scaffold151|+|1160|0|2|179835|183635|179835[179835]:179933[179933]:99[99]|180141[180141]:183635[183635]:3495[3495]
16048	17939-715	0	21492	-1	96980at147550_3|scaffold151|-|196|4.865e-52|2|17225|17939|17939[17939]:17316[17316]:624[624]|17287[17245]:17225[17225]:63[21]
16048	42700-1533	0	22961	-1	86008at147550_9|scaffold151|-|460|1.641e-131|5|41168|42700|42700[42700]:42626[42626]:75[75]|42360[42360]:42232[42232]:129[129]|42179[42170]:41919[41919]:261[252]|41818[41809]:41666[41666]:153[144]|41479[41479]:41168[41168]:312[312]
16048	14554-791	0	23110	-1	97827at147550_3|scaffold151|-|215|9.279e-58|2|13764|14554|14554[14554]:14096[14096]:459[459]|13967[13964]:13764[13764]:204[201]
16048	30934-2458	0	24383	-1	13085at147550_8|scaffold151|-|1332|0|4|28477|30934|30934[30934]:30845[30845]:90[90]|30741[30741]:30457[30457]:285[285]|30428[30392]:29937[29937]:492[456]|29874[29874]:28477[28477]:1398[1398]
16048	26897+819	0	24426	1	88760at147550_4|scaffold151|+|372|5.079e-105|1|26897|27715|26897[26897]:27715[27715]:819[819]
16048	66984+1561	0	24621	1	52738at147550_2|scaffold151|+|677|7.792e-197|2|66984|68544|66984[66984]:67136[67136]:153[153]|67198[67201]:68544[68544]:1347[1344]
16048	63080-1161	0	24837	-1	17524at147550|scaffold151|-|166|5.224e-43|1|61920|63080|63080[63080]:61920[61920]:1161[1161]
16048	25705-2250	0	25149	-1	18397at147550_8|scaffold151|-|805|2.29e-235|1|23456|25705|25705[25705]:23456[23456]:2250[2250]
16048	122425+1223	0	26936	1	85312at147550_2|scaffold151|+|339|4.363e-95|2|122425|123647|122425[122425]:123399[123399]:975[975]|123444[123465]:123647[123647]:204[183]
16048	114858-1718	0	27412	-1	34026at147550_9|scaffold151|-|716|1.417e-208|2|113141|114858|114858[114858]:114667[114667]:192[192]|114613[114601]:113141[113141]:1473[1461]
16048	256940-7991	0	29082	-1	4372at147550_1|scaffold151|-|1494|0|4|248950|256940|256940[256940]:256863[256863]:78[78]|256494[256491]:254005[254005]:2490[2487]|252992[252992]:252621[252621]:372[372]|252531[252531]:248950[248950]:3582[3582]
16048	221401-5337	0	29176	-1	6124at147550_9|scaffold151|-|1167|0|1|216065|221401|221401[221401]:216065[216065]:5337[5337]
16048	54790+2720	0	30390	1	20192at147550_6|scaffold151|+|500|1.493e-143|2|54790|57509|54790[54790]:55317[55317]:528[528]|55446[55446]:57509[57509]:2064[2064]
16048	155370+1247	0	31072	1	49480at147550_2|scaffold151|+|600|1.178e-173|2|155370|156616|155370[155370]:156191[156191]:822[822]|156251[156260]:156616[156616]:366[357]
16048	89384-2345	0	34485	-1	20992at147550_9|scaffold151|-|1041|2.074e-306|2|87040|89384|89384[89384]:89292[89292]:93[93]|89226[89223]:87040[87040]:2187[2184]
16048	210200-1572	0	34842	-1	32233at147550_8|scaffold151|-|568|5.057e-164|3|208629|210200|210200[210200]:210063[210063]:138[138]|209947[209938]:209645[209645]:303[294]|209198[209198]:208629[208629]:570[570]
16048	203777+1648	0	36544	1	86559at147550_6|scaffold151|+|167|2.612e-43|2|203777|205424|203777[203777]:204043[204043]:267[267]|204990[205017]:205424[205424]:435[408]
16048	146508-1793	0	39869	-1	38289at147550_5|scaffold151|-|411|9.239e-117|2|144716|146508|146508[146508]:145585[145585]:924[924]|145447[145447]:144716[144716]:732[732]
19714	543+1293	0	18368	1	59396at147550|scaffold828|+|548|5.303e-158|1|543|1835|543[543]:1835[1835]:1293[1293]
19715	13930-849	0	17781	-1	52951at147550_9|scaffold860|-|86|6.315e-19|1|13082|13930|13930[13930]:13082[13082]:849[849]
19715	2365+1074	0	33038	1	48743at147550_3|scaffold860|+|221|1.45e-59|1|2365|3438|2365[2365]:3438[3438]:1074[1074]
8031	114308+4317	0	226	1	21634at147550_9|scaffold204|+|928|2.153e-272|1|114308|118624|114308[114308]:118624[118624]:4317[4317]
8031	213952+2988	0	454	1	24416at147550_9|scaffold204|+|932|1.346e-273|1|213952|216939|213952[213952]:216939[216939]:2988[2988]
8031	156194-2255	0	2773	-1	78060at147550_7|scaffold204|-|584|7.717e-169|2|153940|156194|156194[156194]:155733[155733]:462[462]|155640[155640]:153940[153940]:1701[1701]
8031	223754-975	0	4275	-1	102419at147550_6|scaffold204|-|333|2.792e-93|1|222780|223754|223754[223754]:222780[222780]:975[975]
8031	172955+1517	0	7327	1	53166at147550_9|scaffold204|+|755|2.578e-220|2|172955|174471|172955[172955]:173131[173131]:177[177]|173188[173194]:174471[174471]:1284[1278]
8031	83381-990	0	9676	-1	34675at147550_0|scaffold204|-|137|2.805e-34|1|82392|83381|83381[83381]:82392[82392]:990[990]
8031	44795+1470	0	9980	1	23186at147550_3|scaffold204|+|835|2.133e-244|1|44795|46264|44795[44795]:46264[46264]:1470[1470]
8031	175068+414	0	10821	1	87514at147550_3|scaffold204|+|47|3.472e-07|1|175068|175481|175068[175068]:175481[175481]:414[414]
8031	39628+1590	0	11292	1	25800at147550_6|scaffold204|+|918|2.205e-269|3|39628|41217|39628[39628]:39735[39735]:108[108]|39756[39756]:39866[39866]:111[111]|39892[39937]:41217[41217]:1326[1281]
8031	33985+1145	0	12962	1	88225at147550_5|scaffold204|+|279|5.03e-77|2|33985|35129|33985[33985]:34737[34737]:753[753]|34926[34926]:35129[35129]:204[204]
8031	213432-1478	0	13990	-1	48251at147550_1|scaffold204|-|644|6.693e-187|4|211955|213432|213432[213432]:213316[213316]:117[117]|213200[213200]:213123[213123]:78[78]|213067[213067]:212768[212768]:300[300]|212716[212713]:211955[211955]:762[759]
8031	182492-786	0	14205	-1	34083at147550_7|scaffold204|-|511|7.289e-147|1|181707|182492|182492[182492]:181707[181707]:786[786]
8031	35984-546	0	15005	-1	82702at147550_8|scaffold204|-|257|2.11e-70|1|35439|35984|35984[35984]:35439[35439]:546[546]
8031	51077-3930	0	16623	-1	8321at147550_5|scaffold204|-|1779|0|3|47148|51077|51077[51077]:48513[48513]:2565[2565]|48452[48452]:48069[48069]:384[384]|48059[48059]:47148[47148]:912[912]
8031	183309-723	0	16817	-1	34083at147550_9|scaffold204|-|317|1.83e-88|1|182587|183309|183309[183309]:182587[182587]:723[723]
8031	210353+1199	0	19438	1	59704at147550_9|scaffold204|+|631|5.483e-183|2|210353|211551|210353[210353]:210403[210403]:51[51]|210478[210481]:211551[211551]:1074[1071]
8031	90+2604	0	21351	1	25389at147550_5|scaffold204|+|1162|0|3|90|2693|90[90]:683[683]:594[594]|783[783]:2375[2375]:1593[1593]|2502[2502]:2693[2693]:192[192]
8031	86606-1642	0	21975	-1	42789at147550_6|scaffold204|-|875|1.94e-256|2|84965|86606|86606[86606]:86307[86307]:300[300]|86254[86242]:84965[84965]:1290[1278]
8031	128643-1860	0	25336	-1	81228at147550_8|scaffold204|-|713|1.134e-207|1|126784|128643|128643[128643]:126784[126784]:1860[1860]
8031	73329+1076	0	25731	1	73889at147550_3|scaffold204|+|309|4.685e-86|2|73329|74404|73329[73329]:73445[73445]:117[117]|73556[73556]:74404[74404]:849[849]
8031	113597-930	0	25736	-1	70749at147550_6|scaffold204|-|520|1.424e-149|1|112668|113597|113597[113597]:112668[112668]:930[930]
8031	124137-1274	0	26892	-1	76414at147550_2|scaffold204|-|492|3.821e-141|4|122864|124137|124137[124137]:123964[123964]:174[174]|123922[123886]:123872[123872]:51[15]|123779[123779]:123012[123012]:768[768]|122926[122920]:122864[122864]:63[57]
8031	94257-888	0	28605	-1	87902at147550_6|scaffold204|-|386|3.1e-109|3|93370|94257|94257[94257]:94129[94129]:129[129]|94009[94006]:93821[93821]:189[186]|93729[93717]:93370[93370]:360[348]
8031	71483-1519	0	29965	-1	49940at147550_8|scaffold204|-|677|7.792e-197|2|69965|71483|71483[71483]:70929[70929]:555[555]|70879[70876]:69965[69965]:915[912]
8031	100722+845	0	32468	1	96854at147550_0|scaffold204|+|280|2.515e-77|2|100722|101566|100722[100722]:101198[101198]:477[477]|101237[101255]:101566[101566]:330[312]
8031	88122+952	0	33717	1	88568at147550_1|scaffold204|+|371|1.016e-104|2|88122|89073|88122[88122]:88250[88250]:129[129]|88321[88321]:89073[89073]:753[753]
8031	32208-1362	0	34880	-1	60737at147550_7|scaffold204|-|286|3.93e-79|2|30847|32208|32208[32208]:31585[31585]:624[624]|31500[31500]:30847[30847]:654[654]
8031	78102-1418	0	35662	-1	72891at147550_9|scaffold204|-|457|1.313e-130|4|76685|78102|78102[78102]:78046[78046]:57[57]|77877[77877]:77791[77791]:87[87]|77717[77711]:77382[77382]:336[330]|77299[77299]:76685[76685]:615[615]
8031	43335-1536	0	37264	-1	68220at147550_7|scaffold204|-|497|1.194e-142|1|41800|43335|43335[43335]:41800[41800]:1536[1536]
8031	108959+1941	0	38934	1	42592at147550_0|scaffold204|+|389|3.875e-110|1|108959|110899|108959[108959]:110899[110899]:1941[1941]
8032	47555-1431	0	4213	-1	65877at147550_4|scaffold236|-|237|2.212e-64|1|46125|47555|47555[47555]:46125[46125]:1431[1431]
8032	34912-2169	0	8191	-1	11882at147550_5|scaffold236|-|92|9.867e-21|1|32744|34912|34912[34912]:32744[32744]:2169[2169]
8032	153665-1809	0	9434	-1	2625at147550_2|scaffold236|-|145|1.096e-36|1|151857|153665|153665[153665]:151857[151857]:1809[1809]
8032	146647-2139	0	10740	-1	2625at147550_3|scaffold236|-|133|4.487e-33|1|144509|146647|146647[146647]:144509[144509]:2139[2139]
8032	98574-645	0	20431	-1	90707at147550_7|scaffold236|-|238|1.106e-64|2|97930|98574|98574[98574]:98527[98527]:48[48]|98427[98427]:97930[97930]:498[498]
8032	91261+2791	0	22482	1	10221at147550_8|scaffold236|+|1491|0|3|91261|94051|91261[91261]:91647[91647]:387[387]|91704[91713]:92963[92963]:1260[1251]|93017[93020]:94051[94051]:1035[1032]
8032	71725-1599	0	33324	-1	91429at147550_3|scaffold236|-|307|1.874e-85|3|70127|71725|71725[71725]:71549[71549]:177[177]|71379[71379]:70855[70855]:525[525]|70660[70660]:70127[70127]:534[534]
8032	133739-1614	0	36956	-1	48743at147550_6|scaffold236|-|192|7.784e-51|2|132126|133739|133739[133739]:133059[133059]:681[681]|132977[132977]:132126[132126]:852[852]
8032	123040-5356	0	38788	-1	2380at147550_7|scaffold236|-|1620|0|2|117685|123040|123040[123040]:122867[122867]:174[174]|122751[122748]:117685[117685]:5067[5064]
8033	51688+1985	0	21	1	34105at147550|scaffold268|+|170|3.265e-44|2|51688|53672|51688[51688]:52125[52125]:438[438]|52944[52944]:53672[53672]:729[729]
8033	136444-1580	0	3100	-1	45626at147550_8|scaffold268|-|620|1.123e-179|2|134865|136444|136444[136444]:135422[135422]:1023[1023]|135140[135140]:134865[134865]:276[276]
8033	111338-3532	0	4743	-1	10389at147550_3|scaffold268|-|1726|0|3|107807|111338|111338[111338]:111195[111195]:144[144]|110885[110885]:107991[107991]:2895[2895]|107890[107884]:107807[107807]:84[78]
8033	133351+798	0	5864	1	96616at147550_3|scaffold268|+|274|1.61e-75|4|133351|134148|133351[133351]:133398[133398]:48[48]|133509[133524]:133580[133580]:72[57]|133650[133656]:133703[133703]:54[48]|133819[133819]:134148[134148]:330[330]
8033	70650-2244	0	6323	-1	94684at147550_4|scaffold268|-|612|2.875e-177|3|68407|70650|70650[70650]:70465[70465]:186[186]|70349[70349]:68985[68985]:1365[1365]|68916[68916]:68407[68407]:510[510]
8033	63573-1607	0	10286	-1	37335at147550_2|scaffold268|-|600|1.178e-173|2|61967|63573|63573[63573]:63091[63091]:483[483]|63037[63034]:61967[61967]:1071[1068]
8033	96115-2023	0	12236	-1	53659at147550_1|scaffold268|-|717|7.087e-209|3|94093|96115|96115[96115]:95933[95933]:183[183]|95879[95876]:94305[94305]:1575[1572]|94194[94191]:94093[94093]:102[99]
8033	30982-1376	0	12886	-1	46580at147550_1|scaffold268|-|722|2.215e-210|3|29607|30982|30982[30982]:30677[30677]:306[306]|30597[30594]:30457[30457]:141[138]|30377[30374]:29607[29607]:771[768]
8033	90540+1276	0	16225	1	90149at147550_3|scaffold268|+|431|8.811e-123|3|90540|91815|90540[90540]:90686[90686]:147[147]|90828[90828]:91154[91154]:327[327]|91294[91297]:91815[91815]:522[519]
8033	151271+2087	0	19299	1	13541at147550_6|scaffold268|+|612|2.875e-177|2|151271|153357|151271[151271]:152677[152677]:1407[1407]|152689[152689]:153357[153357]:669[669]
8033	115336-1017	0	21071	-1	94589at147550_9|scaffold268|-|507|1.166e-145|1|114320|115336|115336[115336]:114320[114320]:1017[1017]
8033	130077+1425	0	21306	1	62653at147550_8|scaffold268|+|661|5.107e-192|1|130077|131501|130077[130077]:131501[131501]:1425[1425]
8033	129425-5227	0	22425	-1	7541at147550_8|scaffold268|-|2179|0|2|124199|129425|129425[129425]:129219[129219]:207[207]|129157[129157]:124199[124199]:4959[4959]
8033	36755+2655	0	23287	1	21395at147550_9|scaffold268|+|893|7.399e-262|2|36755|39409|36755[36755]:39007[39007]:2253[2253]|39074[39074]:39409[39409]:336[336]
8033	82803+951	0	23744	1	43856at147550_5|scaffold268|+|63|5.298e-12|1|82803|83753|82803[82803]:83753[83753]:951[951]
8033	98891+2454	0	26309	1	44800at147550_1|scaffold268|+|813|8.945e-238|1|98891|101344|98891[98891]:101344[101344]:2454[2454]
8033	33289+846	0	26452	1	83912at147550_3|scaffold268|+|399|3.784e-113|1|33289|34134|33289[33289]:34134[34134]:846[846]
8033	132975-877	0	27135	-1	92918at147550_2|scaffold268|-|334|1.396e-93|3|132099|132975|132975[132975]:132931[132931]:45[45]|132777[132768]:132625[132625]:153[144]|132506[132470]:132099[132099]:408[372]
8033	44946+1672	0	31831	1	38332at147550_8|scaffold268|+|672|2.493e-195|3|44946|46617|44946[44946]:45527[45527]:582[582]|45577[45592]:46488[46488]:912[897]|46552[46558]:46617[46617]:66[60]
8033	57821+2866	0	33296	1	11657at147550_6|scaffold268|+|1584|0|4|57821|60686|57821[57821]:58132[58132]:312[312]|58176[58185]:59498[59498]:1323[1314]|59544[59553]:60368[60368]:825[816]|60456[60456]:60686[60686]:231[231]
8033	32882-1229	0	34953	-1	106764at147550_5|scaffold268|-|269|5.151e-74|2|31654|32882|32882[32882]:32769[32769]:114[114]|32694[32691]:31654[31654]:1041[1038]
8033	117491+5546	0	39335	1	7803at147550_3|scaffold268|+|1437|0|2|117491|123036|117491[117491]:117931[117931]:441[441]|118003[118003]:123036[123036]:5034[5034]
8033	97031+766	0	40107	1	100924at147550_7|scaffold268|+|163|4.179e-42|3|97031|97796|97031[97031]:97174[97174]:144[144]|97524[97524]:97655[97655]:132[132]|97752[97755]:97796[97796]:45[42]
8035	13898+3219	0	1163	1	89259at147550_5|scaffold332|+|407|1.478e-115|1|13898|17116|13898[13898]:17116[17116]:3219[3219]
8035	41863-1410	0	4160	-1	87787at147550_7|scaffold332|-|407|1.478e-115|1|40454|41863|41863[41863]:40454[40454]:1410[1410]
8035	34733+297	0	5663	1	105818at147550_8|scaffold332|+|139|7.011e-35|1|34733|35029|34733[34733]:35029[35029]:297[297]
8035	36253-800	0	6690	-1	84681at147550_8|scaffold332|-|346|3.409e-97|2|35454|36253|36253[36253]:36005[36005]:249[249]|35948[35945]:35454[35454]:495[492]
8035	37647-930	0	22105	-1	64235at147550_4|scaffold332|-|417|1.444e-118|1|36718|37647|37647[37647]:36718[36718]:930[930]
8035	10521-1630	0	22648	-1	80338at147550_8|scaffold332|-|367|1.625e-103|2|8892|10521|10521[10521]:9457[9457]:1065[1065]|9023[9023]:8892[8892]:132[132]
8035	75190+981	0	32517	1	106516at147550_7|scaffold332|+|266|4.121e-73|1|75190|76170|75190[75190]:76170[76170]:981[981]
8035	21672+926	0	32555	1	71466at147550_6|scaffold332|+|394|1.211e-111|3|21672|22597|21672[21672]:21848[21848]:177[177]|21938[21938]:22243[22243]:306[306]|22340[22343]:22597[22597]:258[255]
21876	57792-1170	0	967	-1	27007at147550_1|scaffold31|-|132|8.974e-33|1|56623|57792|57792[57792]:56623[56623]:1170[1170]
21876	32553-1329	0	13087	-1	58890at147550|scaffold31|-|431|8.811e-123|1|31225|32553|32553[32553]:31225[31225]:1329[1329]
21876	64684+2305	0	14047	1	62298at147550_9|scaffold31|+|502|3.732e-144|3|64684|66988|64684[64684]:64785[64785]:102[102]|64990[64990]:65100[65100]:111[111]|65159[65159]:66988[66988]:1830[1830]
21876	10534+1389	0	19523	1	45682at147550_3|scaffold31|+|784|4.802e-229|4|10534|11922|10534[10534]:10842[10842]:309[309]|10943[10943]:11434[11434]:492[492]|11485[11485]:11805[11805]:321[321]|11860[11866]:11922[11922]:63[57]
21876	43352+1200	0	20961	1	11354at147550|scaffold31|+|101|1.927e-23|1|43352|44551|43352[43352]:44551[44551]:1200[1200]
21876	27512-5301	0	31474	-1	6680at147550_5|scaffold31|-|1688|0|1|22212|27512|27512[27512]:22212[22212]:5301[5301]
21876	49932+2700	0	32583	1	28729at147550_3|scaffold31|+|1022|1.087e-300|7|49932|52631|49932[49932]:50054[50054]:123[123]|50110[50113]:50250[50250]:141[138]|50309[50312]:50422[50422]:114[111]|50487[50487]:50666[50666]:180[180]|50687[50729]:51055[51055]:369[327]|51113[51113]:51934[51934]:822[822]|51993[51993]:52631[52631]:639[639]
21876	54041-999	0	32812	-1	58955at147550_2|scaffold31|-|595|3.768e-172|2|53043|54041|54041[54041]:53550[53550]:492[492]|53462[53462]:53043[53043]:420[420]
21876	85054+2095	0	35645	1	45839at147550_5|scaffold31|+|781|3.842e-228|3|85054|87148|85054[85054]:85119[85119]:66[66]|85182[85182]:85760[85760]:579[579]|85820[85820]:87148[87148]:1329[1329]
21878	54138-1269	0	1000	-1	73040at147550_7|scaffold95|-|392|4.844e-111|1|52870|54138|54138[54138]:52870[52870]:1269[1269]
21878	52165-1455	0	1891	-1	82517at147550_6|scaffold95|-|524|8.897e-151|2|50711|52165|52165[52165]:52010[52010]:156[156]|51928[51916]:50711[50711]:1218[1206]
21878	66618+1608	0	13840	1	35177at147550_5|scaffold95|+|863|7.945e-253|2|66618|68225|66618[66618]:67742[67742]:1125[1125]|67806[67806]:68225[68225]:420[420]
21878	113716-1427	0	14791	-1	37632at147550_3|scaffold95|-|716|1.417e-208|2|112290|113716|113716[113716]:113186[113186]:531[531]|113102[113099]:112290[112290]:813[810]
21878	236+4681	0	18209	1	11700at147550_5|scaffold95|+|1348|0|3|236|4916|236[236]:295[295]:60[60]|655[655]:3726[3726]:3072[3072]|3780[3780]:4916[4916]:1137[1137]
21878	65199-1362	0	21689	-1	68683at147550_7|scaffold95|-|590|1.206e-170|1|63838|65199|65199[65199]:63838[63838]:1362[1362]
21878	164782+1164	0	28971	1	46128at147550_0|scaffold95|+|260|2.637e-71|1|164782|165945|164782[164782]:165945[165945]:1164[1164]
21878	105389+642	0	30065	1	16598at147550|scaffold95|+|85|1.263e-18|1|105389|106030|105389[105389]:106030[106030]:642[642]
21878	128072+1026	0	30621	1	65964at147550_4|scaffold95|+|203|3.801e-54|1|128072|129097|128072[128072]:129097[129097]:1026[1026]
21878	69300+637	0	32067	1	94834at147550_1|scaffold95|+|243|3.457e-66|2|69300|69936|69300[69300]:69593[69593]:294[294]|69694[69697]:69936[69936]:243[240]
21878	143571-1299	0	32136	-1	95217at147550_3|scaffold95|-|104|2.409e-24|1|142273|143571|143571[143571]:142273[142273]:1299[1299]
21878	95506+4116	0	35989	1	2538at147550_2|scaffold95|+|2385|0|2|95506|99621|95506[95506]:98664[98664]:3159[3159]|98725[98731]:99621[99621]:897[891]
21878	151606+942	0	36211	1	70533at147550_6|scaffold95|+|268|1.03e-73|2|151606|152547|151606[151606]:152190[152190]:585[585]|152275[152278]:152547[152547]:273[270]
21878	86032-1445	0	40724	-1	107386at147550_7|scaffold95|-|305|7.496e-85|2|84588|86032|86032[86032]:85148[85148]:885[885]|85049[85049]:84588[84588]:462[462]
21878	86700+948	0	41070	1	82517at147550_4|scaffold95|+|434|1.101e-123|1|86700|87647|86700[86700]:87647[87647]:948[948]
21879	9602+933	0	1929	1	28802at147550_6|scaffold127|+|136|5.609e-34|1|9602|10534|9602[9602]:10534[10534]:933[933]
21879	80425-2463	0	1973	-1	44958at147550_5|scaffold127|-|696|1.486e-202|2|77963|80425|80425[80425]:78347[78347]:2079[2079]|78250[78250]:77963[77963]:288[288]
21879	88293+9036	0	12132	1	476at147550_7|scaffold127|+|4005|0|1|88293|97328|88293[88293]:97328[97328]:9036[9036]
21879	40374+1074	0	13749	1	83950at147550_5|scaffold127|+|340|2.182e-95|1|40374|41447|40374[40374]:41447[41447]:1074[1074]
21879	42632+1008	0	15297	1	59015at147550_4|scaffold127|+|127|2.872e-31|1|42632|43639|42632[42632]:43639[43639]:1008[1008]
21879	141651-1584	0	17137	-1	84722at147550_4|scaffold127|-|443|2.151e-126|1|140068|141651|141651[141651]:140068[140068]:1584[1584]
21879	75402+1494	0	17239	1	71691at147550_6|scaffold127|+|450|1.681e-128|2|75402|76895|75402[75402]:75938[75938]:537[537]|76161[76161]:76895[76895]:735[735]
21879	109081-5431	0	23957	-1	1198at147550_5|scaffold127|-|2895|0|2|103651|109081|109081[109081]:104504[104504]:4578[4578]|104451[104445]:103651[103651]:801[795]
21879	81266+5409	0	29630	1	3085at147550_8|scaffold127|+|2207|0|3|81266|86674|81266[81266]:81574[81574]:309[309]|81642[81642]:86045[86045]:4404[4404]|86132[86132]:86674[86674]:543[543]
21879	27861+843	0	34053	1	48456at147550|scaffold127|+|53|5.425e-09|1|27861|28703|27861[27861]:28703[28703]:843[843]
21879	11959-1016	0	35267	-1	64161at147550|scaffold127|-|169|6.53e-44|3|10944|11959|11959[11959]:11690[11690]:270[270]|11449[11449]:11345[11345]:105[105]|11279[11279]:10944[10944]:336[336]
21879	117260+1803	0	39919	1	56425at147550_9|scaffold127|+|467|1.282e-133|1|117260|119062|117260[117260]:119062[119062]:1803[1803]
21879	15775-560	0	39974	-1	41805at147550_3|scaffold127|-|61|2.119e-11|2|15216|15775|15775[15775]:15386[15386]:390[390]|15314[15314]:15216[15216]:99[99]
11	11495+657	0	13863	1	52951at147550_6|scaffold353|+|76|6.467e-16|1|11495|12151|11495[11495]:12151[12151]:657[657]
12	70616-408	0	2889	-1	34845at147550_7|scaffold385|-|76|6.467e-16|1|70209|70616|70616[70616]:70209[70209]:408[408]
12	143651+4215	0	4226	1	68004at147550_6|scaffold385|+|595|3.768e-172|5|143651|147865|143651[143651]:144574[144574]:924[924]|144622[144628]:144774[144774]:153[147]|144832[144835]:145122[145122]:291[288]|147374[147380]:147613[147613]:240[234]|147773[147803]:147865[147865]:93[63]
12	212042+1616	0	6111	1	45885at147550_8|scaffold385|+|608|4.6e-176|4|212042|213657|212042[212042]:212317[212317]:276[276]|212371[212371]:212949[212949]:579[579]|213014[213014]:213433[213433]:420[420]|213571[213574]:213657[213657]:87[84]
12	136292-2553	0	11077	-1	11360at147550_5|scaffold385|-|1415|0|2|133740|136292|136292[136292]:134133[134133]:2160[2160]|134036[134030]:133740[133740]:297[291]
12	95164+1163	0	12157	1	40883at147550_7|scaffold385|+|568|5.057e-164|2|95164|96326|95164[95164]:95250[95250]:87[87]|95325[95328]:96326[96326]:1002[999]
12	116784-2770	0	13424	-1	12844at147550_7|scaffold385|-|985|1.494e-289|2|114015|116784|116784[116784]:115771[115771]:1014[1014]|115709[115706]:114015[114015]:1695[1692]
12	130796+1723	0	14743	1	37794at147550_4|scaffold385|+|839|1.333e-245|4|130796|132518|130796[130796]:131065[131065]:270[270]|131134[131134]:131211[131211]:78[78]|131387[131387]:132070[132070]:684[684]|132132[132135]:132518[132518]:387[384]
12	185524-1096	0	18449	-1	59750at147550_7|scaffold385|-|531|6.951e-153|2|184429|185524|185524[185524]:185369[185369]:156[156]|185310[185310]:184429[184429]:882[882]
12	23241-1440	0	19676	-1	58733at147550|scaffold385|-|680|9.74e-198|6|21802|23241|23241[23241]:23152[23152]:90[90]|23037[23037]:22993[22993]:45[45]|22916[22913]:22737[22737]:180[177]|22620[22617]:22420[22420]:201[198]|22367[22367]:21951[21951]:417[417]|21888[21888]:21802[21802]:87[87]
12	28265+1412	0	23842	1	54233at147550_5|scaffold385|+|495|4.777e-142|2|28265|29676|28265[28265]:28837[28837]:573[573]|28900[28900]:29676[29676]:777[777]
12	192996-783	0	24207	-1	76420at147550_3|scaffold385|-|289|4.912e-80|1|192214|192996|192996[192996]:192214[192214]:783[783]
12	45550-834	0	26289	-1	56486at147550_1|scaffold385|-|205|9.502e-55|2|44717|45550|45550[45550]:45086[45086]:465[465]|45007[45007]:44717[44717]:291[291]
12	17036-1496	0	27002	-1	60284at147550_4|scaffold385|-|626|1.755e-181|2|15541|17036|17036[17036]:16953[16953]:84[84]|16908[16890]:15541[15541]:1368[1350]
12	211085-706	0	31125	-1	90264at147550_9|scaffold385|-|338|8.726e-95|3|210380|211085|211085[211085]:210897[210897]:189[189]|210786[210783]:210607[210607]:180[177]|210535[210532]:210380[210380]:156[153]
12	181406-1431	0	37417	-1	45292at147550_6|scaffold385|-|126|5.744e-31|1|179976|181406|181406[181406]:179976[179976]:1431[1431]
12	203748-2142	0	41721	-1	97925at147550_1|scaffold385|-|356|3.329e-100|3|201607|203748|203748[203748]:203623[203623]:126[126]|203500[203494]:203411[203411]:90[84]|203337[203328]:201607[201607]:1731[1722]
15	28703+2103	0	848	1	29505at147550_8|scaffold481|+|868|2.483e-254|1|28703|30805|28703[28703]:30805[30805]:2103[2103]
15	101733+3245	0	2039	1	7133at147550_8|scaffold481|+|1649|0|2|101733|104977|101733[101733]:104705[104705]:2973[2973]|104771[104774]:104977[104977]:207[204]
15	59137-3265	0	13260	-1	11546at147550_8|scaffold481|-|1114|0|2|55873|59137|59137[59137]:56300[56300]:2838[2838]|56079[56079]:55873[55873]:207[207]
15	44172-2118	0	18935	-1	72298at147550_5|scaffold481|-|572|3.161e-165|4|42055|44172|44172[44172]:44116[44116]:57[57]|44010[44010]:43855[43855]:156[156]|43778[43778]:43482[43482]:297[297]|43308[43308]:42055[42055]:1254[1254]
15	19557+1745	0	22253	1	28802at147550|scaffold481|+|255|8.44e-70|2|19557|21301|19557[19557]:19868[19868]:312[312]|19919[19949]:21301[21301]:1383[1353]
15	64251-1350	0	23130	-1	50151at147550_6|scaffold481|-|677|7.792e-197|1|62902|64251|64251[64251]:62902[62902]:1350[1350]
15	96215+2271	0	25158	1	25732at147550_6|scaffold481|+|994|2.918e-292|2|96215|98485|96215[96215]:96619[96619]:405[405]|96665[96710]:98485[98485]:1821[1776]
15	68227+1280	0	26326	1	79974at147550_6|scaffold481|+|531|6.951e-153|2|68227|69506|68227[68227]:68688[68688]:462[462]|68754[68760]:69506[69506]:753[747]
15	28+916	0	27016	1	75733at147550_2|scaffold481|+|271|1.288e-74|2|28|943|28[28]:537[537]:510[510]|671[671]:943[943]:273[273]
15	70757+764	0	28064	1	95376at147550_6|scaffold481|+|323|2.859e-90|3|70757|71520|70757[70757]:70843[70843]:87[87]|70925[70931]:71080[71080]:156[150]|71164[71164]:71520[71520]:357[357]
15	99141+1257	0	31233	1	94680at147550_5|scaffold481|+|245|8.642e-67|1|99141|100397|99141[99141]:100397[100397]:1257[1257]
15	15333-567	0	33063	-1	85583at147550_3|scaffold481|-|184|1.993e-48|1|14767|15333|15333[15333]:14767[14767]:567[567]
16	16454-6164	0	1832	-1	4053at147550_8|scaffold513|-|1648|0|2|10291|16454|16454[16454]:16281[16281]:174[174]|16221[16206]:10291[10291]:5931[5916]
16	6942-773	0	3362	-1	103929at147550_6|scaffold513|-|344|1.363e-96|2|6170|6942|6942[6942]:6640[6640]:303[303]|6556[6544]:6170[6170]:387[375]
16	20918+593	0	8626	1	98494at147550_1|scaffold513|+|221|1.45e-59|3|20918|21510|20918[20918]:21085[21085]:168[168]|21167[21167]:21295[21295]:129[129]|21379[21379]:21510[21510]:132[132]
16	18096+1657	0	10783	1	68973at147550_7|scaffold513|+|631|5.483e-183|3|18096|19752|18096[18096]:19262[19262]:1167[1167]|19315[19345]:19545[19545]:231[201]|19606[19606]:19752[19752]:147[147]
16	23076-845	0	14193	-1	102474at147550_4|scaffold513|-|306|3.748e-85|2|22232|23076|23076[23076]:22726[22726]:351[351]|22645[22645]:22232[22232]:414[414]
16	51975-24612	0	16067	-1	21801at147550_4|scaffold513|-|353|2.663e-99|4|27364|51975|51975[51975]:51100[51100]:876[876]|50872[50872]:50777[50777]:96[96]|27902[27902]:27819[27819]:84[84]|27747[27741]:27364[27364]:384[378]
16	611+3117	0	31150	1	20101at147550_5|scaffold513|+|1095|1.13635e-322|4|611|3727|611[611]:1120[1120]:510[510]|1185[1185]:2156[2156]:972[972]|2212[2236]:2646[2646]:435[411]|2831[2831]:3727[3727]:897[897]
16	5230+537	0	40714	1	106887at147550_2|scaffold513|+|124|2.297e-30|1|5230|5766|5230[5230]:5766[5766]:537[537]
18	56851+2547	0	4903	1	36819at147550_8|scaffold577|+|350|2.13e-98|1|56851|59397|56851[56851]:59397[59397]:2547[2547]
18	50700+4208	0	5081	1	40674at147550_6|scaffold577|+|984|2.988e-289|4|50700|54907|50700[50700]:50888[50888]:189[189]|50928[50940]:51017[51017]:90[78]|51076[51076]:54201[54201]:3126[3126]|54281[54284]:54907[54907]:627[624]
18	4561+3738	0	5774	1	5069at147550_9|scaffold577|+|2007|0|4|4561|8298|4561[4561]:4608[4608]:48[48]|4676[4691]:4816[4816]:141[126]|4889[4889]:7978[7978]:3090[3090]|8035[8038]:8298[8298]:264[261]
18	47515-4754	0	9577	-1	35141at147550_3|scaffold577|-|1207|0|5|42762|47515|47515[47515]:47366[47366]:150[150]|47266[47266]:47105[47105]:162[162]|47065[47053]:46454[46454]:612[600]|46398[46398]:45985[45985]:414[414]|44471[44471]:42762[42762]:1710[1710]
18	29324-3144	0	11589	-1	11912at147550_7|scaffold577|-|1435|0|4|26181|29324|29324[29324]:29046[29046]:279[279]|28982[28982]:28551[28551]:432[432]|28518[28479]:27331[27331]:1188[1149]|27281[27275]:26181[26181]:1101[1095]
18	67341+2304	0	12517	1	26461at147550_9|scaffold577|+|868|2.483e-254|4|67341|69644|67341[67341]:67556[67556]:216[216]|67646[67646]:68101[68101]:456[456]|68137[68173]:68355[68355]:219[183]|68406[68409]:69644[69644]:1239[1236]
18	16582+2312	0	14349	1	24712at147550_3|scaffold577|+|542|3.394e-156|4|16582|18893|16582[16582]:16788[16788]:207[207]|16849[16849]:17577[17577]:729[729]|17726[17729]:18544[18544]:819[816]|18702[18702]:18893[18893]:192[192]
18	20310+1797	0	22080	1	64546at147550_6|scaffold577|+|516|2.278e-148|2|20310|22106|20310[20310]:20378[20378]:69[69]|20799[20799]:22106[22106]:1308[1308]
18	72367-1111	0	25864	-1	48769at147550_0|scaffold577|-|678|3.896e-197|3|71257|72367|72367[72367]:71633[71633]:735[735]|71576[71576]:71505[71505]:72[72]|71442[71442]:71257[71257]:186[186]
18	79616-2533	0	27302	-1	7459at147550_6|scaffold577|-|1347|0|3|77084|79616|79616[79616]:79515[79515]:102[102]|79323[79323]:78865[78865]:459[459]|78790[78790]:77084[77084]:1707[1707]
18	83635-1379	0	29154	-1	51498at147550_8|scaffold577|-|674|6.234e-196|6|82257|83635|83635[83635]:83480[83480]:156[156]|83426[83390]:83079[83079]:348[312]|83013[83013]:82888[82888]:126[126]|82832[82832]:82704[82704]:129[129]|82654[82651]:82415[82415]:240[237]|82352[82352]:82257[82257]:96[96]
18	25460-2705	0	33589	-1	12681at147550_4|scaffold577|-|1297|0|2|22756|25460|25460[25460]:25389[25389]:72[72]|25311[25311]:22756[22756]:2556[2556]
740	15069-1914	0	2864	-1	27991at147550_6|scaffold322|-|829|1.365e-242|1|13156|15069|15069[15069]:13156[13156]:1914[1914]
740	180829-2842	0	5561	-1	15580at147550_7|scaffold322|-|1219|0|3|177988|180829|180829[180829]:178841[178841]:1989[1989]|178718[178718]:178203[178203]:516[516]|178035[178026]:177988[177988]:48[39]
740	185534+1435	0	5757	1	44104at147550_5|scaffold322|+|735|2.703e-214|4|185534|186968|185534[185534]:185647[185647]:114[114]|185722[185728]:186411[186411]:690[684]|186456[186465]:186785[186785]:330[321]|186834[186840]:186968[186968]:135[129]
740	217225-1649	0	6461	-1	65614at147550_9|scaffold322|-|368|8.127e-104|2|215577|217225|217225[217225]:216623[216623]:603[603]|216527[216512]:215577[215577]:951[936]
740	209346-2355	0	6939	-1	15100at147550_5|scaffold322|-|1035|1.327e-304|1|206992|209346|209346[209346]:206992[206992]:2355[2355]
740	12177-840	0	9015	-1	74680at147550_1|scaffold322|-|128|1.436e-31|1|11338|12177|12177[12177]:11338[11338]:840[840]
740	127209+1044	0	9228	1	27007at147550|scaffold322|+|141|1.753e-35|1|127209|128252|127209[127209]:128252[128252]:1044[1044]
740	165541+2058	0	9344	1	22883at147550_9|scaffold322|+|975|1.53e-286|1|165541|167598|165541[165541]:167598[167598]:2058[2058]
740	160251-1877	0	12368	-1	41827at147550_6|scaffold322|-|783|9.605e-229|3|158375|160251|160251[160251]:159829[159829]:423[423]|159754[159751]:158813[158813]:942[939]|158728[158725]:158375[158375]:354[351]
740	203793-333	0	13273	-1	107270at147550_1|scaffold322|-|140|3.506e-35|2|203461|203793|203793[203793]:203605[203605]:189[189]|203523[203517]:203461[203461]:63[57]
740	172967+930	0	14645	1	80915at147550_0|scaffold322|+|407|1.478e-115|1|172967|173896|172967[172967]:173896[173896]:930[930]
740	60697+1121	0	15370	1	6062at147550_4|scaffold322|+|147|2.739e-37|2|60697|61817|60697[60697]:61146[61146]:450[450]|61275[61275]:61817[61817]:543[543]
740	218535+660	0	21268	1	92586at147550_9|scaffold322|+|240|2.765e-65|1|218535|219194|218535[218535]:219194[219194]:660[660]
740	212204+1468	0	21472	1	42557at147550_3|scaffold322|+|790|7.504e-231|3|212204|213671|212204[212204]:212461[212461]:258[258]|212517[212523]:212987[212987]:471[465]|213036[213042]:213671[213671]:636[630]
740	34307+768	0	23766	1	81695at147550_5|scaffold322|+|386|3.1e-109|1|34307|35074|34307[34307]:35074[35074]:768[768]
740	32697-597	0	25133	-1	98745at147550_4|scaffold322|-|186|4.982e-49|3|32101|32697|32697[32697]:32566[32566]:132[132]|32486[32486]:32313[32313]:174[174]|32244[32238]:32101[32101]:144[138]
740	36337+1810	0	30931	1	105927at147550_9|scaffold322|+|194|1.946e-51|2|36337|38146|36337[36337]:36795[36795]:459[459]|36896[36896]:38146[38146]:1251[1251]
740	204360+1404	0	36526	1	63914at147550_6|scaffold322|+|429|3.525e-122|1|204360|205763|204360[204360]:205763[205763]:1404[1404]
740	221244+1182	0	38744	1	32578at147550_2|scaffold322|+|246|4.321e-67|1|221244|222425|221244[221244]:222425[222425]:1182[1182]
740	174652-515	0	39756	-1	94229at147550_7|scaffold322|-|218|1.16e-58|2|174138|174652|174652[174652]:174305[174305]:348[348]|174239[174239]:174138[174138]:102[102]
740	169610-726	0	39819	-1	99582at147550_7|scaffold322|-|278|1.006e-76|1|168885|169610|169610[169610]:168885[168885]:726[726]
740	239281+2847	0	41208	1	10916at147550_6|scaffold322|+|1100|4.94066e-324|2|239281|242127|239281[239281]:240777[240777]:1497[1497]|240925[240925]:242127[242127]:1203[1203]
741	29546+2012	0	1654	1	57558at147550_6|scaffold354|+|477|1.252e-136|2|29546|31557|29546[29546]:30700[30700]:1155[1155]|30733[30751]:31557[31557]:825[807]
741	42125-795	0	2900	-1	105372at147550_9|scaffold354|-|265|8.242e-73|1|41331|42125|42125[42125]:41331[41331]:795[795]
741	26186-714	0	7995	-1	87812at147550_7|scaffold354|-|267|2.06e-73|2|25473|26186|26186[26186]:25878[25878]:309[309]|25814[25790]:25473[25473]:342[318]
741	35990+177	0	12435	1	110555at147550_8|scaffold354|+|87|3.158e-19|1|35990|36166|35990[35990]:36166[36166]:177[177]
741	19761-986	0	12485	-1	55504at147550_2|scaffold354|-|495|4.777e-142|2|18776|19761|19761[19761]:19576[19576]:186[186]|19510[19510]:18776[18776]:735[735]
741	37620+2884	0	19959	1	45730at147550_2|scaffold354|+|777|6.147e-227|2|37620|40503|37620[37620]:39581[39581]:1962[1962]|39643[39646]:40503[40503]:861[858]
741	78+1101	0	21889	1	72808at147550_7|scaffold354|+|571|6.322e-165|1|78|1178|78[78]:1178[1178]:1101[1101]
741	34952-1206	0	28301	-1	110886at147550_1|scaffold354|-|129|7.18e-32|1|33747|34952|34952[34952]:33747[33747]:1206[1206]
741	28557-734	0	33738	-1	86449at147550_3|scaffold354|-|279|5.03e-77|2|27824|28557|28557[28557]:28285[28285]:273[273]|28222[28213]:27824[27824]:399[390]
741	26603+1090	0	36317	1	86858at147550_8|scaffold354|+|444|1.076e-126|4|26603|27692|26603[26603]:26647[26647]:45[45]|26704[26713]:26751[26751]:48[39]|26802[26805]:27173[27173]:372[369]|27237[27249]:27692[27692]:456[444]
741	21161+3477	0	37122	1	17536at147550_1|scaffold354|+|314|1.464e-87|2|21161|24637|21161[21161]:21742[21742]:582[582]|21842[21848]:24637[24637]:2796[2790]
741	8967+3671	0	40796	1	40033at147550_8|scaffold354|+|786|1.201e-229|5|8967|12637|8967[8967]:9086[9086]:120[120]|9281[9281]:10003[10003]:723[723]|11181[11217]:11369[11369]:189[153]|11466[11466]:11852[11852]:387[387]|11948[11948]:12637[12637]:690[690]
742	12716+1146	0	26804	1	25738at147550_5|scaffold386|+|44|2.777e-06|1|12716|13861|12716[12716]:13861[13861]:1146[1146]
743	65792+285	0	4415	1	99060at147550_2|scaffold418|+|82|1.01e-17|1|65792|66076|65792[65792]:66076[66076]:285[285]
744	36986-1214	0	960	-1	72116at147550_3|scaffold450|-|491|7.643e-141|2|35773|36986|36986[36986]:36759[36759]:228[228]|36648[36645]:35773[35773]:876[873]
744	3039-904	0	20653	-1	91327at147550_2|scaffold450|-|242|6.914e-66|3|2136|3039|3039[3039]:2788[2788]:252[252]|2645[2645]:2433[2433]:213[213]|2282[2258]:2136[2136]:147[123]
744	4305+1291	0	23863	1	75376at147550_7|scaffold450|+|528|5.561e-152|3|4305|5595|4305[4305]:4736[4736]:432[432]|4983[4983]:5183[5183]:201[201]|5269[5281]:5595[5595]:327[315]
744	7548-348	0	27181	-1	101240at147550_3|scaffold450|-|56|6.781e-10|1|7201|7548|7548[7548]:7201[7201]:348[348]
744	26163+637	0	30516	1	82795at147550_7|scaffold450|+|223|3.625e-60|2|26163|26799|26163[26163]:26648[26648]:486[486]|26719[26725]:26799[26799]:81[75]
744	34249+1131	0	31589	1	76432at147550_4|scaffold450|+|332|5.585e-93|1|34249|35379|34249[34249]:35379[35379]:1131[1131]
744	10649+1788	0	32445	1	34851at147550_8|scaffold450|+|902|1.445e-264|3|10649|12436|10649[10649]:10726[10726]:78[78]|10794[10794]:12131[12131]:1338[1338]|12176[12185]:12436[12436]:261[252]
746	3730+386	0	3116	1	108187at147550_5|scaffold514|+|144|2.191e-36|2|3730|4115|3730[3730]:3912[3912]:183[183]|4017[4017]:4115[4115]:99[99]
746	5313-477	0	8605	-1	106380at147550_2|scaffold514|-|153|4.279e-39|1|4837|5313|5313[5313]:4837[4837]:477[477]
746	2480-1275	0	19326	-1	83935at147550_9|scaffold514|-|351|1.065e-98|4|1206|2480|2480[2480]:2337[2337]:144[144]|1997[1997]:1830[1830]:168[168]|1765[1765]:1703[1703]:63[63]|1649[1646]:1206[1206]:444[441]
747	15398+1257	0	15297	1	59015at147550_4|scaffold546|+|575|3.951e-166|1|15398|16654|15398[15398]:16654[16654]:1257[1257]
747	19276-1981	0	29217	-1	47362at147550_2|scaffold546|-|375|6.349e-106|4|17296|19276|19276[19276]:19211[19211]:66[66]|19092[19092]:18763[18763]:330[330]|18399[18399]:17539[17539]:861[861]|17490[17484]:17296[17296]:195[189]
748	39154-1056	0	8090	-1	22772at147550_5|scaffold578|-|252|6.752e-69|1|38099|39154|39154[39154]:38099[38099]:1056[1056]
748	85+198	0	25316	1	104882at147550_8|scaffold578|+|54|2.712e-09|1|85|282|85[85]:282[282]:198[198]
748	30095+2832	0	26956	1	7321at147550_2|scaffold578|+|774|4.918e-226|5|30095|32926|30095[30095]:31558[31558]:1464[1464]|31614[31620]:32027[32027]:414[408]|32118[32121]:32258[32258]:141[138]|32314[32314]:32700[32700]:387[387]|32762[32762]:32926[32926]:165[165]
748	3605-2814	0	30551	-1	6579at147550_4|scaffold578|-|1285|0|5|792|3605|3605[3605]:3450[3450]:156[156]|3378[3378]:2986[2986]:393[393]|2932[2893]:2777[2777]:156[117]|2691[2691]:2536[2536]:156[156]|2486[2477]:792[792]:1695[1686]
748	9037-2705	0	30722	-1	25738at147550_8|scaffold578|-|1018|1.74e-299|6|6333|9037|9037[9037]:8936[8936]:102[102]|8857[8854]:8297[8297]:561[558]|8253[8220]:7747[7747]:507[474]|7590[7590]:6676[6676]:915[915]|6594[6594]:6472[6472]:123[123]|6431[6404]:6333[6333]:99[72]
748	19822+1386	0	32625	1	54556at147550_1|scaffold578|+|158|1.337e-40|1|19822|21207|19822[19822]:21207[21207]:1386[1386]
748	59298-7040	0	34580	-1	349at147550_3|scaffold578|-|3974|0|4|52259|59298|59298[59298]:59095[59095]:204[204]|59027[59015]:58761[58761]:267[255]|58688[58688]:53838[53838]:4851[4851]|53788[53779]:52259[52259]:1530[1521]
10948	11715-2682	0	25203	-1	41696at147550_9|scaffold240|-|847|5.207e-248|1|9034|11715|11715[11715]:9034[9034]:2682[2682]
10948	18129+3147	0	35162	1	7599at147550_8|scaffold240|+|1382|0|1|18129|21275|18129[18129]:21275[21275]:3147[3147]
12422	7082+1611	0	1639	1	25381at147550_6|scaffold754|+|800|7.328e-234|4|7082|8692|7082[7082]:7204[7204]:123[123]|7282[7282]:7548[7548]:267[267]|7605[7611]:7898[7898]:294[288]|7964[7964]:8692[8692]:729[729]
12422	2298-903	0	27383	-1	85457at147550_7|scaffold754|-|294|1.535e-81|2|1396|2298|2298[2298]:1909[1909]:390[390]|1842[1842]:1396[1396]:447[447]
12423	15175-1308	0	766	-1	58219at147550_2|scaffold786|-|612|2.875e-177|3|13868|15175|15175[15175]:15125[15125]:51[51]|14925[14925]:14386[14386]:540[540]|14335[14329]:13868[13868]:468[462]
12423	6419+522	0	22013	1	106901at147550_8|scaffold786|+|145|1.096e-36|2|6419|6940|6419[6419]:6616[6616]:198[198]|6734[6734]:6940[6940]:207[207]
12423	27868-3194	0	34108	-1	21626at147550_3|scaffold786|-|888|2.368e-260|2|24675|27868|27868[27868]:25082[25082]:2787[2787]|25001[25001]:24675[24675]:327[327]
12425	2856+504	0	3906	1	74280at147550_5|scaffold850|+|44|2.777e-06|1|2856|3359|2856[2856]:3359[3359]:504[504]
8037	2460+990	0	36567	1	39565at147550_2|scaffold396|+|119|7.352e-29|1|2460|3449|2460[2460]:3449[3449]:990[990]
8038	9292-3021	0	9872	-1	10526at147550_8|scaffold428|-|1313|0|2|6272|9292|9292[9292]:9212[9212]:81[81]|9139[9133]:6272[6272]:2868[2862]
8038	21693+4227	0	17823	1	2765at147550_3|scaffold428|+|1903|0|2|21693|25919|21693[21693]:21890[21890]:198[198]|21969[21975]:25919[25919]:3951[3945]
8038	18919-1730	0	21617	-1	49284at147550_9|scaffold428|-|746|1.32e-217|4|17190|18919|18919[18919]:18623[18623]:297[297]|18581[18566]:18420[18420]:162[147]|18361[18361]:17831[17831]:531[531]|17771[17771]:17190[17190]:582[582]
8038	15223+830	0	37378	1	86257at147550_8|scaffold428|+|306|3.748e-85|2|15223|16052|15223[15223]:15345[15345]:123[123]|15432[15441]:16052[16052]:621[612]
8038	5673-1187	0	40660	-1	79039at147550_2|scaffold428|-|379|3.968e-107|3|4487|5673|5673[5673]:5239[5239]:435[435]|5141[5117]:5001[5001]:141[117]|4930[4888]:4487[4487]:444[402]
18981	16687-1784	0	1167	-1	23893at147550_3|scaffold699|-|651|5.229e-189|2|14904|16687|16687[16687]:16532[16532]:156[156]|16490[16475]:14904[14904]:1587[1572]
18981	17487+3462	0	10097	1	11073at147550_8|scaffold699|+|999|9.12e-294|2|17487|20948|17487[17487]:20795[20795]:3309[3309]|20853[20853]:20948[20948]:96[96]
18981	28306+1790	0	13666	1	71771at147550_7|scaffold699|+|595|3.768e-172|7|28306|30095|28306[28306]:28536[28536]:231[231]|28577[28607]:28636[28636]:60[30]|28828[28828]:28926[28926]:99[99]|28971[28977]:29141[29141]:171[165]|29194[29197]:29250[29250]:57[54]|29317[29323]:29766[29766]:450[444]|29817[29820]:30095[30095]:279[276]
18981	32770-510	0	16166	-1	108884at147550_5|scaffold699|-|121|1.838e-29|2|32261|32770|32770[32770]:32684[32684]:87[87]|32563[32563]:32261[32261]:303[303]
18981	50583-942	0	17537	-1	104922at147550_6|scaffold699|-|383|2.48e-108|1|49642|50583|50583[50583]:49642[49642]:942[942]
18981	37127+1230	0	20746	1	35704at147550_4|scaffold699|+|169|6.53e-44|1|37127|38356|37127[37127]:38356[38356]:1230[1230]
18981	4968-1020	0	27212	-1	99703at147550_6|scaffold699|-|229|5.664e-62|4|3949|4968|4968[4968]:4804[4804]:165[165]|4762[4750]:4310[4310]:453[441]|4238[4238]:4098[4098]:141[141]|4032[4029]:3949[3949]:84[81]
18981	22143-751	0	28151	-1	92355at147550_2|scaffold699|-|337|1.745e-94|2|21393|22143|22143[22143]:21793[21793]:351[351]|21722[21719]:21393[21393]:330[327]
18981	46295+3208	0	36880	1	20519at147550_9|scaffold699|+|1293|0|6|46295|49502|46295[46295]:46363[46363]:69[69]|46426[46426]:46758[46758]:333[333]|46837[46840]:48474[48474]:1638[1635]|48704[48704]:48781[48781]:78[78]|48836[48836]:48994[48994]:159[159]|49155[49155]:49502[49502]:348[348]
18982	29663+1302	0	4429	1	42825at147550_6|scaffold731|+|681|4.87e-198|1|29663|30964|29663[29663]:30964[30964]:1302[1302]
18982	28688-1728	0	31661	-1	33851at147550_5|scaffold731|-|660|1.021e-191|1|26961|28688|28688[28688]:26961[26961]:1728[1728]
18983	17795-1073	0	5195	-1	73293at147550_2|scaffold763|-|453|2.101e-129|2|16723|17795|17795[17795]:16869[16869]:927[927]|16812[16797]:16723[16723]:90[75]
18983	82882+1928	0	6404	1	22834at147550_1|scaffold763|+|667|7.979e-194|6|82882|84809|82882[82882]:83037[83037]:156[156]|83095[83101]:83286[83286]:192[186]|83302[83347]:83688[83688]:387[342]|83739[83742]:83864[83864]:126[123]|83888[83906]:84613[84613]:726[708]|84672[84675]:84809[84809]:138[135]
18983	105979+466	0	14605	1	109068at147550_9|scaffold763|+|177|2.551e-46|2|105979|106444|105979[105979]:106095[106095]:117[117]|106253[106253]:106444[106444]:192[192]
18983	47600-769	0	16333	-1	88276at147550_4|scaffold763|-|309|4.685e-86|2|46832|47600|47600[47600]:46959[46959]:642[642]|46921[46903]:46832[46832]:90[72]
18983	43268-2778	0	24964	-1	52058at147550_2|scaffold763|-|934|3.365e-274|1|40491|43268|43268[43268]:40491[40491]:2778[2778]
18983	44636+1656	0	25694	1	66525at147550_9|scaffold763|+|357|1.664e-100|1|44636|46291|44636[44636]:46291[46291]:1656[1656]
18983	107600-393	0	25774	-1	80358at147550_0|scaffold763|-|59|8.476e-11|1|107208|107600|107600[107600]:107208[107208]:393[393]
18983	75068-972	0	26364	-1	87343at147550_8|scaffold763|-|315|7.32e-88|1|74097|75068|75068[75068]:74097[74097]:972[972]
18983	92987-2809	0	27769	-1	32998at147550_6|scaffold763|-|703|1.161e-204|2|90179|92987|92987[92987]:91524[91524]:1464[1464]|91384[91384]:90179[90179]:1206[1206]
18983	48729+752	0	31267	1	93523at147550_1|scaffold763|+|264|1.648e-72|3|48729|49480|48729[48729]:48956[48956]:228[228]|49120[49120]:49251[49251]:132[132]|49331[49331]:49480[49480]:150[150]
18983	66940+930	0	33601	1	83084at147550_8|scaffold763|+|440|1.721e-125|2|66940|67869|66940[66940]:67308[67308]:369[369]|67381[67384]:67869[67869]:489[486]
18983	70345-1479	0	33824	-1	57351at147550_0|scaffold763|-|560|1.295e-161|4|68867|70345|70345[70345]:70262[70262]:84[84]|70145[70136]:70017[70017]:129[120]|69972[69954]:69877[69877]:96[78]|69625[69625]:68867[68867]:759[759]
18983	3945-2636	0	35229	-1	12579at147550_3|scaffold763|-|1287|0|5|1310|3945|3945[3945]:3658[3658]:288[288]|3463[3463]:3164[3164]:300[300]|3120[3093]:3013[3013]:108[81]|2956[2950]:1580[1580]:1377[1371]|1504[1504]:1310[1310]:195[195]
18983	72440+1165	0	36636	1	77803at147550|scaffold763|+|312|5.856e-87|3|72440|73604|72440[72440]:72520[72520]:81[81]|72601[72601]:72963[72963]:363[363]|73038[73050]:73604[73604]:567[555]
18983	14022+1661	0	37372	1	29400at147550_6|scaffold763|+|819|1.398e-239|3|14022|15682|14022[14022]:14117[14117]:96[96]|14191[14191]:14268[14268]:78[78]|14327[14330]:15682[15682]:1356[1353]
18984	21242-999	0	9028	-1	49746at147550_2|scaffold795|-|256|4.22e-70|1|20244|21242|21242[21242]:20244[20244]:999[999]
18984	25606+1029	0	12356	1	103219at147550_8|scaffold795|+|253|3.376e-69|3|25606|26634|25606[25606]:25725[25725]:120[120]|26217[26217]:26465[26465]:249[249]|26545[26560]:26634[26634]:90[75]
18984	33624-3489	0	34893	-1	43948at147550_1|scaffold795|-|329|4.468e-92|2|30136|33624|33624[33624]:33346[33346]:279[279]|33252[33252]:30136[30136]:3117[3117]
18984	34987+1220	0	35593	1	68550at147550_8|scaffold795|+|523|1.779e-150|2|34987|36206|34987[34987]:36102[36102]:1116[1116]|36159[36168]:36206[36206]:48[39]
18984	16188+10447	0	39715	1	95545at147550_5|scaffold795|+|495|4.777e-142|5|16188|26634|16188[16188]:16397[16397]:210[210]|16444[16483]:17163[17163]:720[681]|25642[25642]:25725[25725]:84[84]|26217[26217]:26465[26465]:249[249]|26545[26560]:26634[26634]:90[75]
19685	308-231	0	22391	-1	88302at147550_8|C179952|-|116|5.881e-28|1|78|308|308[308]:78[78]:231[231]
19689	327298-923	0	853	-1	86650at147550_1|scaffold28|-|444|1.076e-126|2|326376|327298|327298[327298]:326978[326978]:321[321]|326891[326882]:326376[326376]:516[507]
19689	90964-1065	0	1929	-1	28802at147550_6|scaffold28|-|169|6.53e-44|1|89900|90964|90964[90964]:89900[89900]:1065[1065]
19689	74371-2082	0	2249	-1	23247at147550_8|scaffold28|-|1017|3.479e-299|1|72290|74371|74371[74371]:72290[72290]:2082[2082]
19689	312709+840	0	2856	1	71400at147550_0|scaffold28|+|69|8.277e-14|1|312709|313548|312709[312709]:313548[313548]:840[840]
19689	147811-495	0	2889	-1	34845at147550_7|scaffold28|-|68|1.655e-13|1|147317|147811|147811[147811]:147317[147317]:495[495]
19689	349736-578	0	3373	-1	97346at147550_8|scaffold28|-|279|5.03e-77|2|349159|349736|349736[349736]:349578[349578]:159[159]|349497[349497]:349159[349159]:339[339]
19689	279787-3271	0	3803	-1	7242at147550_6|scaffold28|-|1389|0|3|276517|279787|279787[279787]:279485[279485]:303[303]|279419[279416]:277254[277254]:2166[2163]|277209[277191]:276517[276517]:693[675]
19689	98032-2019	0	4358	-1	19249at147550_9|scaffold28|-|1106|0|3|96014|98032|98032[98032]:97916[97916]:117[117]|97858[97843]:97607[97607]:252[237]|97546[97546]:96014[96014]:1533[1533]
19689	170917+1847	0	4478	1	52024at147550_8|scaffold28|+|871|3.103e-255|3|170917|172763|170917[170917]:171576[171576]:660[660]|171635[171644]:172279[172279]:645[636]|172305[172350]:172763[172763]:459[414]
19689	99884+6818	0	5430	1	6444at147550_0|scaffold28|+|1715|0|4|99884|106701|99884[99884]:100345[100345]:462[462]|101822[101822]:102598[102598]:777[777]|102656[102659]:103252[103252]:597[594]|103612[103615]:106701[106701]:3090[3087]
19689	269437-1413	0	5670	-1	52429at147550_5|scaffold28|-|627|8.773e-182|2|268025|269437|269437[269437]:268940[268940]:498[498]|268873[268873]:268025[268025]:849[849]
19689	169430-1206	0	5709	-1	51393at147550_4|scaffold28|-|483|1.956e-138|1|168225|169430|169430[169430]:168225[168225]:1206[1206]
19689	239519-916	0	11872	-1	50224at147550|scaffold28|-|177|2.551e-46|2|238604|239519|239519[239519]:239037[239037]:483[483]|238954[238954]:238604[238604]:351[351]
19689	120479+701	0	11885	1	87472at147550_2|scaffold28|+|347|1.704e-97|2|120479|121179|120479[120479]:120745[120745]:267[267]|120835[120835]:121179[121179]:345[345]
19689	48981-1398	0	12747	-1	72808at147550_0|scaffold28|-|143|4.382e-36|1|47584|48981|48981[48981]:47584[47584]:1398[1398]
19689	80038-949	0	15467	-1	88470at147550_5|scaffold28|-|389|3.875e-110|2|79090|80038|80038[80038]:79607[79607]:432[432]|79527[79524]:79090[79090]:438[435]
19689	280818+1530	0	16706	1	40244at147550_1|scaffold28|+|656|1.634e-190|1|280818|282347|280818[280818]:282347[282347]:1530[1530]
19689	347009+1428	0	17108	1	32319at147550_4|scaffold28|+|724|5.537e-211|1|347009|348436|347009[347009]:348436[348436]:1428[1428]
19689	174290+2917	0	17309	1	16008at147550_4|scaffold28|+|1050|4.05e-309|2|174290|177206|174290[174290]:176536[176536]:2247[2247]|176598[176598]:177206[177206]:609[609]
19689	290341-2169	0	17977	-1	17285at147550_6|scaffold28|-|885|1.894e-259|2|288173|290341|290341[290341]:289322[289322]:1020[1020]|289249[289249]:288173[288173]:1077[1077]
19689	81174+1278	0	19226	1	57350at147550_9|scaffold28|+|526|2.224e-151|2|81174|82451|81174[81174]:81326[81326]:153[153]|81507[81507]:82451[82451]:945[945]
19689	130254+3189	0	24081	1	18116at147550_9|scaffold28|+|1291|0|1|130254|133442|130254[130254]:133442[133442]:3189[3189]
19689	323821-1414	0	24282	-1	81933at147550_4|scaffold28|-|331|1.117e-92|3|322408|323821|323821[323821]:323711[323711]:111[111]|323641[323641]:323543[323543]:99[99]|323454[323451]:322408[322408]:1047[1044]
19689	75158+1172	0	28782	1	72464at147550|scaffold28|+|427|1.41e-121|4|75158|76329|75158[75158]:75448[75448]:291[291]|75522[75522]:75701[75701]:180[180]|75756[75759]:76088[76088]:333[330]|76138[76147]:76329[76329]:192[183]
19689	345222-969	0	31096	-1	81553at147550_0|scaffold28|-|327|1.787e-91|1|344254|345222|345222[345222]:344254[344254]:969[969]
19689	158608+1296	0	35083	1	44265at147550_8|scaffold28|+|168|1.306e-43|1|158608|159903|158608[158608]:159903[159903]:1296[1296]
19689	324460+1604	0	35258	1	46251at147550_5|scaffold28|+|595|3.768e-172|2|324460|326063|324460[324460]:324612[324612]:153[153]|324714[324717]:326063[326063]:1350[1347]
19689	272155+1710	0	36479	1	86537at147550_1|scaffold28|+|302|5.997e-84|1|272155|273864|272155[272155]:273864[273864]:1710[1710]
19689	269806+1974	0	38431	1	29568at147550_8|scaffold28|+|1003|5.7e-295|1|269806|271779|269806[269806]:271779[271779]:1974[1974]
19689	243395-1958	0	39990	-1	55806at147550_0|scaffold28|-|726|1.384e-211|2|241438|243395|243395[243395]:241959[241959]:1437[1437]|241899[241899]:241438[241438]:462[462]
12399	41858-1886	0	2760	-1	57745at147550_1|scaffold18|-|851|3.254e-249|2|39973|41858|41858[41858]:40125[40125]:1734[1734]|40065[40065]:39973[39973]:93[93]
12399	9815+2825	0	6896	1	21008at147550_6|scaffold18|+|952|1.284e-279|3|9815|12639|9815[9815]:9895[9895]:81[81]|9974[9980]:10759[10759]:786[780]|11038[11038]:12639[12639]:1602[1602]
12399	8094-723	0	11723	-1	57315at147550_9|scaffold18|-|125|1.149e-30|1|7372|8094|8094[8094]:7372[7372]:723[723]
12399	25693-1497	0	18640	-1	64876at147550_5|scaffold18|-|615|3.594e-178|2|24197|25693|25693[25693]:25247[25247]:447[447]|25174[25171]:24197[24197]:978[975]
12399	17849+2058	0	20892	1	41254at147550_4|scaffold18|+|661|5.107e-192|1|17849|19906|17849[17849]:19906[19906]:2058[2058]
12399	15788-1731	0	24453	-1	49958at147550_9|scaffold18|-|636|1.714e-184|1|14058|15788|15788[15788]:14058[14058]:1731[1731]
12399	26481+1484	0	34489	1	47360at147550_7|scaffold18|+|626|1.755e-181|3|26481|27964|26481[26481]:26999[26999]:519[519]|27038[27059]:27496[27496]:459[438]|27527[27569]:27964[27964]:438[396]
13150	1598+2892	0	30325	1	23866at147550_8|scaffold723|+|1342|0|3|1598|4489|1598[1598]:1783[1783]:186[186]|1834[1852]:2472[2472]:639[621]|2537[2543]:4489[4489]:1953[1947]
13150	8771+1514	0	38544	1	92473at147550_9|scaffold723|+|248|1.08e-67|2|8771|10284|8771[8771]:9496[9496]:726[726]|9526[9526]:10284[10284]:759[759]
13152	972-956	0	786	-1	70235at147550_9|scaffold787|-|390|1.938e-110|2|17|972|972[972]:703[703]:270[270]|625[604]:17[17]:609[588]
6589	1233+906	0	3348	1	75649at147550_5|scaffold714|+|391|9.688e-111|1|1233|2138|1233[1233]:2138[2138]:906[906]
6589	18990+1220	0	3562	1	93845at147550_3|scaffold714|+|274|1.61e-75|2|18990|20209|18990[18990]:19115[19115]:126[126]|19778[19796]:20209[20209]:432[414]
6589	422-423	0	12533	-1	86126at147550_2|scaffold714|-|162|8.358e-42|2|0|422|422[422]:372[372]:51[51]|278[263]:0[0]:279[264]
6589	16984+1003	0	14733	1	67150at147550_4|scaffold714|+|563|1.618e-162|2|16984|17986|16984[16984]:17064[17064]:81[81]|17126[17129]:17986[17986]:861[858]
6589	29862-2329	0	18360	-1	32578at147550|scaffold714|-|258|1.055e-70|3|27534|29862|29862[29862]:29254[29254]:609[609]|29177[29177]:28602[28602]:576[576]|27647[27647]:27534[27534]:114[114]
6589	57928+897	0	25634	1	62877at147550_9|scaffold714|+|187|2.491e-49|2|57928|58824|57928[57928]:58023[58023]:96[96]|58117[58147]:58824[58824]:708[678]
6589	14704-618	0	35423	-1	98764at147550_2|scaffold714|-|191|1.557e-50|1|14087|14704|14704[14704]:14087[14087]:618[618]
6589	37279+1583	0	37949	1	66089at147550|scaffold714|+|654|6.537e-190|2|37279|38861|37279[37279]:37956[37956]:678[678]|37992[38007]:38861[38861]:870[855]
6589	23490-2149	0	41410	-1	23847at147550_2|scaffold714|-|739|1.69e-215|3|21342|23490|23490[23490]:23242[23242]:249[249]|23115[23106]:21727[21727]:1389[1380]|21704[21704]:21342[21342]:363[363]
8025	161669+1110	0	2175	1	74339at147550_2|scaffold12|+|332|5.585e-93|2|161669|162778|161669[161669]:161773[161773]:105[105]|161906[161906]:162778[162778]:873[873]
8025	52795+3663	0	3764	1	6492at147550_3|scaffold12|+|1162|0|2|52795|56457|52795[52795]:53067[53067]:273[273]|53209[53212]:56457[56457]:3249[3246]
8025	19890-885	0	4922	-1	53755at147550_6|scaffold12|-|115|1.176e-27|1|19006|19890|19890[19890]:19006[19006]:885[885]
8025	95881-3110	0	8349	-1	7275at147550_7|scaffold12|-|1584|0|3|92772|95881|95881[95881]:95660[95660]:222[222]|95562[95550]:92941[92941]:2622[2610]|92852[92852]:92772[92772]:81[81]
8025	30159-1685	0	10997	-1	64312at147550_1|scaffold12|-|302|5.997e-84|3|28475|30159|30159[30159]:30019[30019]:141[141]|29672[29672]:29565[29565]:108[108]|29476[29476]:28475[28475]:1002[1002]
8025	178947-874	0	12606	-1	96379at147550_3|scaffold12|-|304|1.499e-84|3|178074|178947|178947[178947]:178843[178843]:105[105]|178620[178620]:178354[178354]:267[267]|178238[178238]:178074[178074]:165[165]
8025	147153-604	0	19719	-1	102498at147550_4|scaffold12|-|222|7.249e-60|3|146550|147153|147153[147153]:146824[146824]:330[330]|146756[146753]:146670[146670]:87[84]|146594[146588]:146550[146550]:45[39]
8025	127110+1626	0	21225	1	34105at147550_3|scaffold12|+|413|2.31e-117|4|127110|128735|127110[127110]:127493[127493]:384[384]|127507[127549]:127674[127674]:168[126]|127769[127769]:128116[128116]:348[348]|128181[128184]:128735[128735]:555[552]
8025	109871+4211	0	24533	1	4919at147550_9|scaffold12|+|1878|0|3|109871|114081|109871[109871]:110209[110209]:339[339]|110273[110276]:113728[113728]:3456[3453]|113785[113791]:114081[114081]:297[291]
8025	83522+1298	0	26110	1	59394at147550_6|scaffold12|+|599|2.355e-173|3|83522|84819|83522[83522]:83713[83713]:192[192]|83775[83778]:84590[84590]:816[813]|84646[84646]:84819[84819]:174[174]
8025	134436+3594	0	27111	1	45068at147550_7|scaffold12|+|835|2.133e-244|1|134436|138029|134436[134436]:138029[138029]:3594[3594]
8025	78474-3952	0	27322	-1	29562at147550_6|scaffold12|-|1324|0|7|74523|78474|78474[78474]:78367[78367]:108[108]|78270[78270]:77971[77971]:300[300]|77947[77905]:77666[77666]:282[240]|77627[77612]:76491[76491]:1137[1122]|76446[76437]:76354[76354]:93[84]|75766[75766]:75575[75575]:192[192]|75497[75488]:74523[74523]:975[966]
8025	40074-4068	0	27562	-1	22939at147550_6|scaffold12|-|1679|0|2|36007|40074|40074[40074]:39295[39295]:780[780]|39228[39228]:36007[36007]:3222[3222]
8025	78471-2118	0	28628	-1	29562at147550_7|scaffold12|-|864|3.972e-253|5|76354|78471|78471[78471]:78367[78367]:105[105]|78270[78270]:77971[77971]:300[300]|77947[77905]:77666[77666]:282[240]|77627[77612]:76491[76491]:1137[1122]|76446[76437]:76354[76354]:93[84]
8025	143528-1402	0	29472	-1	68791at147550_3|scaffold12|-|464|1.026e-132|2|142127|143528|143528[143528]:143010[143010]:519[519]|142900[142900]:142127[142127]:774[774]
8025	169885-1831	0	31050	-1	27253at147550_9|scaffold12|-|936|8.412e-275|5|168055|169885|169885[169885]:169556[169556]:330[330]|169492[169489]:169091[169091]:402[399]|169020[169020]:168937[168937]:84[84]|168874[168874]:168461[168461]:414[414]|168396[168396]:168055[168055]:342[342]
8025	164963+2001	0	34190	1	25065at147550_9|scaffold12|+|282|6.288e-78|4|164963|166963|164963[164963]:165022[165022]:60[60]|165209[165215]:165319[165319]:111[105]|165489[165492]:165734[165734]:246[243]|166070[166070]:166963[166963]:894[894]
8025	214182+1950	0	38046	1	55056at147550_6|scaffold12|+|670|9.974e-195|2|214182|216131|214182[214182]:215117[215117]:936[936]|215160[215187]:216131[216131]:972[945]
8025	97828-963	0	38518	-1	28358at147550_6|scaffold12|-|214|1.856e-57|3|96866|97828|97828[97828]:97487[97487]:342[342]|97417[97417]:97322[97322]:96[96]|97261[97258]:96866[96866]:396[393]
8025	61842+1285	0	38852	1	84613at147550_0|scaffold12|+|503|1.866e-144|2|61842|63126|61842[61842]:62834[62834]:993[993]|62887[62899]:63126[63126]:240[228]
8025	27373+514	0	39553	1	97442at147550_5|scaffold12|+|241|1.383e-65|2|27373|27886|27373[27373]:27459[27459]:87[87]|27578[27581]:27886[27886]:309[306]
8025	125439-2899	0	40816	-1	15342at147550_0|scaffold12|-|766|1.259e-223|2|122541|125439|125439[125439]:125242[125242]:198[198]|125195[125189]:122541[122541]:2655[2649]
8025	82058-2168	0	41682	-1	30589at147550_5|scaffold12|-|818|2.795e-239|2|79891|82058|82058[82058]:80286[80286]:1773[1773]|80217[80217]:79891[79891]:327[327]
8026	58830+796	0	1160	1	96650at147550_9|scaffold44|+|379|3.968e-107|2|58830|59625|58830[58830]:59378[59378]:549[549]|59416[59416]:59625[59625]:210[210]
8026	115006-492	0	3096	-1	107682at147550_0|scaffold44|-|159|6.686e-41|1|114515|115006|115006[115006]:114515[114515]:492[492]
8026	78729-986	0	5530	-1	76812at147550_3|scaffold44|-|348|8.522e-98|4|77744|78729|78729[78729]:78532[78532]:198[198]|78430[78430]:78245[78245]:186[186]|78149[78149]:78012[78012]:138[138]|77980[77941]:77744[77744]:237[198]
8026	48563+2299	0	17801	1	30800at147550_9|scaffold44|+|790|7.504e-231|3|48563|50861|48563[48563]:49453[49453]:891[891]|49553[49553]:49903[49903]:351[351]|50019[50019]:50861[50861]:843[843]
8026	113638-1175	0	18046	-1	50794at147550_1|scaffold44|-|662|2.553e-192|2|112464|113638|113638[113638]:113525[113525]:114[114]|113441[113429]:112464[112464]:978[966]
8026	831+1676	0	21216	1	17332at147550_5|scaffold44|+|347|1.704e-97|2|831|2506|831[831]:2306[2306]:1476[1476]|2387[2390]:2506[2506]:120[117]
8026	27855-896	0	23900	-1	90054at147550_4|scaffold44|-|266|4.121e-73|2|26960|27855|27855[27855]:27388[27388]:468[468]|27322[27322]:26960[26960]:363[363]
8026	109485+762	0	25852	1	78456at147550_6|scaffold44|+|389|3.875e-110|1|109485|110246|109485[109485]:110246[110246]:762[762]
8026	62722-2100	0	26685	-1	81919at147550_5|scaffold44|-|308|9.37e-86|3|60623|62722|62722[62722]:62360[62360]:363[363]|62271[62253]:61897[61897]:375[357]|61834[61834]:60623[60623]:1212[1212]
8026	32268-3327	0	33620	-1	22758at147550_0|scaffold44|-|1090|3.68573e-321|6|28942|32268|32268[32268]:31522[31522]:747[747]|31416[31416]:31309[31309]:108[108]|31264[31264]:30314[30314]:951[951]|30245[30245]:29961[29961]:285[285]|29920[29905]:29786[29786]:135[120]|29712[29712]:28942[28942]:771[771]
8026	33404+1994	0	34460	1	59911at147550_9|scaffold44|+|553|1.657e-159|2|33404|35397|33404[33404]:33712[33712]:309[309]|33982[33985]:35397[35397]:1416[1413]
8026	92490+2981	0	37921	1	43726at147550|scaffold44|+|1109|0|2|92490|95470|92490[92490]:94310[94310]:1821[1821]|94511[94511]:95470[95470]:960[960]
8027	19619-1985	0	1094	-1	18067at147550_2|scaffold76|-|1007|3.563e-296|2|17635|19619|19619[19619]:19413[19413]:207[207]|19389[19350]:17635[17635]:1755[1716]
8027	72+414	0	4477	1	92558at147550_6|scaffold76|+|201|1.52e-53|1|72|485|72[72]:485[485]:414[414]
8027	2403-1176	0	6312	-1	65702at147550_2|scaffold76|-|376|3.175e-106|1|1228|2403|2403[2403]:1228[1228]:1176[1176]
8027	36567-4396	0	15575	-1	5446at147550_9|scaffold76|-|822|1.747e-240|4|32172|36567|36567[36567]:36355[36355]:213[213]|36223[36223]:35075[35075]:1149[1149]|35036[35024]:34500[34500]:537[525]|34415[34415]:32172[32172]:2244[2244]
8027	55086-474	0	17942	-1	85406at147550_6|scaffold76|-|36|0.000711|1|54613|55086|55086[55086]:54613[54613]:474[474]
8027	4625+2536	0	19759	1	21748at147550_6|scaffold76|+|1095|1.13635e-322|3|4625|7160|4625[4625]:4690[4690]:66[66]|4888[4888]:6825[6825]:1938[1938]|6873[6885]:7160[7160]:288[276]
8027	60753-2061	0	21166	-1	34129at147550_7|scaffold76|-|567|1.011e-163|1|58693|60753|60753[60753]:58693[58693]:2061[2061]
8027	63934-1179	0	21171	-1	53369at147550_7|scaffold76|-|644|6.693e-187|1|62756|63934|63934[63934]:62756[62756]:1179[1179]
8027	38474+1134	0	37437	1	79107at147550_9|scaffold76|+|403|2.365e-114|1|38474|39607|38474[38474]:39607[39607]:1134[1134]
8027	42386-2234	0	39260	-1	23135at147550|scaffold76|-|829|1.365e-242|3|40153|42386|42386[42386]:41886[41886]:501[501]|41773[41773]:41375[41375]:399[399]|41349[41316]:40153[40153]:1197[1164]
8028	5357+1350	0	686	1	40045at147550_1|scaffold108|+|844|4.165e-247|1|5357|6706|5357[5357]:6706[6706]:1350[1350]
8028	121891+1638	0	2119	1	46553at147550_7|scaffold108|+|534|8.689e-154|1|121891|123528|121891[121891]:123528[123528]:1638[1638]
8028	98073+1787	0	4600	1	26559at147550_4|scaffold108|+|910|5.645e-267|3|98073|99859|98073[98073]:98927[98927]:855[855]|98998[98998]:99534[99534]:537[537]|99599[99599]:99859[99859]:261[261]
8028	60265-1394	0	6077	-1	59885at147550_3|scaffold108|-|575|3.951e-166|4|58872|60265|60265[60265]:60089[60089]:177[177]|59866[59866]:59738[59738]:129[129]|59608[59608]:59522[59522]:87[87]|59459[59459]:58872[58872]:588[588]
8028	128892-1785	0	9941	-1	31559at147550_5|scaffold108|-|938|2.103e-275|1|127108|128892|128892[128892]:127108[127108]:1785[1785]
8028	56745+858	0	13887	1	83607at147550_4|scaffold108|+|409|3.696e-116|3|56745|57602|56745[56745]:57005[57005]:261[261]|57090[57090]:57365[57365]:276[276]|57429[57435]:57602[57602]:174[168]
8028	12603-834	0	13930	-1	70935at147550_3|scaffold108|-|477|1.252e-136|1|11770|12603|12603[12603]:11770[11770]:834[834]
8028	60730+1704	0	17434	1	18429at147550_4|scaffold108|+|1086|5.8942e-320|1|60730|62433|60730[60730]:62433[62433]:1704[1704]
8028	41329-1191	0	17854	-1	84615at147550_5|scaffold108|-|415|5.775e-118|1|40139|41329|41329[41329]:40139[40139]:1191[1191]
8028	111784+4889	0	21385	1	5443at147550_9|scaffold108|+|1327|0|2|111784|116672|111784[111784]:116295[116295]:4512[4512]|116415[116415]:116672[116672]:258[258]
8028	93476+1593	0	23543	1	53917at147550|scaffold108|+|655|3.268e-190|3|93476|95068|93476[93476]:93715[93715]:240[240]|93780[93789]:94040[94040]:261[252]|94133[94148]:95068[95068]:936[921]
8028	39177+469	0	25584	1	106689at147550_7|scaffold108|+|74|2.587e-15|2|39177|39645|39177[39177]:39266[39266]:90[90]|39448[39448]:39645[39645]:198[198]
8028	43405+2079	0	26282	1	26846at147550_7|scaffold108|+|836|1.066e-244|4|43405|45483|43405[43405]:44103[44103]:699[699]|44182[44197]:44931[44931]:750[735]|44979[44988]:45125[45125]:147[138]|45172[45211]:45483[45483]:312[273]
8028	141707-2938	0	28426	-1	7477at147550_6|scaffold108|-|1451|0|3|138770|141707|141707[141707]:141603[141603]:105[105]|141546[141543]:138886[138886]:2661[2658]|138868[138841]:138770[138770]:99[72]
8028	34209-942	0	29940	-1	86847at147550_8|scaffold108|-|378|7.936e-107|1|33268|34209|34209[34209]:33268[33268]:942[942]
8028	55297-951	0	34024	-1	41805at147550|scaffold108|-|317|1.83e-88|2|54347|55297|55297[55297]:54881[54881]:417[417]|54808[54808]:54347[54347]:462[462]
8028	75349+1680	0	34312	1	22907at147550_7|scaffold108|+|878|2.425e-257|1|75349|77028|75349[75349]:77028[77028]:1680[1680]
8028	31178-904	0	34567	-1	89681at147550_3|scaffold108|-|378|7.936e-107|4|30275|31178|31178[31178]:31023[31023]:156[156]|30904[30904]:30848[30848]:57[57]|30783[30780]:30517[30517]:267[264]|30412[30403]:30275[30275]:138[129]
8028	15520+986	0	36840	1	46366at147550_3|scaffold108|+|71|2.069e-14|2|15520|16505|15520[15520]:16086[16086]:567[567]|16233[16233]:16505[16505]:273[273]
8029	166748-908	0	2009	-1	81462at147550_4|scaffold140|-|498|5.971e-143|2|165841|166748|166748[166748]:166674[166674]:75[75]|166605[166602]:165841[165841]:765[762]
8029	161307+819	0	6034	1	107306at147550_4|scaffold140|+|57|3.39e-10|1|161307|162125|161307[161307]:162125[162125]:819[819]
8029	39230-1206	0	11181	-1	67990at147550_5|scaffold140|-|617|8.984e-179|1|38025|39230|39230[39230]:38025[38025]:1206[1206]
8029	127762-2142	0	12873	-1	38017at147550_5|scaffold140|-|704|5.806e-205|1|125621|127762|127762[127762]:125621[125621]:2142[2142]
8029	86374-1043	0	14341	-1	89706at147550_7|scaffold140|-|336|3.49e-94|2|85332|86374|86374[86374]:85805[85805]:570[570]|85712[85712]:85332[85332]:381[381]
8029	152397+1482	0	17354	1	48357at147550_4|scaffold140|+|699|1.858e-203|4|152397|153878|152397[152397]:152462[152462]:66[66]|152563[152563]:152784[152784]:222[222]|152822[152864]:153397[153397]:576[534]|153459[153459]:153878[153878]:420[420]
8029	114926+1197	0	18298	1	22772at147550|scaffold140|+|183|3.985e-48|2|114926|116122|114926[114926]:115726[115726]:801[801]|116018[116018]:116122[116122]:105[105]
8029	159375-1521	0	19283	-1	17285at147550_7|scaffold140|-|422|4.511e-120|1|157855|159375|159375[159375]:157855[157855]:1521[1521]
8029	98001-2898	0	19302	-1	13759at147550_6|scaffold140|-|1057|3.164e-311|1|95104|98001|98001[98001]:95104[95104]:2898[2898]
8029	60189+3274	0	24531	1	21629at147550_5|scaffold140|+|1008|1.781e-296|4|60189|63462|60189[60189]:60428[60428]:240[240]|60532[60544]:61077[61077]:546[534]|61118[61133]:61891[61891]:774[759]|61951[61951]:63462[63462]:1512[1512]
8029	31084-1554	0	24668	-1	30956at147550_5|scaffold140|-|409|3.696e-116|1|29531|31084|31084[31084]:29531[29531]:1554[1554]
8029	4635+1038	0	29112	1	55695at147550_4|scaffold140|+|224|1.812e-60|2|4635|5672|4635[4635]:5486[5486]:852[852]|5556[5577]:5672[5672]:117[96]
8029	69852+1539	0	30054	1	34845at147550|scaffold140|+|220|2.9e-59|3|69852|71390|69852[69852]:69938[69938]:87[87]|70110[70110]:70478[70478]:369[369]|70548[70557]:71390[71390]:843[834]
8029	32570+4248	0	30165	1	2841at147550_8|scaffold140|+|1409|0|1|32570|36817|32570[32570]:36817[36817]:4248[4248]
8029	109604+3630	0	35135	1	3220at147550_1|scaffold140|+|1003|5.7e-295|1|109604|113233|109604[109604]:113233[113233]:3630[3630]
8029	23850-4192	0	37542	-1	2986at147550_1|scaffold140|-|1573|0|2|19659|23850|23850[23850]:20173[20173]:3678[3678]|20084[20084]:19659[19659]:426[426]
8029	40144+2625	0	39158	1	16155at147550_2|scaffold140|+|1061|1.978e-312|3|40144|42768|40144[40144]:40911[40911]:768[768]|40964[40964]:42622[42622]:1659[1659]|42661[42688]:42768[42768]:108[81]
8029	56996-2397	0	41051	-1	42886at147550_6|scaffold140|-|1075|1.207e-316|4|54600|56996|56996[56996]:56886[56886]:111[111]|56833[56824]:56594[56594]:240[231]|56520[56520]:55918[55918]:603[603]|55859[55850]:54600[54600]:1260[1251]
13860	141092+2841	0	263	1	64808at147550_9|scaffold116|+|972|1.224e-285|1|141092|143932|141092[141092]:143932[143932]:2841[2841]
13860	24119-1379	0	283	-1	54109at147550_9|scaffold116|-|534|8.689e-154|2|22741|24119|24119[24119]:23847[23847]:273[273]|23751[23742]:22741[22741]:1011[1002]
13860	145577+252	0	1555	1	94396at147550_9|scaffold116|+|71|2.069e-14|1|145577|145828|145577[145577]:145828[145828]:252[252]
13860	29079-4015	0	2544	-1	34960at147550_8|scaffold116|-|1371|0|2|25065|29079|29079[29079]:28876[28876]:204[204]|28796[28793]:25065[25065]:3732[3729]
13860	134804-678	0	2609	-1	93310at147550_2|scaffold116|-|171|1.632e-44|1|134127|134804|134804[134804]:134127[134127]:678[678]
13860	148845+1841	0	4759	1	67815at147550_5|scaffold116|+|673|1.247e-195|2|148845|150685|148845[148845]:149324[149324]:480[480]|149378[149387]:150685[150685]:1308[1299]
13860	212589-3030	0	6841	-1	7634at147550_4|scaffold116|-|1497|0|1|209560|212589|212589[212589]:209560[209560]:3030[3030]
13860	167065+863	0	7240	1	87266at147550_2|scaffold116|+|333|2.792e-93|3|167065|167927|167065[167065]:167115[167115]:51[51]|167245[167245]:167316[167316]:72[72]|167526[167526]:167927[167927]:402[402]
13860	109089+799	0	7815	1	86866at147550_0|scaffold116|+|358|8.322e-101|2|109089|109887|109089[109089]:109241[109241]:153[153]|109417[109432]:109887[109887]:471[456]
13860	128514-3037	0	15094	-1	15369at147550_8|scaffold116|-|1261|0|2|125478|128514|128514[128514]:126832[126832]:1683[1683]|126773[126770]:125478[125478]:1296[1293]
13860	207300-1610	0	17049	-1	79435at147550|scaffold116|-|425|5.639e-121|2|205691|207300|207300[207300]:207169[207169]:132[132]|207103[207100]:205691[205691]:1413[1410]
13860	7468-1292	0	17110	-1	49627at147550_8|scaffold116|-|601|5.888e-174|2|6177|7468|7468[7468]:7322[7322]:147[147]|7259[7256]:6177[6177]:1083[1080]
13860	184515-4161	0	18530	-1	4794at147550_6|scaffold116|-|1849|0|3|180355|184515|184515[184515]:183574[183574]:942[942]|183522[183519]:181996[181996]:1527[1524]|181941[181941]:180355[180355]:1587[1587]
13860	18496+3675	0	18762	1	9271at147550_8|scaffold116|+|1511|0|3|18496|22170|18496[18496]:19494[19494]:999[999]|19631[19649]:19981[19981]:351[333]|20029[20035]:22170[22170]:2142[2136]
13860	147818-1128	0	19009	-1	52848at147550_5|scaffold116|-|560|1.295e-161|1|146691|147818|147818[147818]:146691[146691]:1128[1128]
13860	75711+357	0	20888	1	106859at147550_6|scaffold116|+|154|2.14e-39|2|75711|76067|75711[75711]:75833[75833]:123[123]|75951[75969]:76067[76067]:117[99]
13860	201350-1035	0	22002	-1	57998at147550_6|scaffold116|-|444|1.076e-126|2|200316|201350|201350[201350]:200541[200541]:810[810]|200534[200534]:200316[200316]:219[219]
13860	186051+2314	0	22046	1	23427at147550_3|scaffold116|+|944|3.286e-277|4|186051|188364|186051[186051]:186122[186122]:72[72]|186194[186194]:186514[186514]:321[321]|186946[186946]:188151[188151]:1206[1206]|188212[188212]:188364[188364]:153[153]
13860	16450+1384	0	23273	1	37154at147550_1|scaffold116|+|797|5.862e-233|2|16450|17833|16450[16450]:16578[16578]:129[129]|16640[16646]:17833[17833]:1194[1188]
13860	208118+723	0	23964	1	81032at147550_3|scaffold116|+|379|3.968e-107|1|208118|208840|208118[208118]:208840[208840]:723[723]
13860	204436+622	0	26217	1	106694at147550|scaffold116|+|193|3.892e-51|4|204436|205057|204436[204436]:204495[204495]:60[60]|204611[204611]:204712[204712]:102[102]|204820[204826]:204909[204909]:90[84]|204977[204983]:205057[205057]:81[75]
13860	5539-1326	0	29541	-1	62018at147550_0|scaffold116|-|584|7.717e-169|3|4214|5539|5539[5539]:5324[5324]:216[216]|5280[5250]:4426[4426]:855[825]|4384[4372]:4214[4214]:171[159]
13860	164136-3685	0	29831	-1	2545at147550_2|scaffold116|-|2044|0|2|160452|164136|164136[164136]:163669[163669]:468[468]|163613[163607]:160452[160452]:3162[3156]
13860	107138-1355	0	30638	-1	90222at147550_8|scaffold116|-|257|2.11e-70|4|105784|107138|107138[107138]:107085[107085]:54[54]|106530[106530]:106414[106414]:117[117]|106336[106336]:106127[106127]:210[210]|106035[105993]:105784[105784]:252[210]
13860	12843+1845	0	34129	1	38341at147550_5|scaffold116|+|817|5.591e-239|1|12843|14687|12843[12843]:14687[14687]:1845[1845]
13860	154553+1656	0	34611	1	35768at147550_5|scaffold116|+|670|9.974e-195|1|154553|156208|154553[154553]:156208[156208]:1656[1656]
13860	114445+1769	0	35942	1	56100at147550_4|scaffold116|+|525|4.449e-151|4|114445|116213|114445[114445]:114558[114558]:114[114]|114771[114771]:115073[115073]:303[303]|115276[115276]:115719[115719]:444[444]|115794[115794]:116213[116213]:420[420]
13860	197813-938	0	37920	-1	77430at147550|scaffold116|-|462|4.103e-132|3|196876|197813|197813[197813]:197451[197451]:363[363]|197391[197346]:197263[197263]:129[84]|197187[197187]:196876[196876]:312[312]
13860	132817-2907	0	38303	-1	9383at147550_3|scaffold116|-|1324|0|5|129911|132817|132817[132817]:132764[132764]:54[54]|132697[132697]:132161[132161]:537[537]|132107[132107]:131454[131454]:654[654]|131403[131400]:130042[130042]:1362[1359]|129991[129991]:129911[129911]:81[81]
13860	136535-428	0	39083	-1	110587at147550_7|scaffold116|-|148|1.369e-37|2|136108|136535|136535[136535]:136335[136335]:201[201]|136248[136239]:136108[136108]:141[132]
13860	118844-837	0	40080	-1	98864at147550_0|scaffold116|-|285|7.86e-79|3|118008|118844|118844[118844]:118755[118755]:90[90]|118527[118527]:118243[118243]:285[285]|118151[118151]:118008[118008]:144[144]
13860	49167+4654	0	41291	1	23714at147550_1|scaffold116|+|1322|0|4|49167|53820|49167[49167]:51095[51095]:1929[1929]|51136[51154]:51441[51441]:306[288]|52310[52310]:52459[52459]:150[150]|52510[52540]:53820[53820]:1311[1281]
13861	120381+801	0	2217	1	85671at147550_3|scaffold148|+|287|1.965e-79|1|120381|121181|120381[120381]:121181[121181]:801[801]
13861	31942-451	0	9564	-1	103304at147550_3|scaffold148|-|203|3.801e-54|2|31492|31942|31942[31942]:31676[31676]:267[267]|31569[31569]:31492[31492]:78[78]
13861	52639-2566	0	12167	-1	7411at147550_7|scaffold148|-|251|1.35e-68|2|50074|52639|52639[52639]:51170[51170]:1470[1470]|50592[50592]:50074[50074]:519[519]
13861	92463+1744	0	13270	1	88877at147550_5|scaffold148|+|409|3.696e-116|2|92463|94206|92463[92463]:93233[93233]:771[771]|93310[93322]:94206[94206]:897[885]
13861	127103+1487	0	15345	1	46781at147550_4|scaffold148|+|704|5.806e-205|2|127103|128589|127103[127103]:127183[127183]:81[81]|127276[127282]:128589[128589]:1314[1308]
13861	46472+2417	0	16555	1	36098at147550_8|scaffold148|+|881|3.031e-258|3|46472|48888|46472[46472]:47341[47341]:870[870]|47410[47410]:48381[48381]:972[972]|48448[48451]:48888[48888]:441[438]
13861	34413+7730	0	19348	1	1869at147550_4|scaffold148|+|2368|0|7|34413|42142|34413[34413]:34988[34988]:576[576]|34995[35040]:35582[35582]:588[543]|36042[36042]:37178[37178]:1137[1137]|37533[37533]:38780[38780]:1248[1248]|38843[38846]:39316[39316]:474[471]|39379[39379]:39861[39861]:483[483]|39869[39914]:42142[42142]:2274[2229]
13861	150039-2145	0	23032	-1	60080at147550_7|scaffold148|-|498|5.971e-143|4|147895|150039|150039[150039]:149959[149959]:81[81]|149862[149856]:148855[148855]:1008[1002]|148635[148602]:148426[148426]:210[177]|148227[148224]:147895[147895]:333[330]
13861	16967-2292	0	27284	-1	11366at147550_5|scaffold148|-|1266|0|1|14676|16967|16967[16967]:14676[14676]:2292[2292]
13861	145076+2143	0	30999	1	70642at147550_6|scaffold148|+|469|3.206e-134|2|145076|147218|145076[145076]:145357[145357]:282[282]|145458[145464]:147218[147218]:1761[1755]
13861	133107+1287	0	32736	1	67089at147550|scaffold148|+|542|3.394e-156|2|133107|134393|133107[133107]:133925[133925]:819[819]|133992[133998]:134393[134393]:402[396]
13861	119478-1830	0	37098	-1	27205at147550_3|scaffold148|-|961|2.507e-282|2|117649|119478|119478[119478]:118039[118039]:1440[1440]|117978[117978]:117649[117649]:330[330]
13861	18164+2054	0	40689	1	62770at147550_5|scaffold148|+|500|1.493e-143|2|18164|20217|18164[18164]:18373[18373]:210[210]|18547[18547]:20217[20217]:1671[1671]
13861	7387+832	0	40862	1	102451at147550_2|scaffold148|+|302|5.997e-84|3|7387|8218|7387[7387]:7632[7632]:246[246]|7764[7767]:7823[7823]:60[57]|7898[7898]:8218[8218]:321[321]
13861	116701-1932	0	41453	-1	27007at147550_0|scaffold148|-|662|2.553e-192|4|114770|116701|116701[116701]:116195[116195]:507[507]|116123[116120]:115650[115650]:474[471]|115569[115569]:115180[115180]:390[390]|115123[115108]:114770[114770]:354[339]
13864	8162-2584	0	14528	-1	20863at147550_8|scaffold244|-|1054|2.531e-310|2|5579|8162|8162[8162]:7785[7785]:378[378]|7750[7717]:5579[5579]:2172[2139]
13864	13068-1333	0	27295	-1	62606at147550_7|scaffold244|-|485|4.891e-139|2|11736|13068|13068[13068]:12976[12976]:93[93]|12899[12899]:11736[11736]:1164[1164]
13864	14373-650	0	41687	-1	91040at147550_5|scaffold244|-|310|2.342e-86|2|13724|14373|14373[14373]:14206[14206]:168[168]|14113[14113]:13724[13724]:390[390]
13866	127360+1175	0	917	1	76089at147550_6|scaffold308|+|551|6.629e-159|2|127360|128534|127360[127360]:127473[127473]:114[114]|127554[127557]:128534[128534]:981[978]
13866	145284+903	0	1922	1	88074at147550_2|scaffold308|+|334|1.396e-93|1|145284|146186|145284[145284]:146186[146186]:903[903]
13866	34589-1368	0	6095	-1	32578at147550_9|scaffold308|-|169|6.53e-44|1|33222|34589|34589[34589]:33222[33222]:1368[1368]
13866	98167-861	0	7436	-1	78236at147550_7|scaffold308|-|454|1.05e-129|1|97307|98167|98167[98167]:97307[97307]:861[861]
13866	107106+1311	0	9228	1	27007at147550|scaffold308|+|156|5.349e-40|1|107106|108416|107106[107106]:108416[108416]:1311[1311]
13866	126581-3816	0	12585	-1	97441at147550_1|scaffold308|-|1023|5.436e-301|6|122766|126581|126581[126581]:125184[125184]:1398[1398]|125122[125116]:124904[124904]:219[213]|123662[123662]:123444[123444]:219[219]|123367[123358]:123323[123323]:45[36]|123078[123072]:123031[123031]:48[42]|122936[122936]:122766[122766]:171[171]
13866	2642+1136	0	13431	1	34712at147550_1|scaffold308|+|175|1.02e-45|2|2642|3777|2642[2642]:2944[2944]:303[303]|3013[3013]:3777[3777]:765[765]
13866	12495+2097	0	17183	1	14954at147550_1|scaffold308|+|302|5.997e-84|1|12495|14591|12495[12495]:14591[14591]:2097[2097]
13866	55054-1700	0	17397	-1	47758at147550_3|scaffold308|-|729|1.73e-212|2|53355|55054|55054[55054]:53522[53522]:1533[1533]|53453[53447]:53355[53355]:99[93]
13866	103071-1232	0	18974	-1	87564at147550_1|scaffold308|-|338|8.726e-95|3|101840|103071|103071[103071]:102988[102988]:84[84]|102834[102834]:102322[102322]:513[513]|102166[102166]:101840[101840]:327[327]
13866	88649-564	0	21310	-1	53684at147550_6|scaffold308|-|235|8.849e-64|1|88086|88649|88649[88649]:88086[88086]:564[564]
13866	61957-2301	0	22616	-1	53684at147550_7|scaffold308|-|494|9.553e-142|1|59657|61957|61957[61957]:59657[59657]:2301[2301]
13866	151922-2766	0	23092	-1	12874at147550_7|scaffold308|-|1058|1.582e-311|1|149157|151922|151922[151922]:149157[149157]:2766[2766]
13866	93784+2493	0	23969	1	13803at147550_8|scaffold308|+|1294|0|4|93784|96276|93784[93784]:93867[93867]:84[84]|94057[94072]:94290[94290]:234[219]|94389[94398]:95984[95984]:1596[1587]|96049[96055]:96276[96276]:228[222]
13866	112815-3135	0	23997	-1	9220at147550_1|scaffold308|-|918|2.205e-269|1|109681|112815|112815[112815]:109681[109681]:3135[3135]
13866	77919+1307	0	27678	1	47551at147550_5|scaffold308|+|684|6.088e-199|4|77919|79225|77919[77919]:78122[78122]:204[204]|78201[78201]:78587[78587]:387[387]|78631[78640]:78780[78780]:150[141]|78827[78827]:79225[79225]:399[399]
13866	70045+1110	0	32423	1	71972at147550_4|scaffold308|+|455|5.252e-130|1|70045|71154|70045[70045]:71154[71154]:1110[1110]
13866	132398+663	0	32614	1	95501at147550_5|scaffold308|+|292|6.141e-81|2|132398|133060|132398[132398]:132766[132766]:369[369]|132833[132839]:133060[133060]:228[222]
13866	67055+1624	0	36524	1	32289at147550_2|scaffold308|+|404|1.183e-114|2|67055|68678|67055[67055]:67909[67909]:855[855]|68106[68106]:68678[68678]:573[573]
13866	98736+841	0	37964	1	106143at147550|scaffold308|+|182|7.971e-48|2|98736|99576|98736[98736]:98804[98804]:69[69]|99007[99007]:99576[99576]:570[570]
13866	119273-2562	0	38213	-1	11859at147550_6|scaffold308|-|1190|0|1|116712|119273|119273[119273]:116712[116712]:2562[2562]
13868	43467-5699	0	658	-1	39174at147550_7|scaffold372|-|985|1.494e-289|9|37769|43467|43467[43467]:43414[43414]:54[54]|43227[43224]:43087[43087]:141[138]|42992[42986]:42858[42858]:135[129]|42718[42718]:42638[42638]:81[81]|39457[39457]:39341[39341]:117[117]|39252[39249]:39079[39079]:174[171]|39028[39004]:38381[38381]:648[624]|38322[38319]:37924[37924]:399[396]|37870[37867]:37769[37769]:102[99]
13868	64226+324	0	1852	1	85792at147550_8|scaffold372|+|92|9.867e-21|1|64226|64549|64226[64226]:64549[64549]:324[324]
13868	30062+1557	0	3812	1	75516at147550_4|scaffold372|+|645|3.347e-187|4|30062|31618|30062[30062]:30109[30109]:48[48]|30234[30234]:30314[30314]:81[81]|30414[30414]:31139[31139]:726[726]|31196[31196]:31618[31618]:423[423]
13868	51818+10958	0	6779	1	78470at147550_3|scaffold372|+|982|1.195e-288|14|51818|62775|51818[51818]:51937[51937]:120[120]|52030[52030]:52095[52095]:66[66]|52146[52152]:52289[52289]:144[138]|52340[52340]:52384[52384]:45[45]|52535[52535]:52645[52645]:111[111]|52704[52704]:52772[52772]:69[69]|52828[52840]:52872[52872]:45[33]|52935[52938]:53018[53018]:84[81]|53073[53079]:53162[53162]:90[84]|53263[53293]:53367[53367]:105[75]|53620[53620]:53790[53790]:171[171]|54204[54204]:54407[54407]:204[204]|61950[61950]:62555[62555]:606[606]|62629[62638]:62775[62775]:147[138]
13868	61950+2615	0	14615	1	78470at147550_9|scaffold372|+|527|1.112e-151|4|61950|64564|61950[61950]:62555[62555]:606[606]|62629[62638]:62775[62775]:147[138]|63879[63879]:63950[63950]:72[72]|64223[64226]:64564[64564]:342[339]
13868	28300-1454	0	15254	-1	42573at147550_7|scaffold372|-|710|9.071e-207|2|26847|28300|28300[28300]:28004[28004]:297[297]|27974[27953]:26847[26847]:1128[1107]
13868	16468+1452	0	16576	1	67597at147550_0|scaffold372|+|532|3.475e-153|1|16468|17919|16468[16468]:17919[17919]:1452[1452]
13868	24825-5067	0	18486	-1	1645at147550_6|scaffold372|-|2629|0|5|19759|24825|24825[24825]:24691[24691]:135[135]|24485[24485]:20379[20379]:4107[4107]|20330[20324]:20250[20250]:81[75]|20206[20194]:19982[19982]:225[213]|19950[19914]:19759[19759]:192[156]
13868	43227-692	0	22145	-1	92705at147550_5|scaffold372|-|72|1.035e-14|2|42536|43227|43227[43227]:43042[43042]:186[186]|42712[42712]:42536[42536]:177[177]
13868	32533+727	0	34684	1	93709at147550_3|scaffold372|+|312|5.856e-87|3|32533|33259|32533[32533]:32724[32724]:192[192]|32830[32836]:32979[32979]:150[144]|33062[33065]:33259[33259]:198[195]
13868	14257-4670	0	37027	-1	11834at147550_4|scaffold372|-|1232|0|2|9588|14257|14257[14257]:13739[13739]:519[519]|13643[13643]:9588[9588]:4056[4056]
13869	36241+3208	0	4400	1	30969at147550_5|scaffold404|+|1084|2.35699e-319|3|36241|39448|36241[36241]:37440[37440]:1200[1200]|37510[37510]:38472[38472]:963[963]|38528[38528]:39448[39448]:921[921]
13869	20645+887	0	12031	1	60801at147550_4|scaffold404|+|366|3.251e-103|2|20645|21531|20645[20645]:20878[20878]:234[234]|20932[20947]:21531[21531]:600[585]
13869	28206-3374	0	13282	-1	10986at147550_9|scaffold404|-|1497|0|3|24833|28206|28206[28206]:26863[26863]:1344[1344]|26818[26809]:25157[25157]:1662[1653]|24943[24943]:24833[24833]:111[111]
13869	17566-1110	0	26255	-1	42590at147550_3|scaffold404|-|94|2.467e-21|1|16457|17566|17566[17566]:16457[16457]:1110[1110]
13869	41141-324	0	27449	-1	103384at147550|scaffold404|-|149|6.847e-38|1|40818|41141|41141[41141]:40818[40818]:324[324]
13869	30141+3064	0	35814	1	16303at147550_6|scaffold404|+|1330|0|2|30141|33204|30141[30141]:30293[30293]:153[153]|30385[30406]:33204[33204]:2820[2799]
19693	85316+993	0	10982	1	34675at147550_1|scaffold156|+|195|9.73e-52|1|85316|86308|85316[85316]:86308[86308]:993[993]
19693	75522+1392	0	11647	1	39180at147550_8|scaffold156|+|482|3.913e-138|1|75522|76913|75522[75522]:76913[76913]:1392[1392]
19693	60055+3032	0	12280	1	23674at147550_6|scaffold156|+|1040|4.147e-306|3|60055|63086|60055[60055]:60894[60894]:840[840]|61276[61276]:61836[61836]:561[561]|61932[61938]:63086[63086]:1155[1149]
19693	70688-3773	0	20564	-1	17436at147550_8|scaffold156|-|1336|0|3|66916|70688|70688[70688]:70416[70416]:273[273]|70363[70360]:68828[68828]:1536[1533]|68772[68772]:66916[66916]:1857[1857]
19693	65551-2124	0	32945	-1	37851at147550_6|scaffold156|-|715|2.835e-208|1|63428|65551|65551[65551]:63428[63428]:2124[2124]
19693	71776+1543	0	41651	1	66301at147550_8|scaffold156|+|366|3.251e-103|2|71776|73318|71776[71776]:72162[72162]:387[387]|72182[72221]:73318[73318]:1137[1098]
19694	36496+1536	0	3091	1	44134at147550_8|scaffold188|+|651|5.229e-189|1|36496|38031|36496[36496]:38031[38031]:1536[1536]
19694	26444+2541	0	14936	1	8782at147550_6|scaffold188|+|1248|0|3|26444|28984|26444[26444]:26647[26647]:204[204]|26702[26714]:28687[28687]:1986[1974]|28736[28769]:28984[28984]:249[216]
19694	47892+1438	0	22717	1	77604at147550_2|scaffold188|+|446|2.689e-127|2|47892|49329|47892[47892]:48098[48098]:207[207]|48301[48301]:49329[49329]:1029[1029]
19694	39461-462	0	23931	-1	101579at147550_6|scaffold188|-|222|7.249e-60|2|39000|39461|39461[39461]:39195[39195]:267[267]|39134[39122]:39000[39000]:135[123]
19694	44349+1911	0	25614	1	18283at147550_9|scaffold188|+|919|1.103e-269|1|44349|46259|44349[44349]:46259[46259]:1911[1911]
19694	32343-2741	0	31794	-1	11690at147550_3|scaffold188|-|1283|0|4|29603|32343|32343[32343]:32170[32170]:174[174]|32132[32090]:30732[30732]:1401[1359]|30666[30666]:30070[30070]:597[597]|30022[30007]:29603[29603]:420[405]
19694	19275+1698	0	36076	1	56545at147550_5|scaffold188|+|538|5.43e-155|4|19275|20972|19275[19275]:19409[19409]:135[135]|19459[19474]:19632[19632]:174[159]|19749[19752]:20264[20264]:516[513]|20325[20331]:20972[20972]:648[642]
19694	3122+2088	0	39714	1	37141at147550_3|scaffold188|+|831|3.412e-243|3|3122|5209|3122[3122]:3370[3370]:249[249]|3422[3422]:5098[5098]:1677[1677]|5150[5165]:5209[5209]:60[45]
19694	40189+920	0	41684	1	75736at147550_9|scaffold188|+|460|1.641e-131|2|40189|41108|40189[40189]:40299[40299]:111[111]|40434[40434]:41108[41108]:675[675]
19696	4440+555	0	8543	1	41139at147550_7|scaffold252|+|54|2.712e-09|1|4440|4994|4440[4440]:4994[4994]:555[555]
19696	37781-2080	0	8818	-1	34224at147550_5|scaffold252|-|808|2.862e-236|2|35702|37781|37781[37781]:37512[37512]:270[270]|37378[37375]:35702[35702]:1677[1674]
19696	51933-942	0	9276	-1	84164at147550_8|scaffold252|-|409|3.696e-116|3|50992|51933|51933[51933]:51835[51835]:99[99]|51759[51759]:51364[51364]:396[396]|51303[51303]:50992[50992]:312[312]
19696	38601+2128	0	17543	1	22585at147550_8|scaffold252|+|839|1.333e-245|2|38601|40728|38601[38601]:39068[39068]:468[468]|39127[39127]:40728[40728]:1602[1602]
19697	58180+1700	0	2755	1	95578at147550_1|scaffold284|+|365|6.502e-103|3|58180|59879|58180[58180]:58944[58944]:765[765]|58962[58989]:59072[59072]:111[84]|59109[59139]:59879[59879]:771[741]
19697	78154+1298	0	3596	1	80272at147550_5|scaffold284|+|284|1.572e-78|3|78154|79451|78154[78154]:78522[78522]:369[369]|78583[78583]:78834[78834]:252[252]|78879[78891]:79451[79451]:573[561]
19697	42778+1540	0	6156	1	80725at147550_9|scaffold284|+|345|6.817e-97|2|42778|44317|42778[42778]:42828[42828]:51[51]|43052[43052]:44317[44317]:1266[1266]
19697	56466-3150	0	9255	-1	78782at147550|scaffold284|-|1033|5.309e-304|4|53317|56466|56466[56466]:55294[55294]:1173[1173]|54248[54248]:54186[54186]:63[63]|54108[54108]:53950[53950]:159[159]|53871[53859]:53317[53317]:555[543]
19697	61209+5872	0	10893	1	2548at147550_7|scaffold284|+|2319|0|3|61209|67080|61209[61209]:61499[61499]:291[291]|61565[61574]:65503[65503]:3939[3930]|66721[66721]:67080[67080]:360[360]
19697	124021+3445	0	14607	1	20525at147550_3|scaffold284|+|270|2.576e-74|2|124021|127465|124021[124021]:124452[124452]:432[432]|124706[124706]:127465[127465]:2760[2760]
19697	33951-1688	0	15070	-1	40341at147550_6|scaffold284|-|657|8.171e-191|3|32264|33951|33951[33951]:32824[32824]:1128[1128]|32760[32739]:32569[32569]:192[171]|32461[32458]:32264[32264]:198[195]
19697	51044-990	0	16246	-1	51084at147550_5|scaffold284|-|263|3.297e-72|1|50055|51044|51044[51044]:50055[50055]:990[990]
19697	47683+346	0	19742	1	107007at147550_2|scaffold284|+|125|1.149e-30|2|47683|48028|47683[47683]:47796[47796]:114[114]|47867[47873]:48028[48028]:162[156]
19697	15932-1612	0	20053	-1	55782at147550_9|scaffold284|-|735|2.703e-214|2|14321|15932|15932[15932]:15660[15660]:273[273]|15586[15586]:14321[14321]:1266[1266]
19697	25642-5054	0	20096	-1	9272at147550_8|scaffold284|-|1378|0|2|20589|25642|25642[25642]:22700[22700]:2943[2943]|22649[22646]:20589[20589]:2061[2058]
19697	7879-1200	0	21380	-1	47743at147550_4|scaffold284|-|113|4.705e-27|1|6680|7879|7879[7879]:6680[6680]:1200[1200]
19697	47008-1482	0	25175	-1	60541at147550_0|scaffold284|-|624|7.019e-181|1|45527|47008|47008[47008]:45527[45527]:1482[1482]
19697	40147-925	0	28115	-1	93713at147550_6|scaffold284|-|289|4.912e-80|2|39223|40147|40147[40147]:39581[39581]:567[567]|39516[39516]:39223[39223]:294[294]
19697	121552-977	0	31002	-1	89030at147550_6|scaffold284|-|400|1.892e-113|2|120576|121552|121552[121552]:121112[121112]:441[441]|121007[121007]:120576[120576]:432[432]
19697	30994+768	0	34537	1	91065at147550_3|scaffold284|+|370|2.032e-104|1|30994|31761|30994[30994]:31761[31761]:768[768]
19697	35441+1842	0	35433	1	35665at147550_2|scaffold284|+|879|1.212e-257|2|35441|37282|35441[35441]:35569[35569]:129[129]|35609[35624]:37282[37282]:1674[1659]
19697	3117-2016	0	36450	-1	19333at147550_5|scaffold284|-|985|1.494e-289|1|1102|3117|3117[3117]:1102[1102]:2016[2016]
19697	29130-1100	0	38416	-1	76324at147550_8|scaffold284|-|407|1.478e-115|2|28031|29130|29130[29130]:28954[28954]:177[177]|28870[28870]:28031[28031]:840[840]
19698	52009-1759	0	187	-1	29116at147550_9|scaffold316|-|838|2.666e-245|2|50251|52009|52009[52009]:51845[51845]:165[165]|51741[51738]:50251[50251]:1491[1488]
19698	116404-1431	0	2403	-1	40085at147550_7|scaffold316|-|771|3.934e-225|1|114974|116404|116404[116404]:114974[114974]:1431[1431]
19698	34100-468	0	5644	-1	58492at147550_6|scaffold316|-|96|6.167e-22|1|33633|34100|34100[34100]:33633[33633]:468[468]
19698	60203+835	0	6076	1	93632at147550_8|scaffold316|+|321|1.144e-89|2|60203|61037|60203[60203]:60250[60250]:48[48]|60330[60339]:61037[61037]:708[699]
19698	65590+4268	0	7503	1	6662at147550_6|scaffold316|+|1910|0|4|65590|69857|65590[65590]:65727[65727]:138[138]|65855[65867]:68386[68386]:2532[2520]|68423[68438]:69763[69763]:1341[1326]|69804[69822]:69857[69857]:54[36]
19698	82406-3420	0	8899	-1	3396at147550_3|scaffold316|-|1900|0|3|78987|82406|82406[82406]:81645[81645]:762[762]|81600[81591]:79783[79783]:1818[1809]|79724[79724]:78987[78987]:738[738]
19698	172059+998	0	9529	1	37514at147550_3|scaffold316|+|185|9.964e-49|2|172059|173056|172059[172059]:172169[172169]:111[111]|172262[172262]:173056[173056]:795[795]
19698	34972+1217	0	9725	1	69109at147550_8|scaffold316|+|560|1.295e-161|2|34972|36188|34972[34972]:35130[35130]:159[159]|35181[35208]:36188[36188]:1008[981]
19698	144381+2132	0	11310	1	35470at147550_5|scaffold316|+|870|6.207e-255|3|144381|146512|144381[144381]:144503[144503]:123[123]|144542[144566]:145243[145243]:702[678]|145307[145307]:146512[146512]:1206[1206]
19698	102036-2518	0	12538	-1	35852at147550_2|scaffold316|-|801|3.664e-234|2|99519|102036|102036[102036]:101239[101239]:798[798]|100814[100814]:99519[99519]:1296[1296]
19698	89751-2892	0	13906	-1	14360at147550_2|scaffold316|-|1004|2.85e-295|3|86860|89751|89751[89751]:88234[88234]:1518[1518]|88184[88184]:88029[88029]:156[156]|87963[87963]:86860[86860]:1104[1104]
19698	141604+627	0	15673	1	96970at147550|scaffold316|+|309|4.685e-86|2|141604|142230|141604[141604]:141702[141702]:99[99]|141811[141817]:142230[142230]:420[414]
19698	24588-1164	0	16085	-1	72949at147550_0|scaffold316|-|247|2.161e-67|1|23425|24588|24588[24588]:23425[23425]:1164[1164]
19698	59650-1284	0	17825	-1	80012at147550_7|scaffold316|-|405|5.913e-115|4|58367|59650|59650[59650]:59324[59324]:327[327]|59241[59238]:59104[59104]:138[135]|59029[59020]:58868[58868]:162[153]|58624[58612]:58367[58367]:258[246]
19698	183932-1376	0	18643	-1	59380at147550_1|scaffold316|-|601|5.888e-174|5|182557|183932|183932[183932]:183297[183297]:636[636]|183245[183233]:183081[183081]:165[153]|183027[183009]:182911[182911]:117[99]|182859[182856]:182737[182737]:123[120]|182691[182685]:182557[182557]:135[129]
19698	189873+2463	0	19436	1	33813at147550_5|scaffold316|+|652|2.615e-189|1|189873|192335|189873[189873]:192335[192335]:2463[2463]
19698	143778-1126	0	20076	-1	59780at147550_7|scaffold316|-|604|7.36e-175|2|142653|143778|143778[143778]:143665[143665]:114[114]|143582[143573]:142653[142653]:930[921]
19698	194285+1445	0	22330	1	68091at147550_4|scaffold316|+|637|8.568e-185|3|194285|195729|194285[194285]:194494[194494]:210[210]|194753[194762]:194908[194908]:156[147]|194971[194974]:195729[195729]:759[756]
19698	167383+28272	0	23636	1	68091at147550_5|scaffold316|+|895|1.85e-262|4|167383|195654|167383[167383]:169944[169944]:2562[2562]|194246[194246]:194494[194494]:249[249]|194753[194762]:194908[194908]:156[147]|194971[194974]:195654[195654]:684[681]
19698	19264-1684	0	25656	-1	37091at147550_3|scaffold316|-|872|1.552e-255|4|17581|19264|19264[19264]:19079[19079]:186[186]|19015[19015]:18443[18443]:573[573]|18431[18386]:17802[17802]:630[585]|17745[17742]:17581[17581]:165[162]
19698	181070+668	0	26290	1	108752at147550_3|scaffold316|+|203|3.801e-54|2|181070|181737|181070[181070]:181396[181396]:327[327]|181423[181468]:181737[181737]:315[270]
19698	177441-1565	0	32609	-1	46186at147550_5|scaffold316|-|620|1.123e-179|3|175877|177441|177441[177441]:177025[177025]:417[417]|176957[176957]:176013[176013]:945[945]|175954[175954]:175877[175877]:78[78]
19698	117159+462	0	33496	1	98468at147550_7|scaffold316|+|166|5.224e-43|2|117159|117620|117159[117159]:117257[117257]:99[99]|117420[117432]:117620[117620]:201[189]
19698	77205-1593	0	33726	-1	44465at147550_9|scaffold316|-|816|1.118e-238|3|75613|77205|77205[77205]:76885[76885]:321[321]|76768[76768]:76064[76064]:705[705]|75948[75948]:75613[75613]:336[336]
19698	63005-1414	0	37080	-1	68123at147550_7|scaffold316|-|407|1.478e-115|2|61592|63005|63005[63005]:62433[62433]:573[573]|62377[62374]:61592[61592]:786[783]
19698	2312+1587	0	39568	1	48743at147550_8|scaffold316|+|173|4.081e-45|2|2312|3898|2312[2312]:2584[2584]:273[273]|2696[2696]:3898[3898]:1203[1203]
19698	174183-465	0	40187	-1	103235at147550_6|scaffold316|-|159|6.686e-41|1|173719|174183|174183[174183]:173719[173719]:465[465]
19698	131996-3404	0	40853	-1	9523at147550_4|scaffold316|-|1703|0|4|128593|131996|131996[131996]:131211[131211]:786[786]|131033[131030]:130671[130671]:363[360]|130629[130611]:129544[129544]:1086[1068]|129498[129489]:128593[128593]:906[897]
753	2478+3120	0	184	1	7769at147550_3|scaffold738|+|1243|0|3|2478|5597|2478[2478]:2528[2528]:51[51]|2620[2620]:2889[2889]:270[270]|2970[2970]:5597[5597]:2628[2628]
755	1022-219	0	22812	-1	104974at147550_2|scaffold802|-|90|3.947e-20|1|804|1022|1022[1022]:804[804]:219[219]
757	4580-4086	0	4363	-1	2548at147550_2|scaffold866|-|567|1.011e-163|1|495|4580|4580[4580]:495[495]:4086[4086]
757	11089-2076	0	18576	-1	2625at147550_9|scaffold866|-|106|6.023e-25|1|9014|11089|11089[11089]:9014[9014]:2076[2076]
2931	7142-841	0	8247	-1	106089at147550_0|scaffold357|-|232|7.08e-63|3|6302|7142|7142[7142]:7095[7095]:48[48]|6847[6841]:6740[6740]:108[102]|6595[6595]:6302[6302]:294[294]
2931	37460+1750	0	22560	1	23056at147550_2|scaffold357|+|1031|2.123e-303|3|37460|39209|37460[37460]:37513[37513]:54[54]|37579[37579]:38697[38697]:1119[1119]|38754[38757]:39209[39209]:456[453]
2931	45268+1788	0	24575	1	66607at147550_4|scaffold357|+|608|4.6e-176|2|45268|47055|45268[45268]:45408[45408]:141[141]|45499[45499]:47055[47055]:1557[1557]
2931	36757-2528	0	27645	-1	19770at147550_4|scaffold357|-|782|1.921e-228|3|34230|36757|36757[36757]:36449[36449]:309[309]|36353[36353]:35697[35697]:657[657]|35612[35612]:34230[34230]:1383[1383]
2931	13178-3954	0	28274	-1	7438at147550_7|scaffold357|-|1345|0|1|9225|13178|13178[13178]:9225[9225]:3954[3954]
2931	32935-2407	0	30822	-1	20761at147550_6|scaffold357|-|1178|0|5|30529|32935|32935[32935]:32795[32795]:141[141]|32671[32671]:32591[32591]:81[81]|32503[32494]:32390[32390]:114[105]|32265[32262]:30772[30772]:1494[1491]|30711[30708]:30529[30529]:183[180]
2931	3591-2890	0	34437	-1	65737at147550_6|scaffold357|-|782|1.921e-228|2|702|3591|3591[3591]:2731[2731]:861[861]|2642[2642]:702[702]:1941[1941]
2931	28165+1574	0	36942	1	74953at147550_5|scaffold357|+|594|7.536e-172|4|28165|29738|28165[28165]:28569[28569]:405[405]|28647[28647]:29096[29096]:450[450]|29177[29177]:29332[29332]:156[156]|29418[29427]:29738[29738]:321[312]
2931	44235-3985	0	38044	-1	7618at147550_2|scaffold357|-|1288|0|2|40251|44235|44235[44235]:41779[41779]:2457[2457]|41765[41720]:40251[40251]:1515[1470]
2932	31975+2043	0	26557	1	18842at147550_0|scaffold389|+|372|5.079e-105|1|31975|34017|31975[31975]:34017[34017]:2043[2043]
2932	30346-1287	0	32302	-1	37757at147550_1|scaffold389|-|489|3.057e-140|1|29060|30346|30346[30346]:29060[29060]:1287[1287]
2933	8770-2694	0	9684	-1	14639at147550_6|scaffold421|-|1239|0|3|6077|8770|8770[8770]:8420[8420]:351[351]|8363[8363]:7377[7377]:987[987]|7333[7324]:6077[6077]:1257[1248]
2933	9782+8019	0	34806	1	255at147550_6|scaffold421|+|4529|0|13|9782|17800|9782[9782]:13945[13945]:4164[4164]|13994[13994]:14041[14041]:48[48]|14094[14094]:14354[14354]:261[261]|14416[14416]:14463[14463]:48[48]|14520[14523]:14567[14567]:48[45]|14627[14627]:14674[14674]:48[48]|14971[14971]:15066[15066]:96[96]|15129[15135]:15227[15227]:99[93]|15286[15289]:15357[15357]:72[69]|15411[15414]:15530[15530]:120[117]|15572[15584]:15676[15676]:105[93]|15727[15733]:15849[15849]:123[117]|15908[15908]:17800[17800]:1893[1893]
2935	21794+1983	0	31342	1	56590at147550_6|scaffold485|+|798|2.931e-233|1|21794|23776|21794[21794]:23776[23776]:1983[1983]
2936	11681+2460	0	659	1	101180at147550_9|scaffold517|+|157|2.675e-40|1|11681|14140|11681[11681]:14140[14140]:2460[2460]
2936	3636-1299	0	1210	-1	65833at147550_2|scaffold517|-|537|1.086e-154|1|2338|3636|3636[3636]:2338[2338]:1299[1299]
2938	40047+1812	0	2888	1	25064at147550_5|scaffold581|+|819|1.398e-239|1|40047|41858|40047[40047]:41858[41858]:1812[1812]
2938	51535-1208	0	3273	-1	80276at147550_4|scaffold581|-|361|1.04e-101|3|50328|51535|51535[51535]:51365[51365]:171[171]|51093[51072]:51013[51013]:81[60]|50879[50879]:50328[50328]:552[552]
2938	20897+1786	0	3497	1	38007at147550_2|scaffold581|+|458|6.565e-131|3|20897|22682|20897[20897]:21595[21595]:699[699]|21613[21649]:21819[21819]:207[171]|21900[21900]:22682[22682]:783[783]
2938	56287+7238	0	3933	1	3569at147550|scaffold581|+|2088|0|9|56287|63524|56287[56287]:57276[57276]:990[990]|57332[57332]:58816[58816]:1485[1485]|58845[58872]:60341[60341]:1497[1470]|61442[61442]:61498[61498]:57[57]|61540[61561]:62691[62691]:1152[1131]|62750[62753]:62809[62809]:60[57]|62873[62876]:63010[63010]:138[135]|63071[63074]:63295[63295]:225[222]|63321[63363]:63524[63524]:204[162]
2938	52277+537	0	8514	1	95491at147550_9|scaffold581|+|305|7.496e-85|1|52277|52813|52277[52277]:52813[52813]:537[537]
2938	68682+909	0	10742	1	99236at147550_7|scaffold581|+|279|5.03e-77|4|68682|69590|68682[68682]:68732[68732]:51[51]|68881[68881]:68973[68973]:93[93]|69145[69163]:69252[69252]:108[90]|69399[69399]:69590[69590]:192[192]
2938	45250-1707	0	19470	-1	37665at147550_8|scaffold581|-|755|2.578e-220|3|43544|45250|45250[45250]:45074[45074]:177[177]|45012[44988]:44674[44674]:339[315]|44614[44614]:43544[43544]:1071[1071]
2938	68140-830	0	21363	-1	79810at147550_8|scaffold581|-|436|2.754e-124|2|67311|68140|68140[68140]:67691[67691]:450[450]|67619[67619]:67311[67311]:309[309]
2938	54497-1003	0	25509	-1	66892at147550_6|scaffold581|-|516|2.278e-148|2|53495|54497|54497[54497]:54360[54360]:138[138]|54301[54301]:53495[53495]:807[807]
2938	36294+637	0	25564	1	103402at147550_3|scaffold581|+|194|1.946e-51|2|36294|36930|36294[36294]:36455[36455]:162[162]|36745[36784]:36930[36930]:186[147]
2938	25670-1026	0	27441	-1	73907at147550|scaffold581|-|513|1.822e-147|1|24645|25670|25670[25670]:24645[24645]:1026[1026]
2938	18433-1017	0	30656	-1	51893at147550_8|scaffold581|-|271|1.288e-74|1|17417|18433|18433[18433]:17417[17417]:1017[1017]
2938	71961-1485	0	32419	-1	85274at147550_6|scaffold581|-|316|3.66e-88|1|70477|71961|71961[71961]:70477[70477]:1485[1485]
2938	16336-805	0	33522	-1	100979at147550_9|scaffold581|-|246|4.321e-67|4|15532|16336|16336[16336]:16292[16292]:45[45]|16108[16108]:15983[15983]:126[126]|15856[15853]:15710[15710]:147[144]|15636[15612]:15532[15532]:105[81]
8770	44918+557	0	11853	1	97176at147550|scaffold525|+|184|1.993e-48|2|44918|45474|44918[44918]:45049[45049]:132[132]|45169[45169]:45474[45474]:306[306]
8770	8351-1557	0	14904	-1	47435at147550_2|scaffold525|-|687|7.61e-200|1|6795|8351|8351[8351]:6795[6795]:1557[1557]
8770	35307+1839	0	15462	1	85320at147550_5|scaffold525|+|527|1.112e-151|1|35307|37145|35307[35307]:37145[37145]:1839[1839]
8770	41089+3261	0	16282	1	8342at147550_7|scaffold525|+|915|1.764e-268|2|41089|44349|41089[41089]:41280[41280]:192[192]|41374[41374]:44349[44349]:2976[2976]
8770	49629+2462	0	23470	1	27494at147550_4|scaffold525|+|946|8.215e-278|2|49629|52090|49629[49629]:50084[50084]:456[456]|50162[50162]:52090[52090]:1929[1929]
8770	12420-899	0	27146	-1	78580at147550_3|scaffold525|-|404|1.183e-114|2|11522|12420|12420[12420]:12229[12229]:192[192]|12157[12145]:11522[11522]:636[624]
8770	9213+1770	0	29314	1	56336at147550_1|scaffold525|+|568|5.057e-164|1|9213|10982|9213[9213]:10982[10982]:1770[1770]
8770	19632+364	0	31772	1	104466at147550_6|scaffold525|+|105|1.205e-24|2|19632|19995|19632[19632]:19688[19688]:57[57]|19774[19819]:19995[19995]:222[177]
8770	38234-880	0	39355	-1	98264at147550_3|scaffold525|-|284|1.572e-78|2|37355|38234|38234[38234]:38139[38139]:96[96]|38077[38077]:37355[37355]:723[723]
8771	122489+1503	0	138	1	14089at147550_1|scaffold557|+|168|1.306e-43|1|122489|123991|122489[122489]:123991[123991]:1503[1503]
8771	45859-5025	0	357	-1	1304at147550_5|scaffold557|-|1748|0|1|40835|45859|45859[45859]:40835[40835]:5025[5025]
8771	68797-610	0	2708	-1	94479at147550|scaffold557|-|282|6.288e-78|2|68188|68797|68797[68797]:68750[68750]:48[48]|68697[68691]:68188[68188]:510[504]
8771	96701+933	0	9797	1	93670at147550_6|scaffold557|+|389|3.875e-110|1|96701|97633|96701[96701]:97633[97633]:933[933]
8771	99115+1330	0	10312	1	68877at147550_4|scaffold557|+|410|1.848e-116|3|99115|100444|99115[99115]:99762[99762]:648[648]|99876[99879]:100007[100007]:132[129]|100145[100145]:100444[100444]:300[300]
8771	40083-885	0	15541	-1	81778at147550_8|scaffold557|-|373|2.54e-105|1|39199|40083|40083[40083]:39199[39199]:885[885]
8771	78605+2001	0	21132	1	43856at147550_3|scaffold557|+|834|4.265e-244|4|78605|80605|78605[78605]:78904[78904]:300[300]|78943[78964]:79113[79113]:171[150]|79167[79167]:80000[80000]:834[834]|80162[80162]:80605[80605]:444[444]
8771	105936+999	0	22379	1	57485at147550_4|scaffold557|+|201|1.52e-53|1|105936|106934|105936[105936]:106934[106934]:999[999]
8771	114361+2562	0	23012	1	48101at147550_7|scaffold557|+|714|5.67e-208|1|114361|116922|114361[114361]:116922[116922]:2562[2562]
8771	71943-933	0	25627	-1	96220at147550_5|scaffold557|-|209|5.939e-56|2|71011|71943|71943[71943]:71545[71545]:399[399]|71427[71424]:71011[71011]:417[414]
8771	92078-648	0	26458	-1	87948at147550_5|scaffold557|-|258|1.055e-70|1|91431|92078|92078[92078]:91431[91431]:648[648]
8771	84208-1317	0	28097	-1	58874at147550_3|scaffold557|-|628|4.387e-182|3|82892|84208|84208[84208]:84116[84116]:93[93]|84008[84002]:83418[83418]:591[585]|83377[83362]:82892[82892]:486[471]
8771	64135-1408	0	30554	-1	73116at147550_0|scaffold557|-|416|2.887e-118|4|62728|64135|64135[64135]:64088[64088]:48[48]|63926[63923]:63801[63801]:126[123]|63452[63452]:62946[62946]:507[507]|62865[62865]:62728[62728]:138[138]
8771	47324+2527	0	31325	1	36067at147550_2|scaffold557|+|919|1.103e-269|5|47324|49850|47324[47324]:47497[47497]:174[174]|47547[47553]:47732[47732]:186[180]|47794[47794]:48555[48555]:762[762]|48611[48614]:48838[48838]:228[225]|49578[49578]:49850[49850]:273[273]
8771	13778+2049	0	32884	1	25065at147550_8|scaffold557|+|896|9.249e-263|3|13778|15826|13778[13778]:14056[14056]:279[279]|14321[14327]:14779[14779]:459[453]|14855[14858]:15826[15826]:972[969]
8771	66977-2086	0	36202	-1	19878at147550_8|scaffold557|-|922|1.378e-270|3|64892|66977|66977[66977]:66927[66927]:51[51]|66660[66660]:66439[66439]:222[222]|66379[66379]:64892[64892]:1488[1488]
8771	58183-555	0	40958	-1	89546at147550_3|scaffold557|-|291|1.228e-80|1|57629|58183|58183[58183]:57629[57629]:555[555]
8772	21199-1163	0	17735	-1	71402at147550_1|scaffold589|-|495|4.777e-142|3|20037|21199|21199[21199]:21149[21149]:51[51]|21058[21058]:20504[20504]:555[555]|20405[20405]:20037[20037]:369[369]
8772	18603+990	0	20428	1	72117at147550_1|scaffold589|+|464|1.026e-132|3|18603|19592|18603[18603]:18719[18719]:117[117]|18787[18814]:18963[18963]:177[150]|19050[19065]:19592[19592]:543[528]
8772	12095+4199	0	26281	1	2709at147550_5|scaffold589|+|1997|0|5|12095|16293|12095[12095]:12937[12937]:843[843]|13111[13111]:13944[13944]:834[834]|13995[14001]:14267[14267]:273[267]|14320[14326]:15828[15828]:1509[1503]|15883[15898]:16293[16293]:411[396]
8772	3411+1114	0	26671	1	48091at147550_7|scaffold589|+|674|6.234e-196|2|3411|4524|3411[3411]:3659[3659]:249[249]|3682[3721]:4524[4524]:843[804]
8772	1439+878	0	32342	1	84152at147550_5|scaffold589|+|421|9.023e-120|3|1439|2316|1439[1439]:1786[1786]:348[348]|1840[1846]:2061[2061]:222[216]|2158[2158]:2316[2316]:159[159]
8772	3036-663	0	36562	-1	104375at147550_2|scaffold589|-|239|5.531e-65|2|2374|3036|3036[3036]:2734[2734]:303[303]|2685[2673]:2374[2374]:312[300]
8775	26140+2092	0	15633	1	33542at147550_6|scaffold685|+|763|1.007e-222|2|26140|28231|26140[26140]:26190[26190]:51[51]|26390[26390]:28231[28231]:1842[1842]
8775	17634-2268	0	17895	-1	26187at147550_7|scaffold685|-|996|7.296e-293|1|15367|17634|17634[17634]:15367[15367]:2268[2268]
8775	21379+2679	0	33474	1	36818at147550_3|scaffold685|+|766|1.259e-223|1|21379|24057|21379[21379]:24057[24057]:2679[2679]
8775	3330-2256	0	40146	-1	75729at147550_7|scaffold685|-|768|3.147e-224|2|1075|3330|3330[3330]:1828[1828]:1503[1503]|1668[1668]:1075[1075]:594[594]
20416	745-378	0	35347	-1	85406at147550|C190932|-|70|4.139e-14|1|368|745|745[745]:368[368]:378[378]
20418	19614-1146	0	3476	-1	61357at147550_3|scaffold29|-|628|4.387e-182|2|18469|19614|19614[19614]:18916[18916]:699[699]|18867[18849]:18469[18469]:399[381]
20418	26112-1635	0	8088	-1	16854at147550_0|scaffold29|-|299|4.797e-83|1|24478|26112|26112[26112]:24478[24478]:1635[1635]
20418	6500+2431	0	19832	1	15859at147550_9|scaffold29|+|1214|0|4|6500|8930|6500[6500]:6631[6631]:132[132]|6681[6714]:7406[7406]:726[693]|7454[7463]:8605[8605]:1152[1143]|8661[8661]:8930[8930]:270[270]
20418	4949+365	0	19993	1	106868at147550_3|scaffold29|+|117|2.941e-28|2|4949|5313|4949[4949]:5128[5128]:180[180]|5251[5251]:5313[5313]:63[63]
20418	4286-2126	0	30201	-1	28498at147550_2|scaffold29|-|960|5.014e-282|2|2161|4286|4286[4286]:4182[4182]:105[105]|4119[4119]:2161[2161]:1959[1959]
20418	16598+1261	0	36807	1	46128at147550_6|scaffold29|+|640|1.071e-185|2|16598|17858|16598[16598]:16915[16915]:318[318]|16998[16998]:17858[17858]:861[861]
20418	21861+2070	0	41364	1	16322at147550_7|scaffold29|+|1111|0|4|21861|23930|21861[21861]:21968[21968]:108[108]|22047[22047]:22385[22385]:339[339]|22432[22441]:23655[23655]:1224[1215]|23718[23718]:23930[23930]:213[213]
11680	45149+576	0	992	1	76448at147550_1|scaffold337|+|65|1.324e-12|1|45149|45724|45149[45149]:45724[45724]:576[576]
11680	9583+1627	0	1400	1	32959at147550|scaffold337|+|874|3.879e-256|2|9583|11209|9583[9583]:9639[9639]:57[57]|9713[9713]:11209[11209]:1497[1497]
11680	14274-2514	0	3406	-1	24010at147550_5|scaffold337|-|1276|0|2|11761|14274|14274[14274]:12355[12355]:1920[1920]|12300[12300]:11761[11761]:540[540]
11680	15766+617	0	4432	1	102654at147550_6|scaffold337|+|313|2.928e-87|2|15766|16382|15766[15766]:15936[15936]:171[171]|15972[15984]:16382[16382]:411[399]
11680	47570-1314	0	7609	-1	67216at147550_5|scaffold337|-|521|7.118e-150|1|46257|47570|47570[47570]:46257[46257]:1314[1314]
11680	87789-207	0	9971	-1	103405at147550_5|scaffold337|-|63|5.298e-12|1|87583|87789|87789[87789]:87583[87583]:207[207]
11680	5802+1102	0	16730	1	84509at147550_9|scaffold337|+|399|3.784e-113|2|5802|6903|5802[5802]:6182[6182]:381[381]|6229[6259]:6903[6903]:675[645]
11680	34440+1545	0	17198	1	70047at147550_8|scaffold337|+|354|1.332e-99|2|34440|35984|34440[34440]:34805[34805]:366[366]|35253[35253]:35984[35984]:732[732]
11680	104595+1887	0	18028	1	11701at147550_4|scaffold337|+|722|2.215e-210|1|104595|106481|104595[104595]:106481[106481]:1887[1887]
11680	56644-3615	0	18916	-1	9270at147550_7|scaffold337|-|1583|0|3|53030|56644|56644[56644]:56582[56582]:63[63]|56166[56148]:54451[54451]:1716[1698]|54388[54385]:53030[53030]:1359[1356]
11680	23932-2118	0	19920	-1	32657at147550_4|scaffold337|-|970|4.896e-285|1|21815|23932|23932[23932]:21815[21815]:2118[2118]
11680	66562+1475	0	20413	1	56225at147550_1|scaffold337|+|556|2.072e-160|3|66562|68036|66562[66562]:67020[67020]:459[459]|67158[67164]:67277[67277]:120[114]|67368[67368]:68036[68036]:669[669]
11680	102509-2412	0	20990	-1	11701at147550|scaffold337|-|907|4.516e-266|4|100098|102509|102509[102509]:102231[102231]:279[279]|102165[102165]:101494[101494]:672[672]|101395[101395]:101117[101117]:279[279]|101045[101045]:100098[100098]:948[948]
11680	42360+1635	0	24789	1	39805at147550_5|scaffold337|+|696|1.486e-202|3|42360|43994|42360[42360]:42755[42755]:396[396]|42812[42812]:43279[43279]:468[468]|43347[43350]:43994[43994]:648[645]
11680	49925+965	0	25715	1	57916at147550_1|scaffold337|+|172|8.162e-45|2|49925|50889|49925[49925]:50380[50380]:456[456]|50440[50440]:50889[50889]:450[450]
11680	69572+1312	0	25806	1	102584at147550_8|scaffold337|+|289|4.912e-80|2|69572|70883|69572[69572]:69916[69916]:345[345]|70017[70020]:70883[70883]:867[864]
11680	69106-430	0	26230	-1	106922at147550|scaffold337|-|127|2.872e-31|2|68677|69106|69106[69106]:68927[68927]:180[180]|68790[68790]:68677[68677]:114[114]
11680	61629+4181	0	32909	1	1722at147550_4|scaffold337|+|1656|0|3|61629|65809|61629[61629]:64187[64187]:2559[2559]|64240[64243]:64827[64827]:588[585]|64877[64880]:65809[65809]:933[930]
11680	38319-1585	0	38617	-1	33330at147550_9|scaffold337|-|940|5.257e-276|2|36735|38319|38319[38319]:37804[37804]:516[516]|37748[37748]:36735[36735]:1014[1014]
11680	20674-999	0	39499	-1	54077at147550_7|scaffold337|-|505|4.665e-145|2|19676|20674|20674[20674]:20612[20612]:63[63]|20554[20551]:19676[19676]:879[876]
11680	28194-1084	0	40242	-1	77950at147550_5|scaffold337|-|508|5.831e-146|5|27111|28194|28194[28194]:28135[28135]:60[60]|28057[28057]:27749[27749]:309[309]|27684[27675]:27436[27436]:249[240]|27379[27373]:27302[27302]:78[72]|27239[27239]:27111[27111]:129[129]
11680	8875-1384	0	40969	-1	39235at147550_0|scaffold337|-|849|1.302e-248|2|7492|8875|8875[8875]:8783[8783]:93[93]|8712[8712]:7492[7492]:1221[1221]
11682	26336-1748	0	9730	-1	28395at147550_1|scaffold401|-|267|2.06e-73|3|24589|26336|26336[26336]:26067[26067]:270[270]|26010[26007]:25438[25438]:573[570]|25089[25089]:24589[24589]:501[501]
11683	4636-1239	0	3139	-1	22590at147550_1|scaffold433|-|71|2.069e-14|1|3398|4636|4636[4636]:3398[3398]:1239[1239]
11686	46448-4282	0	8287	-1	10235at147550_7|scaffold529|-|1611|0|5|42167|46448|46448[46448]:45816[45816]:633[633]|45768[45762]:45655[45655]:114[108]|45611[45602]:45177[45177]:435[426]|45132[45123]:42376[42376]:2757[2748]|42334[42319]:42167[42167]:168[153]
11686	81454-1867	0	21225	-1	34105at147550_3|scaffold529|-|437|1.377e-124|4|79588|81454|81454[81454]:81197[81197]:258[258]|81137[81104]:80268[80268]:870[837]|80205[80199]:80005[80005]:201[195]|79941[79941]:79588[79588]:354[354]
11686	75460-847	0	24983	-1	56486at147550_0|scaffold529|-|163|4.179e-42|2|74614|75460|75460[75460]:74774[74774]:687[687]|74682[74682]:74614[74614]:69[69]
11686	50226-1605	0	28729	-1	60953at147550_2|scaffold529|-|616|1.797e-178|1|48622|50226|50226[50226]:48622[48622]:1605[1605]
11686	11802-4902	0	29553	-1	5796at147550_4|scaffold529|-|2069|0|3|6901|11802|11802[11802]:10612[10612]:1191[1191]|10556[10553]:7179[7179]:3378[3375]|7104[7095]:6901[6901]:204[195]
11686	97656+3091	0	34553	1	11472at147550_5|scaffold529|+|1331|0|3|97656|100746|97656[97656]:97772[97772]:117[117]|97835[97835]:99931[99931]:2097[2097]|99988[99994]:100746[100746]:759[753]
11686	12242+1072	0	35101	1	75647at147550_3|scaffold529|+|392|4.844e-111|3|12242|13313|12242[12242]:12400[12400]:159[159]|12447[12459]:12716[12716]:270[258]|12777[12795]:13313[13313]:537[519]
11686	50662+1467	0	35950	1	106498at147550_0|scaffold529|+|261|1.319e-71|1|50662|52128|50662[50662]:52128[52128]:1467[1467]
15341	3670-2259	0	3479	-1	55254at147550_9|scaffold854|-|599|2.355e-173|1|1412|3670|3670[3670]:1412[1412]:2259[2259]
22610	5082-1353	0	33147	-1	54218at147550_4|scaffold192|-|668|3.99e-194|1|3730|5082|5082[5082]:3730[3730]:1353[1353]
22610	102+3155	0	39843	1	4733at147550_6|scaffold192|+|1967|0|2|102|3256|102[102]:2657[2657]:2556[2556]|2720[2720]:3256[3256]:537[537]
22611	14363+612	0	15871	1	43590at147550_3|scaffold224|+|85|1.263e-18|1|14363|14974|14363[14363]:14974[14974]:612[612]
2207	85356+2297	0	811	1	19512at147550_4|scaffold548|+|575|3.951e-166|2|85356|87652|85356[85356]:87284[87284]:1929[1929]|87401[87401]:87652[87652]:252[252]
2207	91396-2139	0	12856	-1	90412at147550_5|scaffold548|-|309|4.685e-86|3|89258|91396|91396[91396]:91082[91082]:315[315]|90980[90980]:90699[90699]:282[282]|90070[90052]:89258[89258]:813[795]
2207	44240+2889	0	14126	1	5696at147550_4|scaffold548|+|1629|0|1|44240|47128|44240[44240]:47128[47128]:2889[2889]
2207	51049+2291	0	14225	1	35865at147550_7|scaffold548|+|867|4.965e-254|2|51049|53339|51049[51049]:52371[52371]:1323[1323]|52395[52434]:53339[53339]:945[906]
2207	104609-736	0	16822	-1	97198at147550_9|scaffold548|-|316|3.66e-88|2|103874|104609|104609[104609]:104124[104124]:486[486]|104074[104044]:103874[103874]:201[171]
2207	92203+1245	0	26997	1	58370at147550_4|scaffold548|+|518|5.694e-149|1|92203|93447|92203[92203]:93447[93447]:1245[1245]
2207	16046+1979	0	30232	1	62943at147550_4|scaffold548|+|614|7.187e-178|7|16046|18024|16046[16046]:16213[16213]:168[168]|16301[16304]:16351[16351]:51[48]|16552[16564]:16602[16602]:51[39]|16655[16658]:16867[16867]:213[210]|16903[16939]:17298[17298]:396[360]|17357[17360]:17710[17710]:354[351]|17788[17788]:18024[18024]:237[237]
2207	32217-3075	0	38107	-1	19046at147550_0|scaffold548|-|1137|0|3|29143|32217|32217[32217]:32107[32107]:111[111]|32040[32040]:31102[31102]:939[939]|31062[31044]:29143[29143]:1920[1902]
2207	24578+849	0	39456	1	34845at147550_3|scaffold548|+|142|8.764e-36|1|24578|25426|24578[24578]:25426[25426]:849[849]
2207	56171-1761	0	39529	-1	51420at147550_7|scaffold548|-|568|5.057e-164|1|54411|56171|56171[56171]:54411[54411]:1761[1761]
2207	70229-3252	0	41323	-1	12164at147550_5|scaffold548|-|900|5.781e-264|1|66978|70229|70229[70229]:66978[66978]:3252[3252]
2208	92481-882	0	452	-1	72712at147550_5|scaffold580|-|515|4.555e-148|2|91600|92481|92481[92481]:92374[92374]:108[108]|92292[92283]:91600[91600]:693[684]
2208	33207-408	0	486	-1	107116at147550_4|scaffold580|-|138|1.402e-34|2|32800|33207|33207[33207]:32953[32953]:255[255]|32880[32874]:32800[32800]:81[75]
2208	63178-3712	0	733	-1	12343at147550_9|scaffold580|-|1063|4.944e-313|3|59467|63178|63178[63178]:62471[62471]:708[708]|62422[62419]:62114[62114]:309[306]|62055[62049]:59467[59467]:2589[2583]
2208	33774+866	0	2682	1	106242at147550|scaffold580|+|170|3.265e-44|2|33774|34639|33774[33774]:33854[33854]:81[81]|34196[34238]:34639[34639]:444[402]
2208	3650+5821	0	17455	1	1121at147550_5|scaffold580|+|2449|0|4|3650|9470|3650[3650]:3847[3847]:198[198]|3907[3910]:6297[6297]:2391[2388]|6310[6349]:6606[6606]:297[258]|6624[6648]:9470[9470]:2847[2823]
2208	84016-1911	0	17835	-1	47591at147550_0|scaffold580|-|585|3.859e-169|3|82106|84016|84016[84016]:83507[83507]:510[510]|83430[83430]:83365[83365]:66[66]|83323[83311]:82106[82106]:1218[1206]
2208	11015+1276	0	23662	1	76113at147550_9|scaffold580|+|446|2.689e-127|3|11015|12290|11015[11015]:11179[11179]:165[165]|11268[11268]:11372[11372]:105[105]|11460[11487]:12290[12290]:831[804]
2208	10499-871	0	26753	-1	88223at147550_5|scaffold580|-|288|9.825e-80|2|9629|10499|10499[10499]:10416[10416]:84[84]|10321[10318]:9629[9629]:693[690]
2208	45066-1755	0	26901	-1	70428at147550_7|scaffold580|-|494|9.553e-142|1|43312|45066|45066[45066]:43312[43312]:1755[1755]
2208	58577-5714	0	27724	-1	14760at147550_2|scaffold580|-|889|1.184e-260|2|52864|58577|58577[58577]:54189[54189]:4389[4389]|54153[54135]:52864[52864]:1290[1272]
2208	93097+6093	0	27998	1	829at147550_0|scaffold580|+|2675|0|5|93097|99189|93097[93097]:93288[93288]:192[192]|93374[93383]:97276[97276]:3903[3894]|97368[97368]:97598[97598]:231[231]|97638[97647]:97934[97934]:297[288]|97987[97987]:99189[99189]:1203[1203]
2208	50378-2616	0	32803	-1	21628at147550_4|scaffold580|-|899|1.156e-263|1|47763|50378|50378[50378]:47763[47763]:2616[2616]
2208	372+2032	0	41302	1	54770at147550_3|scaffold580|+|571|6.322e-165|2|372|2403|372[372]:659[659]:288[288]|715[718]:2403[2403]:1689[1686]
7310	2777+1731	0	2461	1	60964at147550_8|scaffold459|+|517|1.139e-148|1|2777|4507|2777[2777]:4507[4507]:1731[1731]
7311	13410+1889	0	1536	1	106532at147550_6|scaffold491|+|222|7.249e-60|2|13410|15298|13410[13410]:13682[13682]:273[273]|14186[14186]:15298[15298]:1113[1113]
7311	9826+1884	0	15200	1	48393at147550_9|scaffold491|+|432|4.406e-123|1|9826|11709|9826[9826]:11709[11709]:1884[1884]
7311	30881-863	0	17177	-1	43590at147550_4|scaffold491|-|244|1.728e-66|2|30019|30881|30881[30881]:30690[30690]:192[192]|30573[30573]:30019[30019]:555[555]
7311	6843-1245	0	31195	-1	81021at147550_4|scaffold491|-|465|5.129e-133|1|5599|6843|6843[6843]:5599[5599]:1245[1245]
7311	5+1812	0	41369	1	11516at147550_7|scaffold491|+|1062|9.888e-313|1|5|1816|5[5]:1816[1816]:1812[1812]
7313	85537-1700	0	4789	-1	32578at147550_8|scaffold555|-|270|2.576e-74|3|83838|85537|85537[85537]:84905[84905]:633[633]|84846[84822]:84157[84157]:690[666]|84062[84062]:83838[83838]:225[225]
7313	46818+1317	0	9711	1	27428at147550_0|scaffold555|+|62|1.06e-11|1|46818|48134|46818[46818]:48134[48134]:1317[1317]
7313	50217+1101	0	12323	1	27428at147550_2|scaffold555|+|56|6.781e-10|1|50217|51317|50217[50217]:51317[51317]:1101[1101]
7313	54663+1818	0	18576	1	2625at147550_9|scaffold555|+|128|1.436e-31|1|54663|56480|54663[54663]:56480[56480]:1818[1818]
7313	28404+609	0	21073	1	57485at147550_3|scaffold555|+|151|1.712e-38|1|28404|29012|28404[28404]:29012[29012]:609[609]
7313	43003+1665	0	34090	1	54841at147550_7|scaffold555|+|647|8.367e-188|3|43003|44667|43003[43003]:43845[43845]:843[843]|43916[43916]:44533[44533]:618[618]|44599[44611]:44667[44667]:69[57]
7313	97285+1596	0	35589	1	48929at147550_0|scaffold555|+|384|1.24e-108|1|97285|98880|97285[97285]:98880[98880]:1596[1596]
7313	2115+3512	0	38592	1	9798at147550_6|scaffold555|+|1543|0|2|2115|5626|2115[2115]:4445[4445]:2331[2331]|4640[4646]:5626[5626]:987[981]
7313	89803-2813	0	39357	-1	12958at147550_7|scaffold555|-|1063|4.944e-313|2|86991|89803|89803[89803]:88823[88823]:981[981]|88745[88745]:86991[86991]:1755[1755]
7313	93560+487	0	39970	1	94729at147550_5|scaffold555|+|294|1.535e-81|2|93560|94046|93560[93560]:93628[93628]:69[69]|93690[93690]:94046[94046]:357[357]
15315	18663-928	0	4744	-1	77853at147550_5|scaffold22|-|383|2.48e-108|2|17736|18663|18663[18663]:18292[18292]:372[372]|18164[18164]:17736[17736]:429[429]
15315	23796+4924	0	9136	1	892at147550_1|scaffold22|+|2807|0|3|23796|28719|23796[23796]:23882[23882]:87[87]|24014[24014]:24382[24382]:369[369]|24409[24439]:28719[28719]:4311[4281]
15315	8586+2706	0	9946	1	6359at147550_5|scaffold22|+|1279|0|1|8586|11291|8586[8586]:11291[11291]:2706[2706]
15315	49212+1443	0	10110	1	27007at147550_8|scaffold22|+|208|1.188e-55|3|49212|50654|49212[49212]:49478[49478]:267[267]|49681[49681]:49956[49956]:276[276]|50043[50043]:50654[50654]:612[612]
15315	52691-612	0	18000	-1	93223at147550_3|scaffold22|-|337|1.745e-94|2|52080|52691|52691[52691]:52551[52551]:141[141]|52451[52451]:52080[52080]:372[372]
15315	57740+4195	0	25028	1	3536at147550_2|scaffold22|+|2081|0|5|57740|61934|57740[57740]:57838[57838]:99[99]|58063[58066]:58122[58122]:60[57]|58307[58307]:58429[58429]:123[123]|58492[58495]:58554[58554]:63[60]|58659[58659]:61934[61934]:3276[3276]
15315	53376+763	0	30037	1	104934at147550_7|scaffold22|+|272|6.439e-75|3|53376|54138|53376[53376]:53447[53447]:72[72]|53502[53511]:53816[53816]:315[306]|53872[53872]:54138[54138]:267[267]
15315	6269-2601	0	35544	-1	28172at147550_2|scaffold22|-|1015|1.392e-298|7|3669|6269|6269[6269]:6168[6168]:102[102]|5791[5764]:5642[5642]:150[123]|5496[5496]:5440[5440]:57[57]|5381[5381]:5253[5253]:129[129]|5209[5200]:4742[4742]:468[459]|4522[4519]:3998[3998]:525[522]|3929[3926]:3669[3669]:261[258]
15315	43096-1155	0	39802	-1	28802at147550_3|scaffold22|-|192|7.784e-51|1|41942|43096|43096[43096]:41942[41942]:1155[1155]
16060	114560+1152	0	1191	1	51054at147550_6|scaffold535|+|119|7.352e-29|1|114560|115711|114560[114560]:115711[115711]:1152[1152]
16060	224257+2479	0	2330	1	67017at147550_0|scaffold535|+|328|8.936e-92|3|224257|226735|224257[224257]:224331[224331]:75[75]|225288[225297]:225734[225734]:447[438]|225860[225860]:226735[226735]:876[876]
16060	342154+741	0	3476	1	61357at147550_3|scaffold535|+|75|1.293e-15|1|342154|342894|342154[342154]:342894[342894]:741[741]
16060	109045+1659	0	3939	1	17332at147550|scaffold535|+|363|2.601e-102|1|109045|110703|109045[109045]:110703[110703]:1659[1659]
16060	207612+1117	0	5539	1	102705at147550_1|scaffold535|+|261|1.319e-71|2|207612|208728|207612[207612]:207662[207662]:51[51]|207805[207805]:208728[208728]:924[924]
16060	129737+1397	0	6127	1	40016at147550_0|scaffold535|+|409|3.696e-116|2|129737|131133|129737[129737]:130516[130516]:780[780]|130558[130573]:131133[131133]:576[561]
16060	239945+1156	0	7356	1	77853at147550_7|scaffold535|+|363|2.601e-102|2|239945|241100|239945[239945]:240634[240634]:690[690]|240771[240771]:241100[241100]:330[330]
16060	314045+2433	0	7963	1	13126at147550_1|scaffold535|+|1086|5.8942e-320|1|314045|316477|314045[314045]:316477[316477]:2433[2433]
16060	339779-168	0	8520	-1	110215at147550_1|scaffold535|-|81|2.021e-17|1|339612|339779|339779[339779]:339612[339612]:168[168]
16060	236722+1341	0	9483	1	36193at147550_8|scaffold535|+|835|2.133e-244|1|236722|238062|236722[236722]:238062[238062]:1341[1341]
16060	77063+1035	0	10396	1	58604at147550_6|scaffold535|+|409|3.696e-116|1|77063|78097|77063[77063]:78097[78097]:1035[1035]
16060	330810+1443	0	11586	1	42496at147550_1|scaffold535|+|793|9.379e-232|3|330810|332252|330810[330810]:331058[331058]:249[249]|331130[331133]:331567[331567]:438[435]|331617[331638]:332252[332252]:636[615]
16060	172957-2135	0	14287	-1	51556at147550_4|scaffold535|-|672|2.493e-195|2|170823|172957|172957[172957]:171836[171836]:1122[1122]|171785[171782]:170823[170823]:963[960]
16060	319374+1014	0	15425	1	88385at147550_0|scaffold535|+|357|1.664e-100|1|319374|320387|319374[319374]:320387[320387]:1014[1014]
16060	210914-1513	0	17102	-1	41566at147550_2|scaffold535|-|534|8.689e-154|2|209402|210914|210914[210914]:209823[209823]:1092[1092]|209767[209758]:209402[209402]:366[357]
16060	215648-2630	0	21601	-1	18770at147550_3|scaffold535|-|1089|7.36652e-321|3|213019|215648|215648[215648]:214740[214740]:909[909]|214693[214687]:213548[213548]:1146[1140]|213486[213480]:213019[213019]:468[462]
16060	318526-1455	0	23432	-1	51200at147550_7|scaffold535|-|548|5.303e-158|2|317072|318526|318526[318526]:318173[318173]:354[354]|318064[318064]:317072[317072]:993[993]
16060	146840-1155	0	25261	-1	77786at147550_2|scaffold535|-|315|7.32e-88|1|145686|146840|146840[146840]:145686[145686]:1155[1155]
16060	343494+732	0	26484	1	82219at147550_7|scaffold535|+|96|6.167e-22|1|343494|344225|343494[343494]:344225[344225]:732[732]
16060	73752+2307	0	26633	1	6579at147550_1|scaffold535|+|509|2.915e-146|3|73752|76058|73752[73752]:74153[74153]:402[402]|74202[74220]:74312[74312]:111[93]|74430[74430]:76058[76058]:1629[1629]
16060	243667-900	0	28172	-1	80870at147550_7|scaffold535|-|105|1.205e-24|1|242768|243667|243667[243667]:242768[242768]:900[900]
16060	178116-1192	0	31614	-1	70810at147550_5|scaffold535|-|557|1.036e-160|2|176925|178116|178116[178116]:177628[177628]:489[489]|177530[177527]:176925[176925]:606[603]
16060	69440-1556	0	32905	-1	39691at147550_6|scaffold535|-|710|9.071e-207|3|67885|69440|69440[69440]:69306[69306]:135[135]|69164[69164]:68805[68805]:360[360]|68709[68694]:67885[67885]:825[810]
16060	232494+3010	0	33800	1	57049at147550_2|scaffold535|+|587|9.646e-170|2|232494|235503|232494[232494]:232829[232829]:336[336]|234457[234457]:235503[235503]:1047[1047]
16060	311918-1756	0	38773	-1	41221at147550_7|scaffold535|-|821|3.494e-240|3|310163|311918|311918[311918]:311841[311841]:78[78]|311776[311758]:311216[311216]:561[543]|311155[311155]:310163[310163]:993[993]
16060	196648-723	0	39561	-1	39845at147550_4|scaffold535|-|52|1.085e-08|1|195926|196648|196648[196648]:195926[195926]:723[723]
16060	234463+1041	0	41636	1	57049at147550_8|scaffold535|+|568|5.057e-164|1|234463|235503|234463[234463]:235503[235503]:1041[1041]
16064	4827-1931	0	348	-1	78437at147550_7|scaffold663|-|486|2.446e-139|2|2897|4827|4827[4827]:4591[4591]:237[237]|4525[4516]:2897[2897]:1629[1620]
16064	23802-1966	0	8760	-1	17692at147550_7|scaffold663|-|795|2.345e-232|2|21837|23802|23802[23802]:23596[23596]:207[207]|23507[23507]:21837[21837]:1671[1671]
16065	27261-7560	0	20700	-1	833at147550_3|scaffold695|-|1552|0|2|19702|27261|27261[27261]:26797[26797]:465[465]|26109[26109]:19702[19702]:6408[6408]
16065	14778-2190	0	35171	-1	95835at147550_6|scaffold695|-|403|2.365e-114|1|12589|14778|14778[14778]:12589[12589]:2190[2190]
16066	15905+1638	0	3813	1	27586at147550_6|scaffold727|+|483|1.956e-138|3|15905|17542|15905[15905]:16132[16132]:228[228]|16303[16303]:16506[16506]:204[204]|16652[16652]:17542[17542]:891[891]
16066	12385-1904	0	19770	-1	43333at147550_8|scaffold727|-|596|1.884e-172|2|10482|12385|12385[12385]:11213[11213]:1173[1173]|11156[11153]:10482[10482]:675[672]
16066	14173-762	0	20324	-1	99361at147550_4|scaffold727|-|240|2.765e-65|4|13412|14173|14173[14173]:14120[14120]:54[54]|14037[14031]:13819[13819]:219[213]|13667[13667]:13545[13545]:123[123]|13522[13489]:13412[13412]:111[78]
16066	5316+861	0	26500	1	55695at147550_2|scaffold727|+|159|6.686e-41|1|5316|6176|5316[5316]:6176[6176]:861[861]
4390	42633+1616	0	1023	1	50282at147550_9|scaffold327|+|448|6.722e-128|2|42633|44248|42633[42633]:43154[43154]:522[522]|43211[43226]:44248[44248]:1038[1023]
4390	50503+1120	0	2580	1	51866at147550_0|scaffold327|+|635|3.427e-184|3|50503|51622|50503[50503]:50745[50745]:243[243]|50796[50811]:51080[51080]:285[270]|51164[51182]:51622[51622]:459[441]
4390	64537-1580	0	6192	-1	27007at147550_5|scaffold327|-|195|9.73e-52|2|62958|64537|64537[64537]:63695[63695]:843[843]|63521[63521]:62958[62958]:564[564]
4390	56846+1230	0	11440	1	87367at147550_7|scaffold327|+|385|6.2e-109|1|56846|58075|56846[56846]:58075[58075]:1230[1230]
4390	54677-2577	0	30678	-1	82919at147550_2|scaffold327|-|375|6.349e-106|4|52101|54677|54677[54677]:54585[54585]:93[93]|52771[52771]:52448[52448]:324[324]|52352[52352]:52305[52305]:48[48]|52223[52223]:52101[52101]:123[123]
4393	4593+1023	0	967	1	27007at147550_1|scaffold423|+|86|6.315e-19|1|4593|5615|4593[4593]:5615[5615]:1023[1023]
4395	20811-4277	0	13505	-1	2548at147550_9|scaffold487|-|667|7.979e-194|3|16535|20811|20811[20811]:18949[18949]:1863[1863]|18901[18883]:17780[17780]:1122[1104]|17722[17719]:16535[16535]:1188[1185]
4395	32485+629	0	13972	1	87711at147550_4|scaffold487|+|278|1.006e-76|2|32485|33113|32485[32485]:32580[32580]:96[96]|32661[32661]:33113[33113]:453[453]
4395	39433+1281	0	24591	1	48456at147550_6|scaffold487|+|661|5.107e-192|1|39433|40713|39433[39433]:40713[40713]:1281[1281]
4395	13671+2135	0	36092	1	43234at147550_7|scaffold487|+|861|3.178e-252|2|13671|15805|13671[13671]:14060[14060]:390[390]|14180[14180]:15805[15805]:1626[1626]
4395	42666-757	0	36784	-1	92011at147550_5|scaffold487|-|370|2.032e-104|2|41910|42666|42666[42666]:42379[42379]:288[288]|42278[42269]:41910[41910]:369[360]
4395	31278-1020	0	40791	-1	104378at147550_8|scaffold487|-|332|5.585e-93|1|30259|31278|31278[31278]:30259[30259]:1020[1020]
4396	8685-300	0	23584	-1	106194at147550|scaffold519|-|196|4.865e-52|1|8386|8685|8685[8685]:8386[8386]:300[300]
4399	45521+2500	0	17468	1	22149at147550_8|scaffold615|+|1119|0|3|45521|48020|45521[45521]:45715[45715]:195[195]|45793[45793]:47799[47799]:2007[2007]|47892[47898]:48020[48020]:129[123]
4399	15057-1855	0	24557	-1	71509at147550_7|scaffold615|-|521|7.118e-150|5|13203|15057|15057[15057]:15013[15013]:45[45]|14907[14907]:14803[14803]:105[105]|14640[14640]:14212[14212]:429[429]|13907[13907]:13644[13644]:264[264]|13529[13526]:13203[13203]:327[324]
4399	20677-2424	0	25087	-1	29583at147550_6|scaffold615|-|1052|1.013e-309|1|18254|20677|20677[20677]:18254[18254]:2424[2424]
4399	21228+845	0	36378	1	98694at147550_7|scaffold615|+|340|2.182e-95|2|21228|22072|21228[21228]:21323[21323]:96[96]|21389[21389]:22072[22072]:684[684]
5121	196219+1508	0	276	1	34845at147550_5|scaffold392|+|212|7.423e-57|2|196219|197726|196219[196219]:196410[196410]:192[192]|196527[196527]:197726[197726]:1200[1200]
5121	127587+654	0	5429	1	78584at147550_2|scaffold392|+|392|4.844e-111|1|127587|128240|127587[127587]:128240[128240]:654[654]
5121	13377-1593	0	7078	-1	71320at147550_6|scaffold392|-|467|1.282e-133|2|11785|13377|13377[13377]:12169[12169]:1209[1209]|12084[12054]:11785[11785]:300[270]
5121	178089+717	0	10692	1	71400at147550_6|scaffold392|+|46|6.944e-07|1|178089|178805|178089[178089]:178805[178805]:717[717]
5121	180506+1001	0	15029	1	64226at147550_7|scaffold392|+|455|5.252e-130|2|180506|181506|180506[180506]:180781[180781]:276[276]|180883[180883]:181506[181506]:624[624]
5121	18346-1433	0	15797	-1	78047at147550_3|scaffold392|-|361|1.04e-101|2|16914|18346|18346[18346]:17489[17489]:858[858]|17420[17417]:16914[16914]:507[504]
5121	177006+366	0	16520	1	47574at147550_8|scaffold392|+|37|0.0003555|1|177006|177371|177006[177006]:177371[177371]:366[366]
5121	162735-1626	0	16653	-1	62998at147550_9|scaffold392|-|368|8.127e-104|1|161110|162735|162735[162735]:161110[161110]:1626[1626]
5121	56264-1499	0	17384	-1	51485at147550_7|scaffold392|-|466|2.564e-133|2|54766|56264|56264[56264]:56106[56106]:159[159]|56028[56025]:54766[54766]:1263[1260]
5121	217277+1338	0	24782	1	80301at147550_7|scaffold392|+|337|1.745e-94|2|217277|218614|217277[217277]:217360[217360]:84[84]|217466[217490]:218614[218614]:1149[1125]
5121	14485+1383	0	25851	1	35332at147550_4|scaffold392|+|602|2.944e-174|1|14485|15867|14485[14485]:15867[15867]:1383[1383]
5121	174077-651	0	27764	-1	87948at147550_6|scaffold392|-|230|2.832e-62|1|173427|174077|174077[174077]:173427[173427]:651[651]
5121	157801-919	0	34411	-1	93200at147550_5|scaffold392|-|244|1.728e-66|3|156883|157801|157801[157801]:157403[157403]:399[399]|157314[157299]:157084[157084]:231[216]|157017[157017]:156883[156883]:135[135]
5121	158427+1803	0	35849	1	54129at147550_9|scaffold392|+|555|4.143e-160|1|158427|160229|158427[158427]:160229[160229]:1803[1803]
5122	95793-1773	0	730	-1	21933at147550_3|scaffold424|-|820|6.988e-240|1|94021|95793|95793[95793]:94021[94021]:1773[1773]
5122	34046+1497	0	2426	1	58101at147550_9|scaffold424|+|311|1.171e-86|2|34046|35542|34046[34046]:34630[34630]:585[585]|34709[34712]:35542[35542]:834[831]
5122	23382+6733	0	2621	1	1092at147550|scaffold424|+|2149|0|2|23382|30114|23382[23382]:24122[24122]:741[741]|24205[24205]:30114[30114]:5910[5910]
5122	75282+510	0	3317	1	105155at147550_9|scaffold424|+|119|7.352e-29|1|75282|75791|75282[75282]:75791[75791]:510[510]
5122	17145-4293	0	4791	-1	53402at147550_9|scaffold424|-|726|1.384e-211|4|12853|17145|17145[17145]:16981[16981]:165[165]|16882[16882]:16058[16058]:825[825]|14309[14309]:13293[13293]:1017[1017]|13221[13221]:12853[12853]:369[369]
5122	45419+1697	0	9704	1	41104at147550_6|scaffold424|+|752|2.063e-219|2|45419|47115|45419[45419]:45535[45535]:117[117]|45616[45616]:47115[47115]:1500[1500]
5122	158349-1483	0	12471	-1	42153at147550_0|scaffold424|-|715|2.835e-208|2|156867|158349|158349[158349]:158158[158158]:192[192]|158108[158090]:156867[156867]:1242[1224]
5122	43394-1143	0	12540	-1	81950at147550_6|scaffold424|-|403|2.365e-114|1|42252|43394|43394[43394]:42252[42252]:1143[1143]
5122	64673+890	0	15940	1	80237at147550_9|scaffold424|+|458|6.565e-131|3|64673|65562|64673[64673]:64921[64921]:249[249]|64983[64986]:65066[65066]:84[81]|65125[65128]:65562[65562]:438[435]
5122	150034+420	0	16846	1	98392at147550_7|scaffold424|+|57|3.39e-10|1|150034|150453|150034[150034]:150453[150453]:420[420]
5122	67877-1443	0	16859	-1	39359at147550_8|scaffold424|-|530|1.39e-152|1|66435|67877|67877[67877]:66435[66435]:1443[1443]
5122	92049-3355	0	23360	-1	29150at147550_0|scaffold424|-|1072|9.656e-316|4|88695|92049|92049[92049]:91726[91726]:324[324]|91632[91632]:90646[90646]:987[987]|90580[90580]:90428[90428]:153[153]|89669[89669]:88695[88695]:975[975]
5122	159360+870	0	29510	1	75183at147550_3|scaffold424|+|384|1.24e-108|1|159360|160229|159360[159360]:160229[160229]:870[870]
5122	70270+2463	0	30338	1	16774at147550_8|scaffold424|+|865|1.986e-253|1|70270|72732|70270[70270]:72732[72732]:2463[2463]
5122	79899-1209	0	32281	-1	61540at147550_9|scaffold424|-|179|6.377e-47|1|78691|79899|79899[79899]:78691[78691]:1209[1209]
5122	56181+1953	0	32466	1	17373at147550_6|scaffold424|+|1053|5.063e-310|2|56181|58133|56181[56181]:57971[57971]:1791[1791]|58029[58035]:58133[58133]:105[99]
5122	146106+762	0	37050	1	80317at147550_0|scaffold424|+|87|3.158e-19|1|146106|146867|146106[146106]:146867[146867]:762[762]
5122	168697-1943	0	40273	-1	47465at147550_8|scaffold424|-|807|5.725e-236|4|166755|168697|168697[168697]:168290[168290]:408[408]|168212[168212]:167763[167763]:450[450]|167677[167677]:167540[167540]:138[138]|167477[167477]:166755[166755]:723[723]
5125	4839-1280	0	14521	-1	77701at147550_4|scaffold520|-|438|6.884e-125|2|3560|4839|4839[4839]:4561[4561]:279[279]|4438[4438]:3560[3560]:879[879]
5129	30426+1437	0	11452	1	6062at147550_1|scaffold648|+|172|8.162e-45|1|30426|31862|30426[30426]:31862[31862]:1437[1437]
5129	6458+381	0	19248	1	85406at147550_7|scaffold648|+|43|5.555e-06|1|6458|6838|6458[6458]:6838[6838]:381[381]
5129	24886+1337	0	24772	1	40164at147550_7|scaffold648|+|720|8.859e-210|2|24886|26222|24886[24886]:25557[25557]:672[672]|25623[25623]:26222[26222]:600[600]
6590	33903-1938	0	2234	-1	62562at147550_0|scaffold746|-|483|1.956e-138|1|31966|33903|33903[33903]:31966[31966]:1938[1938]
6590	77773+937	0	2404	1	33327at147550_9|scaffold746|+|171|1.632e-44|2|77773|78709|77773[77773]:78441[78441]:669[669]|78509[78509]:78709[78709]:201[201]
6590	46338+546	0	12184	1	103096at147550_5|scaffold746|+|209|5.939e-56|1|46338|46883|46338[46338]:46883[46883]:546[546]
6590	70566+3131	0	13227	1	14398at147550_7|scaffold746|+|1245|0|3|70566|73696|70566[70566]:70772[70772]:207[207]|70859[70865]:72745[72745]:1887[1881]|72812[72824]:73696[73696]:885[873]
6590	20732-2074	0	15490	-1	66447at147550_7|scaffold746|-|648|4.183e-188|2|18659|20732|20732[20732]:19905[19905]:828[828]|19870[19855]:18659[18659]:1212[1197]
6590	12510-1666	0	19325	-1	23722at147550_7|scaffold746|-|122|9.19e-30|2|10845|12510|12510[12510]:11356[11356]:1155[1155]|11273[11273]:10845[10845]:429[429]
6590	42839+1579	0	23793	1	37389at147550_9|scaffold746|+|771|3.934e-225|4|42839|44417|42839[42839]:42967[42967]:129[129]|43059[43059]:43127[43127]:69[69]|43198[43198]:43362[43362]:165[165]|43398[43416]:44417[44417]:1020[1002]
6590	68417-610	0	23827	-1	98745at147550_3|scaffold746|-|277|2.012e-76|3|67808|68417|68417[68417]:68286[68286]:132[132]|68229[68226]:67963[67963]:267[264]|67870[67867]:67808[67808]:63[60]
6590	69179+498	0	32615	1	104536at147550_7|scaffold746|+|248|1.08e-67|2|69179|69676|69179[69179]:69454[69454]:276[276]|69572[69572]:69676[69676]:105[105]
6590	34411+810	0	34094	1	80533at147550_5|scaffold746|+|368|8.127e-104|3|34411|35220|34411[34411]:34623[34623]:213[213]|34694[34694]:35005[35005]:312[312]|35065[35080]:35220[35220]:156[141]
6591	18754+834	0	15871	1	43590at147550_3|scaffold778|+|72|1.035e-14|1|18754|19587|18754[18754]:19587[19587]:834[834]
6591	2599+820	0	28330	1	67597at147550_9|scaffold778|+|127|2.872e-31|2|2599|3418|2599[2599]:2853[2853]:255[255]|2927[2927]:3418[3418]:492[492]
6591	20877+1773	0	29441	1	44876at147550_7|scaffold778|+|648|4.183e-188|2|20877|22649|20877[20877]:22445[22445]:1569[1569]|22533[22542]:22649[22649]:117[108]
6593	8594-2289	0	12977	-1	35121at147550_5|scaffold842|-|922|1.378e-270|5|6306|8594|8594[8594]:8517[8517]:78[78]|8259[8259]:8113[8113]:147[147]|8000[7997]:7854[7854]:147[144]|7774[7771]:7196[7196]:579[576]|7142[7139]:6306[6306]:837[834]
6593	17147-6931	0	23711	-1	4582at147550_2|scaffold842|-|2324|0|2|10217|17147|17147[17147]:15351[15351]:1797[1797]|14176[14176]:10217[10217]:3960[3960]
6593	17150-1800	0	29944	-1	39932at147550_6|scaffold842|-|911|2.823e-267|1|15351|17150|17150[17150]:15351[15351]:1800[1800]
6593	19531-913	0	41185	-1	68229at147550_6|scaffold842|-|463|2.052e-132|2|18619|19531|19531[19531]:18995[18995]:537[537]|18870[18861]:18619[18619]:252[243]
6594	7131+2079	0	17371	1	30523at147550_1|scaffold874|+|884|3.788e-259|2|7131|9209|7131[7131]:8666[8666]:1536[1536]|8730[8730]:9209[9209]:480[480]
6594	6770-731	0	34606	-1	99282at147550_5|scaffold874|-|285|7.86e-79|2|6040|6770|6770[6770]:6672[6672]:99[99]|6597[6597]:6040[6040]:558[558]
5118	119635-2700	0	4048	-1	27245at147550_4|scaffold296|-|886|9.471e-260|4|116936|119635|119635[119635]:119249[119249]:387[387]|119111[119111]:118626[118626]:486[486]|118577[118571]:118230[118230]:348[342]|118171[118171]:116936[116936]:1236[1236]
5118	6810-2213	0	4956	-1	26718at147550_0|scaffold296|-|840|6.665e-246|2|4598|6810|6810[6810]:6754[6754]:57[57]|6679[6679]:4598[4598]:2082[2082]
5118	101519+1750	0	8196	1	56000at147550_5|scaffold296|+|669|1.995e-194|2|101519|103268|101519[101519]:101602[101602]:84[84]|101748[101751]:103268[103268]:1521[1518]
5118	95038-1317	0	9904	-1	11354at147550_5|scaffold296|-|85|1.263e-18|1|93722|95038|95038[95038]:93722[93722]:1317[1317]
5118	3075+742	0	12617	1	86626at147550_8|scaffold296|+|388|7.75e-110|2|3075|3816|3075[3075]:3365[3365]:291[291]|3451[3457]:3816[3816]:366[360]
5118	107051-1209	0	13598	-1	47435at147550_1|scaffold296|-|332|5.585e-93|1|105843|107051|107051[107051]:105843[105843]:1209[1209]
5118	114839-2535	0	14936	-1	8782at147550_6|scaffold296|-|539|2.715e-155|3|112305|114839|114839[114839]:114639[114639]:201[201]|114537[114537]:113902[113902]:636[636]|113813[113813]:112305[112305]:1509[1509]
5118	133252+1953	0	15471	1	25907at147550_3|scaffold296|+|1009|8.906e-297|2|133252|135204|133252[133252]:133575[133575]:324[324]|133657[133657]:135204[135204]:1548[1548]
5118	21177-2112	0	20201	-1	20709at147550_2|scaffold296|-|410|1.848e-116|4|19066|21177|21177[21177]:21106[21106]:72[72]|20988[20988]:19912[19912]:1077[1077]|19804[19804]:19607[19607]:198[198]|19551[19548]:19066[19066]:486[483]
5118	130254-1506	0	26615	-1	61927at147550_5|scaffold296|-|630|1.097e-182|1|128749|130254|130254[130254]:128749[128749]:1506[1506]
5118	132164-633	0	37563	-1	90089at147550_3|scaffold296|-|333|2.792e-93|2|131532|132164|132164[132164]:132009[132009]:156[156]|131912[131912]:131532[131532]:381[381]
21880	12627+2364	0	9389	1	8319at147550_1|scaffold159|+|775|2.459e-226|1|12627|14990|12627[12627]:14990[14990]:2364[2364]
21880	10306-646	0	14868	-1	104882at147550_0|scaffold159|-|177|2.551e-46|3|9661|10306|10306[10306]:10253[10253]:54[54]|10138[10126]:10040[10040]:99[87]|9984[9966]:9661[9661]:324[306]
21880	18510-1319	0	18067	-1	72130at147550_3|scaffold159|-|232|7.08e-63|2|17192|18510|18510[18510]:18214[18214]:297[297]|18091[18091]:17192[17192]:900[900]
21880	5204-1907	0	18613	-1	34105at147550_1|scaffold159|-|769|1.574e-224|4|3298|5204|5204[5204]:5157[5157]:48[48]|5080[5077]:3659[3659]:1422[1419]|3596[3593]:3426[3426]:171[168]|3363[3363]:3298[3298]:66[66]
21880	21806+4509	0	35674	1	63504at147550_3|scaffold159|+|751|4.125e-219|3|21806|26314|21806[21806]:22873[22873]:1068[1068]|24879[24879]:25946[25946]:1068[1068]|26039[26054]:26314[26314]:276[261]
21883	174649-1728	0	975	-1	35809at147550_7|scaffold255|-|885|1.894e-259|4|172922|174649|174649[174649]:174440[174440]:210[210]|174415[174373]:174332[174332]:84[42]|174251[174248]:173187[173187]:1065[1062]|173161[173131]:172922[172922]:240[210]
21883	159780+2379	0	1569	1	21945at147550_8|scaffold255|+|1042|1.037e-306|1|159780|162158|159780[159780]:162158[162158]:2379[2379]
21883	171701-427	0	3245	-1	100624at147550_7|scaffold255|-|160|3.343e-41|2|171275|171701|171701[171701]:171648[171648]:54[54]|171526[171526]:171275[171275]:252[252]
21883	164335+1495	0	4195	1	34845at147550_8|scaffold255|+|197|2.433e-52|2|164335|165829|164335[164335]:164805[164805]:471[471]|164885[164885]:165829[165829]:945[945]
21883	66051-1863	0	6534	-1	47380at147550|scaffold255|-|623|1.404e-180|2|64189|66051|66051[66051]:65911[65911]:141[141]|65808[65805]:64189[64189]:1620[1617]
21883	114429+1395	0	6833	1	91111at147550_8|scaffold255|+|304|1.499e-84|1|114429|115823|114429[114429]:115823[115823]:1395[1395]
21883	112207-5061	0	8444	-1	2349at147550_7|scaffold255|-|1457|0|3|107147|112207|112207[112207]:110465[110465]:1743[1743]|110348[110342]:109827[109827]:522[516]|109627[109615]:107147[107147]:2481[2469]
21883	102481+476	0	11082	1	109841at147550_5|scaffold255|+|113|4.705e-27|2|102481|102956|102481[102481]:102774[102774]:294[294]|102879[102882]:102956[102956]:78[75]
21883	59026+2901	0	12672	1	11179at147550_5|scaffold255|+|1170|0|1|59026|61926|59026[59026]:61926[61926]:2901[2901]
21883	204507-687	0	12866	-1	91660at147550_1|scaffold255|-|300|2.399e-83|3|203821|204507|204507[204507]:204457[204457]:51[51]|204367[204367]:204269[204269]:99[99]|204162[204138]:203821[203821]:342[318]
21883	136525+938	0	14083	1	95066at147550_7|scaffold255|+|357|1.664e-100|3|136525|137462|136525[136525]:136572[136572]:48[48]|136641[136647]:136853[136853]:213[207]|137001[137004]:137462[137462]:462[459]
21883	104645-1194	0	15016	-1	59910at147550_0|scaffold255|-|679|1.948e-197|2|103452|104645|104645[104645]:104115[104115]:531[531]|104033[104033]:103452[103452]:582[582]
21883	219187-1921	0	15214	-1	47574at147550_7|scaffold255|-|683|1.218e-198|4|217267|219187|219187[219187]:218996[218996]:192[192]|218875[218875]:218318[218318]:558[558]|218262[218262]:218077[218077]:186[186]|218022[218004]:217267[217267]:756[738]
21883	150462+2714	0	16146	1	14742at147550_8|scaffold255|+|1294|0|4|150462|153175|150462[150462]:150623[150623]:162[162]|150659[150692]:150847[150847]:189[156]|150915[150915]:153029[153029]:2115[2115]|153092[153092]:153175[153175]:84[84]
21883	121303-2170	0	19880	-1	27359at147550_6|scaffold255|-|941|2.629e-276|2|119134|121303|121303[121303]:121115[121115]:189[189]|120993[120993]:119134[119134]:1860[1860]
21883	71242+1138	0	20297	1	82626at147550_6|scaffold255|+|388|7.75e-110|2|71242|72379|71242[71242]:71289[71289]:48[48]|71426[71426]:72379[72379]:954[954]
21883	201761-954	0	21132	-1	43856at147550_3|scaffold255|-|91|1.973e-20|1|200808|201761|201761[201761]:200808[200808]:954[954]
21883	147880+1701	0	21216	1	17332at147550_5|scaffold255|+|415|5.775e-118|2|147880|149580|147880[147880]:148425[148425]:546[546]|148498[148498]:149580[149580]:1083[1083]
21883	236974-836	0	21294	-1	109139at147550_4|scaffold255|-|227|2.265e-61|4|236139|236974|236974[236974]:236807[236807]:168[168]|236635[236626]:236573[236573]:63[54]|236479[236470]:236360[236360]:120[111]|236249[236246]:236139[236139]:111[108]
21883	193600-795	0	22166	-1	82667at147550_7|scaffold255|-|334|1.396e-93|1|192806|193600|193600[193600]:192806[192806]:795[795]
21883	30366+8675	0	22842	1	2779at147550_6|scaffold255|+|2794|0|4|30366|39040|30366[30366]:30431[30431]:66[66]|30563[30563]:35617[35617]:5055[5055]|38082[38082]:38528[38528]:447[447]|38555[38600]:39040[39040]:486[441]
21883	234026+675	0	24633	1	4502at147550_6|scaffold255|+|113|4.705e-27|1|234026|234700|234026[234026]:234700[234700]:675[675]
21883	199339+786	0	24695	1	103477at147550_4|scaffold255|+|213|3.712e-57|1|199339|200124|199339[199339]:200124[200124]:786[786]
21883	75467+1296	0	26342	1	57728at147550_9|scaffold255|+|563|1.618e-162|1|75467|76762|75467[75467]:76762[76762]:1296[1296]
21883	92576+1929	0	26684	1	22323at147550_3|scaffold255|+|856|1.017e-250|2|92576|94504|92576[92576]:92650[92650]:75[75]|92714[92717]:94504[94504]:1791[1788]
21883	135754-1394	0	26879	-1	83145at147550_2|scaffold255|-|388|7.75e-110|4|134361|135754|135754[135754]:135656[135656]:99[99]|135592[135589]:135494[135494]:99[96]|135421[135397]:135203[135203]:219[195]|135146[135146]:134361[134361]:786[786]
21883	194588+1545	0	27702	1	52918at147550_4|scaffold255|+|677|7.792e-197|3|194588|196132|194588[194588]:194770[194770]:183[183]|195073[195073]:195153[195153]:81[81]|195212[195212]:196132[196132]:921[921]
21883	210375+1155	0	28837	1	52998at147550|scaffold255|+|542|3.394e-156|1|210375|211529|210375[210375]:211529[211529]:1155[1155]
21883	123873-757	0	29404	-1	87049at147550_6|scaffold255|-|364|1.3e-102|3|123117|123873|123873[123873]:123718[123718]:156[156]|123649[123649]:123395[123395]:255[255]|123317[123311]:123117[123117]:201[195]
21883	157121+567	0	29954	1	95177at147550_6|scaffold255|+|254|1.688e-69|1|157121|157687|157121[157121]:157687[157687]:567[567]
21883	124337+1875	0	31638	1	63642at147550_3|scaffold255|+|803|9.16e-235|1|124337|126211|124337[124337]:126211[126211]:1875[1875]
21883	37743+1298	0	32203	1	99015at147550_5|scaffold255|+|342|5.454e-96|3|37743|39040|37743[37743]:37817[37817]:75[75]|38067[38085]:38528[38528]:462[444]|38591[38597]:39040[39040]:450[444]
21883	143585-1095	0	32914	-1	65674at147550_4|scaffold255|-|455|5.252e-130|2|142491|143585|143585[143585]:143019[143019]:567[567]|142961[142952]:142491[142491]:471[462]
21883	213523-1518	0	32915	-1	66111at147550_6|scaffold255|-|430|1.762e-122|2|212006|213523|213523[213523]:212837[212837]:687[687]|212674[212674]:212006[212006]:669[669]
21883	80910+2252	0	34095	1	31347at147550_7|scaffold255|+|804|4.58e-235|3|80910|83161|80910[80910]:81119[81119]:210[210]|81167[81194]:81961[81961]:795[768]|82019[82022]:83161[83161]:1143[1140]
21883	84053+1979	0	34111	1	42010at147550_9|scaffold255|+|796|1.172e-232|4|84053|86031|84053[84053]:84739[84739]:687[687]|84779[84806]:85156[85156]:378[351]|85217[85217]:85822[85822]:606[606]|85873[85879]:86031[86031]:159[153]
21883	197851-678	0	34697	-1	83137at147550_9|scaffold255|-|259|5.275e-71|1|197174|197851|197851[197851]:197174[197174]:678[678]
21883	225888-5602	0	35180	-1	2981at147550_4|scaffold255|-|2488|0|4|220287|225888|225888[225888]:222184[222184]:3705[3705]|221450[221435]:220863[220863]:588[573]|220807[220801]:220550[220550]:258[252]|220481[220478]:220287[220287]:195[192]
21883	169190+996	0	36393	1	85199at147550_7|scaffold255|+|378|7.936e-107|1|169190|170185|169190[169190]:170185[170185]:996[996]
21883	105237+1229	0	37130	1	72665at147550_7|scaffold255|+|626|1.755e-181|2|105237|106465|105237[105237]:105566[105566]:330[330]|105656[105656]:106465[106465]:810[810]
21883	74581-1491	0	37983	-1	34589at147550|scaffold255|-|881|3.031e-258|2|73091|74581|74581[74581]:73235[73235]:1347[1347]|73165[73162]:73091[73091]:75[72]
21883	206831+1815	0	38614	1	53171at147550_0|scaffold255|+|498|5.971e-143|2|206831|208645|206831[206831]:206974[206974]:144[144]|207137[207146]:208645[208645]:1509[1500]
21883	87103-666	0	40258	-1	109219at147550_8|scaffold255|-|186|4.982e-49|1|86438|87103|87103[87103]:86438[86438]:666[666]
21886	105572-300	0	1245	-1	84100at147550_3|scaffold351|-|94|2.467e-21|1|105273|105572|105572[105572]:105273[105273]:300[300]
21886	13442+1314	0	1715	1	15100at147550_1|scaffold351|+|230|2.832e-62|1|13442|14755|13442[13442]:14755[14755]:1314[1314]
21886	89531+1424	0	4789	1	32578at147550_8|scaffold351|+|280|2.515e-77|2|89531|90954|89531[89531]:90670[90670]:1140[1140]|90736[90736]:90954[90954]:219[219]
21886	152333+1724	0	8909	1	35114at147550_4|scaffold351|+|686|1.522e-199|2|152333|154056|152333[152333]:153598[153598]:1266[1266]|153649[153658]:154056[154056]:408[399]
21886	114841-647	0	10203	-1	100468at147550_0|scaffold351|-|283|3.144e-78|4|114195|114841|114841[114841]:114740[114740]:102[102]|114630[114630]:114469[114469]:162[162]|114418[114409]:114350[114350]:69[60]|114287[114278]:114195[114195]:93[84]
21886	141953-2340	0	18014	-1	45677at147550_6|scaffold351|-|699|1.858e-203|2|139614|141953|141953[141953]:141645[141645]:309[309]|141581[141581]:139614[139614]:1968[1968]
21886	80478+2064	0	20117	1	88731at147550_4|scaffold351|+|478|6.261e-137|1|80478|82541|80478[80478]:82541[82541]:2064[2064]
21886	85138+1958	0	24191	1	28159at147550_1|scaffold351|+|956|8.022e-281|5|85138|87095|85138[85138]:85263[85263]:126[126]|85325[85343]:85405[85405]:81[63]|85589[85589]:85690[85690]:102[102]|85763[85763]:86548[86548]:786[786]|86610[86610]:87095[87095]:486[486]
21886	101346-1638	0	25328	-1	48882at147550_2|scaffold351|-|212|7.423e-57|2|99709|101346|101346[101346]:100684[100684]:663[663]|100515[100515]:99709[99709]:807[807]
21886	113017-1614	0	32408	-1	27401at147550_4|scaffold351|-|869|1.241e-254|1|111404|113017|113017[113017]:111404[111404]:1614[1614]
21886	78615+924	0	34125	1	56486at147550_7|scaffold351|+|182|7.971e-48|1|78615|79538|78615[78615]:79538[79538]:924[924]
21886	25934+1587	0	35441	1	64322at147550_8|scaffold351|+|610|1.15e-176|1|25934|27520|25934[25934]:27520[27520]:1587[1587]
21886	809+3908	0	37106	1	5636at147550_9|scaffold351|+|1652|0|4|809|4716|809[809]:1282[1282]:474[474]|1326[1341]:1475[1475]:150[135]|1578[1578]:3974[3974]:2397[2397]|4027[4027]:4716[4716]:690[690]
21886	97399-1442	0	37438	-1	32578at147550_1|scaffold351|-|184|1.993e-48|2|95958|97399|97399[97399]:96506[96506]:894[894]|96431[96431]:95958[95958]:474[474]
21886	120434+1618	0	40375	1	30482at147550_2|scaffold351|+|680|9.74e-198|3|120434|122051|120434[120434]:120526[120526]:93[93]|120651[120651]:120890[120890]:240[240]|120951[120957]:122051[122051]:1101[1095]
21886	60268-1134	0	41453	-1	27007at147550_0|scaffold351|-|135|1.122e-33|1|59135|60268|60268[60268]:59135[59135]:1134[1134]
21887	38624-1327	0	2026	-1	43780at147550_2|scaffold383|-|625|3.509e-181|4|37298|38624|38624[38624]:38424[38424]:201[201]|38365[38329]:37727[37727]:639[603]|37678[37675]:37619[37619]:60[57]|37570[37561]:37298[37298]:273[264]
21887	51435+1372	0	8257	1	75743at147550_0|scaffold383|+|458|6.565e-131|2|51435|52806|51435[51435]:51737[51737]:303[303]|51841[51841]:52806[52806]:966[966]
21887	13550-1500	0	10414	-1	83851at147550_2|scaffold383|-|626|1.755e-181|1|12051|13550|13550[13550]:12051[12051]:1500[1500]
21887	21119+1268	0	16944	1	83851at147550_7|scaffold383|+|316|3.66e-88|2|21119|22386|21119[21119]:22255[22255]:1137[1137]|22321[22321]:22386[22386]:66[66]
21887	7993-2301	0	20168	-1	96589at147550_6|scaffold383|-|263|3.297e-72|2|5693|7993|7993[7993]:7925[7925]:69[69]|7801[7801]:5693[5693]:2109[2109]
21887	18346+1602	0	21177	1	37186at147550_9|scaffold383|+|842|1.666e-246|2|18346|19947|18346[18346]:19809[19809]:1464[1464]|19876[19876]:19947[19947]:72[72]
21887	28479+555	0	23135	1	71951at147550_4|scaffold383|+|46|6.944e-07|1|28479|29033|28479[28479]:29033[29033]:555[555]
21887	40541+1140	0	23959	1	80199at147550_9|scaffold383|+|475|5.009e-136|1|40541|41680|40541[40541]:41680[41680]:1140[1140]
21887	55916+513	0	29113	1	96207at147550_6|scaffold383|+|267|2.06e-73|1|55916|56428|55916[55916]:56428[56428]:513[513]
21887	34889+451	0	29707	1	104284at147550_7|scaffold383|+|175|1.02e-45|2|34889|35339|34889[34889]:35002[35002]:114[114]|35085[35085]:35339[35339]:255[255]
21887	33671-1273	0	30549	-1	64049at147550_6|scaffold383|-|560|1.295e-161|2|32399|33671|33671[33671]:33306[33306]:366[366]|33193[33193]:32399[32399]:795[795]
21887	27529-798	0	39154	-1	90230at147550_4|scaffold383|-|363|2.601e-102|2|26732|27529|27529[27529]:27215[27215]:315[315]|27124[27112]:26732[26732]:393[381]
21887	48831+1062	0	41459	1	67633at147550_2|scaffold383|+|276|4.024e-76|2|48831|49892|48831[48831]:49664[49664]:834[834]|49719[49722]:49892[49892]:174[171]
21888	15581-2849	0	8215	-1	8295at147550_6|scaffold415|-|1589|0|2|12733|15581|15581[15581]:13536[13536]:2046[2046]|13452[13422]:12733[12733]:720[690]
21888	42567+2496	0	9784	1	52280at147550_0|scaffold415|+|793|9.379e-232|4|42567|45062|42567[42567]:42665[42665]:99[99]|42766[42772]:42843[42843]:78[72]|42887[42929]:43204[43204]:318[276]|43305[43308]:45062[45062]:1758[1755]
21888	36806+1828	0	11321	1	78754at147550_4|scaffold415|+|561|6.473e-162|2|36806|38633|36806[36806]:37453[37453]:648[648]|37518[37527]:38633[38633]:1116[1107]
21888	27658+5670	0	14906	1	1407at147550_6|scaffold415|+|2047|0|1|27658|33327|27658[27658]:33327[33327]:5670[5670]
21888	25627+1119	0	17620	1	52280at147550_6|scaffold415|+|686|1.522e-199|1|25627|26745|25627[25627]:26745[26745]:1119[1119]
1450	2+270	0	7318	1	100992at147550_6|C165818|+|123|4.595e-30|1|2|271|2[2]:271[271]:270[270]
10213	12068-621	0	778	-1	93707at147550_3|scaffold47|-|243|3.457e-66|1|11448|12068|12068[12068]:11448[11448]:621[621]
10213	33536+1009	0	1099	1	63062at147550_2|scaffold47|+|225|9.062e-61|2|33536|34544|33536[33536]:33658[33658]:123[123]|33735[33735]:34544[34544]:810[810]
10213	52957-1357	0	4886	-1	27007at147550_4|scaffold47|-|337|1.745e-94|3|51601|52957|52957[52957]:52166[52166]:792[792]|52114[52090]:51917[51917]:198[174]|51840[51840]:51601[51601]:240[240]
10213	2456+1122	0	7498	1	27007at147550_6|scaffold47|+|166|5.224e-43|1|2456|3577|2456[2456]:3577[3577]:1122[1122]
10213	89468-531	0	9015	-1	74680at147550_1|scaffold47|-|90|3.947e-20|1|88938|89468|89468[89468]:88938[88938]:531[531]
10213	63760+540	0	11631	1	90014at147550_6|scaffold47|+|113|4.705e-27|1|63760|64299|63760[63760]:64299[64299]:540[540]
10213	96126-1888	0	15934	-1	17448at147550_7|scaffold47|-|603|1.472e-174|2|94239|96126|96126[96126]:95683[95683]:444[444]|95645[95624]:94239[94239]:1407[1386]
10213	13940+1452	0	21090	1	36291at147550_7|scaffold47|+|717|7.087e-209|1|13940|15391|13940[13940]:15391[15391]:1452[1452]
10213	100975-2400	0	26633	-1	6579at147550_1|scaffold47|-|489|3.057e-140|4|98576|100975|100975[100975]:100694[100694]:282[282]|100624[100621]:100421[100421]:204[201]|100355[100355]:100062[100062]:294[294]|99871[99871]:98576[98576]:1296[1296]
10213	47351+1509	0	30054	1	34845at147550|scaffold47|+|102|9.636e-24|2|47351|48859|47351[47351]:47485[47485]:135[135]|47804[47804]:48859[48859]:1056[1056]
10213	160101+375	0	34925	1	110308at147550_9|scaffold47|+|118|1.47e-28|1|160101|160475|160101[160101]:160475[160475]:375[375]
10213	80725-2160	0	39821	-1	32454at147550_1|scaffold47|-|657|8.171e-191|1|78566|80725|80725[80725]:78566[78566]:2160[2160]
10216	44003+2385	0	4293	1	28731at147550_2|scaffold143|+|1033|5.309e-304|1|44003|46387|44003[44003]:46387[46387]:2385[2385]
10216	216289+970	0	4698	1	72405at147550_8|scaffold143|+|439|3.442e-125|2|216289|217258|216289[216289]:216663[216663]:375[375]|216737[216737]:217258[217258]:522[522]
10216	57418-2043	0	7225	-1	48959at147550_2|scaffold143|-|760|8.057e-222|1|55376|57418|57418[57418]:55376[55376]:2043[2043]
10216	213078+1731	0	8090	1	22772at147550_5|scaffold143|+|719|1.772e-209|4|213078|214808|213078[213078]:213221[213221]:144[144]|213470[213470]:213658[213658]:189[189]|213722[213722]:214027[214027]:306[306]|214098[214098]:214808[214808]:711[711]
10216	27830-1699	0	10356	-1	74288at147550_5|scaffold143|-|499|2.985e-143|2|26132|27830|27830[27830]:27681[27681]:150[150]|27562[27562]:26132[26132]:1431[1431]
10216	28362+900	0	11941	1	82101at147550_6|scaffold143|+|369|4.063e-104|3|28362|29261|28362[28362]:28463[28463]:102[102]|28586[28586]:28666[28666]:81[81]|28740[28740]:29261[29261]:522[522]
10216	93343+2275	0	13496	1	48954at147550_8|scaffold143|+|515|4.555e-148|2|93343|95617|93343[93343]:95265[95265]:1923[1923]|95354[95354]:95617[95617]:264[264]
10216	58440+597	0	14141	1	84036at147550_4|scaffold143|+|336|3.49e-94|1|58440|59036|58440[58440]:59036[59036]:597[597]
10216	160795-1323	0	16910	-1	27618at147550_9|scaffold143|-|149|6.847e-38|1|159473|160795|160795[160795]:159473[159473]:1323[1323]
10216	158227-3230	0	17536	-1	26398at147550_4|scaffold143|-|830|6.824e-243|2|154998|158227|158227[158227]:155906[155906]:2322[2322]|155609[155609]:154998[154998]:612[612]
10216	80705-981	0	17671	-1	55550at147550_6|scaffold143|-|80|4.042e-17|1|79725|80705|80705[80705]:79725[79725]:981[981]
10216	181985-3107	0	21190	-1	5831at147550_5|scaffold143|-|1569|0|2|178879|181985|181985[181985]:181926[181926]:60[60]|181791[181791]:178879[178879]:2913[2913]
10216	43217-917	0	24268	-1	95944at147550_2|scaffold143|-|307|1.874e-85|2|42301|43217|43217[43217]:42960[42960]:258[258]|42831[42831]:42301[42301]:531[531]
10216	123732-1311	0	24413	-1	43645at147550_8|scaffold143|-|133|4.487e-33|2|122422|123732|123732[123732]:123421[123421]:312[312]|123330[123330]:122422[122422]:909[909]
10216	91076-2325	0	25478	-1	8208at147550_7|scaffold143|-|830|6.824e-243|1|88752|91076|91076[91076]:88752[88752]:2325[2325]
10216	148140-3288	0	27161	-1	34948at147550_3|scaffold143|-|967|3.917e-284|1|144853|148140|148140[148140]:144853[144853]:3288[3288]
10216	62065-1293	0	27701	-1	57623at147550_2|scaffold143|-|534|8.689e-154|1|60773|62065|62065[62065]:60773[60773]:1293[1293]
10216	135722-1009	0	28342	-1	41687at147550_3|scaffold143|-|103|4.818e-24|3|134714|135722|135722[135722]:135588[135588]:135[135]|135537[135507]:135088[135088]:450[420]|135007[135007]:134714[134714]:294[294]
10216	150408+1524	0	28907	1	63761at147550_5|scaffold143|+|502|3.732e-144|1|150408|151931|150408[150408]:151931[151931]:1524[1524]
10216	164247-1120	0	29476	-1	59725at147550_4|scaffold143|-|556|2.072e-160|2|163128|164247|164247[164247]:164182[164182]:66[66]|164096[164084]:163128[163128]:969[957]
10216	106114+954	0	30361	1	36087at147550_8|scaffold143|+|58|1.695e-10|1|106114|107067|106114[106114]:107067[107067]:954[954]
10216	84103+1497	0	32075	1	50939at147550_7|scaffold143|+|647|8.367e-188|1|84103|85599|84103[84103]:85599[85599]:1497[1497]
10216	97187-1131	0	33241	-1	103489at147550_5|scaffold143|-|366|3.251e-103|1|96057|97187|97187[97187]:96057[96057]:1131[1131]
10216	124688+6678	0	36484	1	1229at147550_1|scaffold143|+|1669|0|1|124688|131365|124688[124688]:131365[131365]:6678[6678]
10216	202944+3900	0	37648	1	43000at147550_0|scaffold143|+|1213|0|3|202944|206843|202944[202944]:203093[203093]:150[150]|203170[203170]:206010[206010]:2841[2841]|206022[206058]:206843[206843]:822[786]
10216	183263+4688	0	39977	1	7886at147550_4|scaffold143|+|1780|0|4|183263|187950|183263[183263]:184228[184228]:966[966]|184369[184369]:187272[187272]:2904[2904]|187320[187326]:187763[187763]:444[438]|187834[187837]:187950[187950]:117[114]
10217	4057+621	0	2889	1	34845at147550_7|scaffold175|+|94|2.467e-21|1|4057|4677|4057[4057]:4677[4677]:621[621]
13130	7037+2083	0	4742	1	7814at147550_1|scaffold83|+|663|1.277e-192|2|7037|9119|7037[7037]:7612[7612]:576[576]|7647[7662]:9119[9119]:1473[1458]
13130	24058+3132	0	5462	1	5692at147550_5|scaffold83|+|797|5.862e-233|2|24058|27189|24058[24058]:24504[24504]:447[447]|24559[24571]:27189[27189]:2631[2619]
13130	53191+1725	0	5478	1	22772at147550_3|scaffold83|+|323|2.859e-90|1|53191|54915|53191[53191]:54915[54915]:1725[1725]
13130	94212-3871	0	5921	-1	4596at147550_5|scaffold83|-|1532|0|2|90342|94212|94212[94212]:91501[91501]:2712[2712]|91448[91445]:90342[90342]:1107[1104]
13130	115391-873	0	6192	-1	27007at147550_5|scaffold83|-|48|1.736e-07|1|114519|115391|115391[115391]:114519[114519]:873[873]
13130	96429+1607	0	16292	1	70828at147550_1|scaffold83|+|213|3.712e-57|3|96429|98035|96429[96429]:96758[96758]:330[330]|96816[96816]:96914[96914]:99[99]|97004[97013]:98035[98035]:1032[1023]
13130	100306+1201	0	22486	1	78874at147550_6|scaffold83|+|403|2.365e-114|2|100306|101506|100306[100306]:100419[100419]:114[114]|100517[100517]:101506[101506]:990[990]
13130	110464+2651	0	24056	1	13608at147550_9|scaffold83|+|1042|1.037e-306|4|110464|113114|110464[110464]:110859[110859]:396[396]|111021[111024]:112757[112757]:1737[1734]|112829[112829]:112957[112957]:129[129]|113022[113022]:113114[113114]:93[93]
13131	235640+1221	0	411	1	51161at147550_6|scaffold115|+|691|4.756e-201|1|235640|236860|235640[235640]:236860[236860]:1221[1221]
13131	186626+1191	0	1149	1	48581at147550_7|scaffold115|+|501|7.463e-144|1|186626|187816|186626[186626]:187816[187816]:1191[1191]
13131	175202+2182	0	1445	1	14089at147550_2|scaffold115|+|779|1.537e-227|3|175202|177383|175202[175202]:175495[175495]:294[294]|175543[175558]:177138[177138]:1596[1581]|177210[177219]:177383[177383]:174[165]
13131	168141+3407	0	2324	1	19571at147550_3|scaffold115|+|883|7.577e-259|2|168141|171547|168141[168141]:170627[170627]:2487[2487]|170693[170693]:171547[171547]:855[855]
13131	238195-1222	0	3844	-1	89641at147550_6|scaffold115|-|187|2.491e-49|2|236974|238195|238195[238195]:237890[237890]:306[306]|237813[237813]:236974[236974]:840[840]
13131	25278+1535	0	6095	1	32578at147550_9|scaffold115|+|332|5.585e-93|3|25278|26812|25278[25278]:25532[25532]:255[255]|25592[25592]:25918[25918]:327[327]|25994[25994]:26812[26812]:819[819]
13131	152409-1961	0	6810	-1	50875at147550_6|scaffold115|-|837|5.332e-245|2|150449|152409|152409[152409]:151219[151219]:1191[1191]|151207[151165]:150449[150449]:759[717]
13131	195718-1613	0	8496	-1	46255at147550_5|scaffold115|-|718|3.543e-209|2|194106|195718|195718[195718]:194795[194795]:924[924]|194735[194735]:194106[194106]:630[630]
13131	229585+2020	0	9708	1	27102at147550_4|scaffold115|+|1010|4.453e-297|2|229585|231604|229585[229585]:231291[231291]:1707[1707]|231311[231350]:231604[231604]:294[255]
13131	143894+681	0	9945	1	52951at147550_3|scaffold115|+|76|6.467e-16|1|143894|144574|143894[143894]:144574[144574]:681[681]
13131	160943-725	0	10665	-1	92092at147550_7|scaffold115|-|308|9.37e-86|3|160219|160943|160943[160943]:160785[160785]:159[159]|160644[160644]:160399[160399]:246[246]|160347[160344]:160219[160219]:129[126]
13131	154244-993	0	11187	-1	89537at147550_7|scaffold115|-|345|6.817e-97|1|153252|154244|154244[154244]:153252[153252]:993[993]
13131	186202-1512	0	12942	-1	95964at147550_7|scaffold115|-|163|4.179e-42|1|184691|186202|186202[186202]:184691[184691]:1512[1512]
13131	222650+2838	0	15922	1	60419at147550_2|scaffold115|+|674|6.234e-196|3|222650|225487|222650[222650]:222988[222988]:339[339]|223777[223777]:223917[223917]:141[141]|223961[223970]:225487[225487]:1527[1518]
13131	206720-1685	0	16313	-1	46346at147550_3|scaffold115|-|615|3.594e-178|4|205036|206720|206720[206720]:206508[206508]:213[213]|206370[206370]:206272[206272]:99[99]|206165[206153]:205941[205941]:225[213]|205911[205878]:205036[205036]:876[843]
13131	277903-390	0	16520	-1	47574at147550_8|scaffold115|-|51|2.17e-08|1|277514|277903|277903[277903]:277514[277514]:390[390]
13131	192435-3461	0	17197	-1	7426at147550_6|scaffold115|-|1397|0|4|188975|192435|192435[192435]:192253[192253]:183[183]|192187[192184]:191453[191453]:735[732]|191432[191402]:189456[189456]:1977[1947]|189397[189394]:188975[188975]:423[420]
13131	210809-1506	0	17522	-1	63964at147550_6|scaffold115|-|388|7.75e-110|1|209304|210809|210809[210809]:209304[209304]:1506[1506]
13131	241402+3800	0	17915	1	3904at147550_8|scaffold115|+|2121|0|4|241402|245201|241402[241402]:241731[241731]:330[330]|241838[241856]:241966[241966]:129[111]|242082[242097]:245036[245036]:2955[2940]|245091[245103]:245201[245201]:111[99]
13131	2986-1079	0	20863	-1	80686at147550_2|scaffold115|-|493|1.911e-141|3|1908|2986|2986[2986]:2744[2744]:243[243]|2647[2644]:2291[2291]:357[354]|2225[2225]:1908[1908]:318[318]
13131	228931-834	0	23257	-1	86125at147550_8|scaffold115|-|274|1.61e-75|2|228098|228931|228931[228931]:228461[228461]:471[471]|228379[228376]:228098[228098]:282[279]
13131	165462+207	0	25055	1	109773at147550_1|scaffold115|+|102|9.636e-24|1|165462|165668|165462[165462]:165668[165668]:207[207]
13131	156383+369	0	25774	1	80358at147550_0|scaffold115|+|56|6.781e-10|1|156383|156751|156383[156383]:156751[156751]:369[369]
13131	238723+1573	0	28127	1	29538at147550_0|scaffold115|+|820|6.988e-240|2|238723|240295|238723[238723]:239112[239112]:390[390]|239156[239174]:240295[240295]:1140[1122]
13131	164954-375	0	28681	-1	105529at147550_2|scaffold115|-|143|4.382e-36|2|164580|164954|164954[164954]:164856[164856]:99[99]|164777[164768]:164580[164580]:198[189]
13131	202901+825	0	29157	1	91808at147550_4|scaffold115|+|225|9.062e-61|1|202901|203725|202901[202901]:203725[203725]:825[825]
13131	181611-3193	0	30930	-1	15008at147550_7|scaffold115|-|1474|0|2|178419|181611|181611[181611]:181270[181270]:342[342]|181100[181100]:178419[178419]:2682[2682]
13131	8770-2720	0	31490	-1	42994at147550_9|scaffold115|-|789|1.501e-230|2|6051|8770|8770[8770]:6443[6443]:2328[2328]|6329[6326]:6051[6051]:279[276]
13131	3723+1055	0	31543	1	95756at147550_5|scaffold115|+|331|1.117e-92|3|3723|4777|3723[3723]:3776[3776]:54[54]|3841[3844]:4002[4002]:162[159]|4034[4073]:4777[4777]:744[705]
13131	234038-1827	0	32169	-1	53842at147550_4|scaffold115|-|392|4.844e-111|1|232212|234038|234038[234038]:232212[232212]:1827[1827]
13131	207795+1323	0	34523	1	58313at147550_5|scaffold115|+|652|2.615e-189|3|207795|209117|207795[207795]:207908[207908]:114[114]|207974[207974]:208054[208054]:81[81]|208173[208176]:209117[209117]:945[942]
13131	219657+1439	0	38420	1	86575at147550_6|scaffold115|+|454|1.05e-129|2|219657|221095|219657[219657]:220076[220076]:420[420]|220163[220163]:221095[221095]:933[933]
13131	211396+6639	0	39941	1	723at147550_6|scaffold115|+|3729|0|1|211396|218034|211396[211396]:218034[218034]:6639[6639]
13131	226876+315	0	41673	1	95994at147550_7|scaffold115|+|155|1.07e-39|1|226876|227190|226876[226876]:227190[227190]:315[315]
13132	22624+4718	0	12355	1	24421at147550_6|scaffold147|+|1256|0|2|22624|27341|22624[22624]:25290[25290]:2667[2667]|25362[25365]:27341[27341]:1980[1977]
13132	79641+1161	0	21225	1	34105at147550_3|scaffold147|+|70|4.139e-14|1|79641|80801|79641[79641]:80801[80801]:1161[1161]
13132	37824-1899	0	25494	-1	24999at147550_6|scaffold147|-|737|6.759e-215|1|35926|37824|37824[37824]:35926[35926]:1899[1899]
13132	4259-3543	0	29583	-1	10215at147550_4|scaffold147|-|1021|2.174e-300|1|717|4259|4259[4259]:717[717]:3543[3543]
13132	137482-2320	0	37081	-1	6579at147550_9|scaffold147|-|189|6.227e-50|2|135163|137482|137482[137482]:136943[136943]:540[540]|136848[136848]:135163[135163]:1686[1686]
13132	119900+1648	0	37438	1	32578at147550_1|scaffold147|+|442|4.302e-126|6|119900|121547|119900[119900]:119992[119992]:93[93]|120041[120044]:120595[120595]:555[552]|120604[120604]:120783[120783]:180[180]|120852[120852]:121034[121034]:183[183]|121161[121161]:121286[121286]:126[126]|121356[121356]:121547[121547]:192[192]
13134	591-588	0	7689	-1	79894at147550_0|scaffold211|-|187|2.491e-49|1|4|591|591[591]:4[4]:588[588]
13134	10824+1874	0	23087	1	88429at147550_7|scaffold211|+|413|2.31e-117|2|10824|12697|10824[10824]:11750[11750]:927[927]|11792[11792]:12697[12697]:906[906]
13134	17381-852	0	33204	-1	80362at147550_8|scaffold211|-|327|1.787e-91|2|16530|17381|17381[17381]:17280[17280]:102[102]|17210[17174]:16530[16530]:681[645]
13134	18191+1341	0	35823	1	56535at147550_4|scaffold211|+|629|2.193e-182|2|18191|19531|18191[18191]:18424[18424]:234[234]|18524[18527]:19531[19531]:1008[1005]
13135	125788-1947	0	1552	-1	45295at147550_3|scaffold243|-|652|2.615e-189|2|123842|125788|125788[125788]:125126[125126]:663[663]|125047[125047]:123842[123842]:1206[1206]
13135	156571-3888	0	2758	-1	2565at147550_7|scaffold243|-|1824|0|1|152684|156571|156571[156571]:152684[152684]:3888[3888]
13135	1623-1072	0	3569	-1	79114at147550_7|scaffold243|-|410|1.848e-116|3|552|1623|1623[1623]:1474[1474]:150[150]|1291[1291]:1166[1166]:126[126]|1058[1058]:552[552]:507[507]
13135	136861+2274	0	4457	1	16376at147550_6|scaffold243|+|1060|3.955e-312|3|136861|139134|136861[136861]:137049[137049]:189[189]|137148[137148]:138353[138353]:1206[1206]|138409[138424]:139134[139134]:726[711]
13135	132942+1966	0	7321	1	61380at147550_2|scaffold243|+|475|5.009e-136|2|132942|134907|132942[132942]:133982[133982]:1041[1041]|134041[134044]:134907[134907]:867[864]
13135	115386+1705	0	7813	1	49830at147550_6|scaffold243|+|601|5.888e-174|3|115386|117090|115386[115386]:115490[115490]:105[105]|115661[115661]:116401[116401]:741[741]|116464[116464]:117090[117090]:627[627]
13135	44777+1356	0	8928	1	55565at147550_2|scaffold243|+|668|3.99e-194|3|44777|46132|44777[44777]:44968[44968]:192[192]|45155[45155]:45700[45700]:546[546]|45785[45788]:46132[46132]:348[345]
13135	207389+4287	0	9878	1	12490at147550_0|scaffold243|+|1234|0|2|207389|211675|207389[207389]:208534[208534]:1146[1146]|208676[208676]:211675[211675]:3000[3000]
13135	60709-912	0	10416	-1	51866at147550_6|scaffold243|-|223|3.625e-60|2|59798|60709|60709[60709]:60182[60182]:528[528]|60124[60115]:59798[59798]:327[318]
13135	114151-2852	0	12227	-1	38521at147550_3|scaffold243|-|912|1.411e-267|2|111300|114151|114151[114151]:111461[111461]:2691[2691]|111398[111395]:111300[111300]:99[96]
13135	144069-2112	0	15521	-1	23687at147550_8|scaffold243|-|1002|1.14e-294|3|141958|144069|144069[144069]:143833[143833]:237[237]|143448[143439]:142933[142933]:516[507]|142863[142863]:141958[141958]:906[906]
13135	168123-963	0	18360	-1	32578at147550|scaffold243|-|149|6.847e-38|1|167161|168123|168123[168123]:167161[167161]:963[963]
13135	14688+5236	0	18474	1	4303at147550_7|scaffold243|+|2237|0|2|14688|19923|14688[14688]:18515[18515]:3828[3828]|18574[18574]:19923[19923]:1350[1350]
13135	144920+1884	0	19550	1	39133at147550_7|scaffold243|+|554|8.286e-160|1|144920|146803|144920[144920]:146803[146803]:1884[1884]
13135	178030+749	0	23279	1	88086at147550_3|scaffold243|+|311|1.171e-86|2|178030|178778|178030[178030]:178449[178449]:420[420]|178506[178512]:178778[178778]:273[267]
13135	206191-705	0	23412	-1	89883at147550_7|scaffold243|-|306|3.748e-85|1|205487|206191|206191[206191]:205487[205487]:705[705]
13135	83671+3309	0	24604	1	11200at147550_2|scaffold243|+|1184|0|1|83671|86979|83671[83671]:86979[86979]:3309[3309]
13135	40742+17539	0	24909	1	100468at147550|scaffold243|+|265|8.242e-73|4|40742|58280|40742[40742]:41569[41569]:828[828]|57170[57170]:57463[57463]:294[294]|57652[57652]:57846[57846]:195[195]|57939[57939]:58280[58280]:342[342]
13135	75875+2016	0	25182	1	23235at147550_4|scaffold243|+|1060|3.955e-312|3|75875|77890|75875[75875]:76207[76207]:333[333]|76279[76279]:77535[77535]:1257[1257]|77591[77594]:77890[77890]:300[297]
13135	55945-642	0	30070	-1	94322at147550|scaffold243|-|37|0.0003555|1|55304|55945|55945[55945]:55304[55304]:642[642]
13135	151363-3680	0	30774	-1	14074at147550_6|scaffold243|-|1316|0|3|147684|151363|151363[151363]:150899[150899]:465[465]|150852[150846]:150595[150595]:258[252]|150569[150524]:147684[147684]:2886[2841]
13135	30676+402	0	31479	1	42590at147550_7|scaffold243|+|90|3.947e-20|1|30676|31077|30676[30676]:31077[31077]:402[402]
13135	52151+2950	0	32644	1	9215at147550_9|scaffold243|+|1297|0|2|52151|55100|52151[52151]:52666[52666]:516[516]|52740[52758]:55100[55100]:2361[2343]
13135	99391-1002	0	33009	-1	70677at147550_2|scaffold243|-|447|1.344e-127|1|98390|99391|99391[99391]:98390[98390]:1002[1002]
13135	51295-1901	0	33345	-1	25719at147550_2|scaffold243|-|975|1.53e-286|2|49395|51295|51295[51295]:50285[50285]:1011[1011]|50231[50225]:49395[49395]:837[831]
13135	68521+2045	0	34251	1	37851at147550_7|scaffold243|+|327|1.787e-91|2|68521|70565|68521[68521]:69699[69699]:1179[1179]|70044[70044]:70565[70565]:522[522]
13135	65096+1774	0	36829	1	41906at147550_1|scaffold243|+|853|8.135e-250|2|65096|66869|65096[65096]:66262[66262]:1167[1167]|66486[66510]:66869[66869]:384[360]
13135	9723-930	0	36856	-1	74479at147550_5|scaffold243|-|288|9.825e-80|1|8794|9723|9723[9723]:8794[8794]:930[930]
13135	73230-1528	0	39943	-1	47676at147550_0|scaffold243|-|536|2.172e-154|2|71703|73230|73230[73230]:72820[72820]:411[411]|72761[72758]:71703[71703]:1059[1056]
13139	76197-3343	0	1233	-1	15344at147550_8|scaffold371|-|1516|0|2|72855|76197|76197[76197]:73864[73864]:2334[2334]|73793[73793]:72855[72855]:939[939]
13139	34189+1953	0	3374	1	11354at147550_0|scaffold371|+|158|1.337e-40|1|34189|36141|34189[34189]:36141[36141]:1953[1953]
13139	41697-2358	0	3455	-1	35542at147550_8|scaffold371|-|832|1.706e-243|1|39340|41697|41697[41697]:39340[39340]:2358[2358]
13139	79023+1439	0	5072	1	72344at147550_8|scaffold371|+|490|1.529e-140|6|79023|80461|79023[79023]:79268[79268]:246[246]|79425[79425]:79583[79583]:159[159]|79643[79649]:79756[79756]:114[108]|79878[79878]:80222[80222]:345[345]|80278[80281]:80373[80373]:96[93]|80399[80435]:80461[80461]:63[27]
13139	10075+1461	0	6538	1	10101at147550|scaffold371|+|167|2.612e-43|2|10075|11535|10075[10075]:11298[11298]:1224[1224]|11356[11356]:11535[11535]:180[180]
13139	43833+619	0	7818	1	106570at147550_6|scaffold371|+|179|6.377e-47|2|43833|44451|43833[43833]:43931[43931]:99[99]|44014[44029]:44451[44451]:438[423]
13139	53732-6532	0	8231	-1	49230at147550_8|scaffold371|-|1295|0|8|47201|53732|53732[53732]:53286[53286]:447[447]|53227[53224]:53006[53006]:222[219]|52840[52837]:52598[52598]:243[240]|52555[52546]:52244[52244]:312[303]|50596[50596]:50240[50240]:357[357]|50103[50103]:49882[49882]:222[222]|49825[49825]:48902[48902]:924[924]|48823[48823]:47201[47201]:1623[1623]
13139	31095-1418	0	18629	-1	17524at147550_3|scaffold371|-|202|7.602e-54|2|29678|31095|31095[31095]:30730[30730]:366[366]|30625[30625]:29678[29678]:948[948]
13139	2164-429	0	25382	-1	106024at147550_0|scaffold371|-|155|1.07e-39|1|1736|2164|2164[2164]:1736[1736]:429[429]
13139	27004-1422	0	29120	-1	48743at147550_0|scaffold371|-|523|1.779e-150|1|25583|27004|27004[27004]:25583[25583]:1422[1422]
13139	81038+3159	0	36153	1	13753at147550_9|scaffold371|+|1284|0|2|81038|84196|81038[81038]:81136[81136]:99[99]|81257[81263]:84196[84196]:2940[2934]
13139	18237+1027	0	37094	1	87331at147550_5|scaffold371|+|407|1.478e-115|3|18237|19263|18237[18237]:18401[18401]:165[165]|18482[18485]:18709[18709]:228[225]|18787[18790]:19263[19263]:477[474]
13139	7204-1941	0	38931	-1	66439at147550_4|scaffold371|-|768|3.147e-224|2|5264|7204|7204[7204]:6803[6803]:402[402]|6664[6664]:5264[5264]:1401[1401]
20440	5736+2634	0	7555	1	28807at147550_6|scaffold733|+|953|6.418e-280|1|5736|8369|5736[5736]:8369[8369]:2634[2634]
20440	26661-782	0	15532	-1	78295at147550_0|scaffold733|-|377|1.587e-106|2|25880|26661|26661[26661]:26410[26410]:252[252]|26371[26347]:25880[25880]:492[468]
20440	12523-1667	0	38214	-1	29106at147550_8|scaffold733|-|865|1.986e-253|2|10857|12523|12523[12523]:11648[11648]:876[876]|11534[11525]:10857[10857]:678[669]
16050	30175-1666	0	1437	-1	75430at147550_4|scaffold215|-|373|2.54e-105|2|28510|30175|30175[30175]:29837[29837]:339[339]|29790[29775]:28510[28510]:1281[1266]
16050	54039+1230	0	4541	1	28802at147550_8|scaffold215|+|234|1.77e-63|2|54039|55268|54039[54039]:54578[54578]:540[540]|54624[54651]:55268[55268]:645[618]
16050	16565-1038	0	6899	-1	24514at147550_2|scaffold215|-|102|9.636e-24|1|15528|16565|16565[16565]:15528[15528]:1038[1038]
16050	61502+1839	0	8090	1	22772at147550_5|scaffold215|+|559|2.589e-161|3|61502|63340|61502[61502]:61906[61906]:405[405]|62136[62136]:62609[62609]:474[474]|62681[62705]:63340[63340]:660[636]
16050	47024-1308	0	16167	-1	39896at147550_7|scaffold215|-|445|5.378e-127|1|45717|47024|47024[47024]:45717[45717]:1308[1308]
16050	89133+1290	0	19194	1	73680at147550_4|scaffold215|+|482|3.913e-138|1|89133|90422|89133[89133]:90422[90422]:1290[1290]
16050	49511+533	0	26748	1	105837at147550_5|scaffold215|+|168|1.306e-43|2|49511|50043|49511[49511]:49597[49597]:87[87]|49732[49732]:50043[50043]:312[312]
16050	22777+1254	0	38744	1	32578at147550_2|scaffold215|+|252|6.752e-69|1|22777|24030|22777[22777]:24030[24030]:1254[1254]
16050	67067+816	0	39928	1	106277at147550_0|scaffold215|+|159|6.686e-41|3|67067|67882|67067[67067]:67228[67228]:162[162]|67323[67350]:67550[67550]:228[201]|67769[67769]:67882[67882]:114[114]
16051	27982+1338	0	448	1	76120at147550_7|scaffold247|+|395|6.055e-112|1|27982|29319|27982[27982]:29319[29319]:1338[1338]
16051	27372-296	0	3386	-1	107228at147550_8|scaffold247|-|151|1.712e-38|2|27077|27372|27372[27372]:27217[27217]:156[156]|27154[27151]:27077[27077]:78[75]
16051	31759+1395	0	25457	1	84905at147550_4|scaffold247|+|216|4.64e-58|2|31759|33153|31759[31759]:32367[32367]:609[609]|32461[32461]:33153[33153]:693[693]
16053	115095+1695	0	4491	1	78727at147550_4|scaffold311|+|324|1.43e-90|1|115095|116789|115095[115095]:116789[116789]:1695[1695]
16053	54726-2937	0	5639	-1	9385at147550_6|scaffold311|-|1476|0|1|51790|54726|54726[54726]:51790[51790]:2937[2937]
16053	93440-1670	0	9040	-1	58315at147550_4|scaffold311|-|526|2.224e-151|4|91771|93440|93440[93440]:92910[92910]:531[531]|92772[92772]:92416[92416]:357[357]|92377[92347]:91904[91904]:474[444]|91836[91830]:91771[91771]:66[60]
16053	132229-2121	0	10803	-1	11882at147550_7|scaffold311|-|158|1.337e-40|1|130109|132229|132229[132229]:130109[130109]:2121[2121]
16053	55529+1339	0	12258	1	40222at147550_2|scaffold311|+|702|2.322e-204|3|55529|56867|55529[55529]:55636[55636]:108[108]|55655[55688]:55747[55747]:93[60]|55809[55815]:56867[56867]:1059[1053]
16053	140681+2307	0	15569	1	22667at147550_9|scaffold311|+|460|1.641e-131|1|140681|142987|140681[140681]:142987[142987]:2307[2307]
16053	108041+357	0	15816	1	102787at147550_3|scaffold311|+|201|1.52e-53|1|108041|108397|108041[108041]:108397[108397]:357[357]
16053	126130-1161	0	20124	-1	34675at147550_8|scaffold311|-|134|2.244e-33|1|124970|126130|126130[126130]:124970[124970]:1161[1161]
16053	81767-2451	0	20406	-1	19930at147550_7|scaffold311|-|974|3.06e-286|3|79317|81767|81767[81767]:81336[81336]:432[432]|81246[81246]:80413[80413]:834[834]|80276[80261]:79317[79317]:960[945]
16053	118370+1591	0	29436	1	39735at147550_7|scaffold311|+|304|1.499e-84|2|118370|119960|118370[118370]:118972[118972]:603[603]|119037[119037]:119960[119960]:924[924]
16053	86372-2482	0	29977	-1	67685at147550_3|scaffold311|-|757|6.446e-221|2|83891|86372|86372[86372]:85995[85995]:378[378]|85954[85927]:83891[83891]:2064[2037]
16053	136380-2696	0	30650	-1	11719at147550_6|scaffold311|-|1447|0|2|133685|136380|136380[136380]:133990[133990]:2391[2391]|133930[133924]:133685[133685]:246[240]
16053	137043+1555	0	35025	1	61708at147550_6|scaffold311|+|606|1.84e-175|2|137043|138597|137043[137043]:137102[137102]:60[60]|137161[137161]:138597[138597]:1437[1437]
16053	73869-2649	0	39148	-1	27589at147550_8|scaffold311|-|803|9.16e-235|1|71221|73869|73869[73869]:71221[71221]:2649[2649]
16053	106918-509	0	40132	-1	94792at147550_5|scaffold311|-|213|3.712e-57|2|106410|106918|106918[106918]:106844[106844]:75[75]|106772[106772]:106410[106410]:363[363]
16054	370116-3902	0	2831	-1	4773at147550_5|scaffold343|-|1966|0|2|366215|370116|370116[370116]:369844[369844]:273[273]|369754[369745]:366215[366215]:3540[3531]
16054	45471-2751	0	2870	-1	72366at147550_9|scaffold343|-|841|3.332e-246|1|42721|45471|45471[45471]:42721[42721]:2751[2751]
16054	33492+1931	0	3311	1	60177at147550_7|scaffold343|+|607|9.199e-176|3|33492|35422|33492[33492]:33956[33956]:465[465]|34012[34036]:34782[34782]:771[747]|34883[34898]:35422[35422]:540[525]
16054	71789-782	0	4230	-1	103286at147550_4|scaffold343|-|287|1.965e-79|2|71008|71789|71789[71789]:71235[71235]:555[555]|71127[71118]:71008[71008]:120[111]
16054	234852+1907	0	5501	1	34845at147550_9|scaffold343|+|152|8.559e-39|2|234852|236758|234852[234852]:235040[235040]:189[189]|235184[235184]:236758[236758]:1575[1575]
16054	128053-1473	0	6095	-1	32578at147550_9|scaffold343|-|287|1.965e-79|2|126581|128053|128053[128053]:127142[127142]:912[912]|127030[127030]:126581[126581]:450[450]
16054	266873-399	0	8050	-1	104567at147550_9|scaffold343|-|209|5.939e-56|1|266475|266873|266873[266873]:266475[266475]:399[399]
16054	200587+1581	0	8095	1	41723at147550_5|scaffold343|+|833|8.531e-244|3|200587|202167|200587[200587]:200979[200979]:393[393]|201053[201056]:201694[201694]:642[639]|201742[201745]:202167[202167]:426[423]
16054	267757+1084	0	8732	1	79803at147550_8|scaffold343|+|412|4.62e-117|2|267757|268840|267757[267757]:268116[268116]:360[360]|268223[268226]:268840[268840]:618[615]
16054	93152+1571	0	8804	1	27007at147550_7|scaffold343|+|365|6.502e-103|3|93152|94722|93152[93152]:94015[94015]:864[864]|94072[94084]:94479[94479]:408[396]|94534[94534]:94722[94722]:189[189]
16054	321098-684	0	8962	-1	99469at147550_6|scaffold343|-|231|1.416e-62|4|320415|321098|321098[321098]:321024[321024]:75[75]|320946[320931]:320860[320860]:87[72]|320772[320772]:320530[320530]:243[243]|320462[320462]:320415[320415]:48[48]
16054	117910+1605	0	9326	1	12577at147550_8|scaffold343|+|104|2.409e-24|1|117910|119514|117910[117910]:119514[119514]:1605[1605]
16054	87994+945	0	10234	1	55565at147550_3|scaffold343|+|115|1.176e-27|1|87994|88938|87994[87994]:88938[88938]:945[945]
16054	45852+382	0	10264	1	103510at147550_9|scaffold343|+|128|1.436e-31|2|45852|46233|45852[45852]:46046[46046]:195[195]|46102[46108]:46233[46233]:132[126]
16054	11471-474	0	11676	-1	90214at147550_4|scaffold343|-|240|2.765e-65|1|10998|11471|11471[11471]:10998[10998]:474[474]
16054	102501+1278	0	12304	1	101478at147550_4|scaffold343|+|243|3.457e-66|1|102501|103778|102501[102501]:103778[103778]:1278[1278]
16054	321787+5599	0	13387	1	3609at147550_3|scaffold343|+|2063|0|3|321787|327385|321787[321787]:321864[321864]:78[78]|322179[322179]:325112[325112]:2934[2934]|325178[325178]:327385[327385]:2208[2208]
16054	112544+2599	0	14164	1	35078at147550_0|scaffold343|+|605|3.68e-175|5|112544|115142|112544[112544]:112639[112639]:96[96]|112818[112818]:113129[113129]:312[312]|113521[113530]:114060[114060]:540[531]|114487[114487]:114609[114609]:123[123]|114879[114879]:115142[115142]:264[264]
16054	225479+984	0	16859	1	39359at147550_8|scaffold343|+|89|7.894e-20|1|225479|226462|225479[225479]:226462[226462]:984[984]
16054	30731-606	0	19002	-1	100950at147550_7|scaffold343|-|232|7.08e-63|1|30126|30731|30731[30731]:30126[30126]:606[606]
16054	142922-491	0	21029	-1	111057at147550_5|scaffold343|-|162|8.358e-42|3|142432|142922|142922[142922]:142872[142872]:51[51]|142773[142773]:142705[142705]:69[69]|142590[142587]:142432[142432]:159[156]
16054	78519+1095	0	21348	1	90059at147550_9|scaffold343|+|368|8.127e-104|2|78519|79613|78519[78519]:78842[78842]:324[324]|78894[78897]:79613[79613]:720[717]
16054	139675+2247	0	22190	1	59047at147550_9|scaffold343|+|685|3.044e-199|1|139675|141921|139675[139675]:141921[141921]:2247[2247]
16054	183684-4451	0	23427	-1	7122at147550_7|scaffold343|-|1423|0|4|179234|183684|183684[183684]:183610[183610]:75[75]|183510[183510]:181366[181366]:2145[2145]|181333[181312]:180185[180185]:1149[1128]|180139[180130]:179234[179234]:906[897]
16054	218272+3148	0	23940	1	6425at147550_8|scaffold343|+|1612|0|3|218272|221419|218272[218272]:218352[218352]:81[81]|218422[218422]:218658[218658]:237[237]|218696[218723]:221419[221419]:2724[2697]
16054	269928-552	0	24763	-1	79738at147550_9|scaffold343|-|55|1.356e-09|1|269377|269928|269928[269928]:269377[269377]:552[552]
16054	137014-944	0	26723	-1	85495at147550_1|scaffold343|-|208|1.188e-55|2|136071|137014|137014[137014]:136418[136418]:597[597]|136262[136262]:136071[136071]:192[192]
16054	331131+1201	0	27754	1	66791at147550_6|scaffold343|+|548|5.303e-158|2|331131|332331|331131[331131]:331499[331499]:369[369]|331567[331567]:332331[332331]:765[765]
16054	106996-2457	0	31390	-1	55394at147550|scaffold343|-|718|3.543e-209|1|104540|106996|106996[106996]:104540[104540]:2457[2457]
16054	28262+1474	0	31716	1	74287at147550_7|scaffold343|+|483|1.956e-138|3|28262|29735|28262[28262]:28477[28477]:216[216]|28583[28583]:29332[29332]:750[750]|29391[29391]:29735[29735]:345[345]
16054	372723-1517	0	34301	-1	85224at147550_5|scaffold343|-|343|2.727e-96|2|371207|372723|372723[372723]:372148[372148]:576[576]|371932[371932]:371207[371207]:726[726]
16054	339155-1350	0	35650	-1	48743at147550_5|scaffold343|-|171|1.632e-44|1|337806|339155|339155[339155]:337806[337806]:1350[1350]
16054	277629-720	0	35797	-1	95545at147550_2|scaffold343|-|46|6.944e-07|1|276910|277629|277629[277629]:276910[276910]:720[720]
16054	244872+2082	0	37638	1	55802at147550_0|scaffold343|+|531|6.951e-153|2|244872|246953|244872[244872]:244937[244937]:66[66]|244998[244998]:246953[246953]:1956[1956]
16054	82615+2253	0	39301	1	36889at147550_3|scaffold343|+|863|7.945e-253|2|82615|84867|82615[82615]:83844[83844]:1230[1230]|83899[83902]:84867[84867]:969[966]
16054	312423+717	0	39366	1	57903at147550_5|scaffold343|+|58|1.695e-10|1|312423|313139|312423[312423]:313139[313139]:717[717]
16054	264393+189	0	39697	1	103149at147550_9|scaffold343|+|76|6.467e-16|1|264393|264581|264393[264393]:264581[264581]:189[189]
16054	186470+659	0	40222	1	85253at147550_5|scaffold343|+|324|1.43e-90|2|186470|187128|186470[186470]:186889[186889]:420[420]|186958[186958]:187128[187128]:171[171]
16054	145275+3003	0	40231	1	11109at147550_3|scaffold343|+|887|4.735e-260|2|145275|148277|145275[145275]:146573[146573]:1299[1299]|146625[146625]:148277[148277]:1653[1653]
16054	24690+1997	0	40888	1	48633at147550_7|scaffold343|+|866|9.931e-254|5|24690|26686|24690[24690]:24812[24812]:123[123]|24913[24913]:25032[25032]:120[120]|25096[25102]:25299[25299]:204[198]|25360[25360]:25515[25515]:156[156]|25646[25649]:26686[26686]:1041[1038]
16054	77870-2484	0	41281	-1	26459at147550_1|scaffold343|-|998|1.824e-293|3|75387|77870|77870[77870]:77826[77826]:45[45]|77614[77611]:75611[75611]:2004[2001]|75542[75539]:75387[75387]:156[153]
16054	68053+2714	0	41513	1	16070at147550_6|scaffold343|+|1033|5.309e-304|3|68053|70766|68053[68053]:68628[68628]:576[576]|68664[68676]:70103[70103]:1440[1428]|70155[70155]:70766[70766]:612[612]
16056	18424+3408	0	1711	1	83972at147550_3|scaffold407|+|650|1.046e-188|4|18424|21831|18424[18424]:18744[18744]:321[321]|18825[18825]:19418[19418]:594[594]|20895[20895]:21011[21011]:117[117]|21172[21175]:21831[21831]:660[657]
16056	65934-878	0	9312	-1	106649at147550_0|scaffold407|-|172|8.162e-45|3|65057|65934|65934[65934]:65689[65689]:246[246]|65350[65350]:65213[65213]:138[138]|65101[65101]:65057[65057]:45[45]
16056	15648+462	0	30480	1	64928at147550_3|scaffold407|+|86|6.315e-19|1|15648|16109|15648[15648]:16109[16109]:462[462]
16056	32904-1679	0	33878	-1	15291at147550_1|scaffold407|-|257|2.11e-70|4|31226|32904|32904[32904]:32683[32683]:222[222]|32497[32494]:32132[32132]:366[363]|32061[32061]:31915[31915]:147[147]|31732[31732]:31226[31226]:507[507]
16056	17326-366	0	36559	-1	107710at147550_6|scaffold407|-|101|1.927e-23|1|16961|17326|17326[17326]:16961[16961]:366[366]
16056	20907+925	0	37004	1	77210at147550_6|scaffold407|+|318|9.15e-89|2|20907|21831|20907[20907]:21011[21011]:105[105]|21172[21175]:21831[21831]:660[657]
16056	11429+1865	0	39978	1	28985at147550_6|scaffold407|+|629|2.193e-182|2|11429|13293|11429[11429]:11545[11545]:117[117]|11788[11791]:13293[13293]:1506[1503]
16056	70767-4155	0	40086	-1	54956at147550_2|scaffold407|-|521|7.118e-150|4|66613|70767|70767[70767]:68563[68563]:2205[2205]|67572[67572]:67282[67282]:291[291]|67111[67111]:66794[66794]:318[318]|66687[66687]:66613[66613]:75[75]
10940	1325-1325	0	15088	-1	55335at147550_6|C196212|-|662|2.553e-192|2|1|1325|1325[1325]:1032[1032]:294[294]|948[948]:1[1]:948[948]
10941	1924+1341	0	3580	1	27007at147550_3|scaffold16|+|210|2.969e-56|1|1924|3264|1924[1924]:3264[3264]:1341[1341]
10941	47609-1602	0	5478	-1	22772at147550_3|scaffold16|-|327|1.787e-91|2|46008|47609|47609[47609]:47163[47163]:447[447]|47093[47093]:46008[46008]:1086[1086]
10941	31974+2138	0	30948	1	45201at147550_3|scaffold16|+|706|1.451e-205|3|31974|34111|31974[31974]:33653[33653]:1680[1680]|33735[33735]:33863[33863]:129[129]|33959[33977]:34111[34111]:153[135]
10941	36326-1722	0	30984	-1	36790at147550_6|scaffold16|-|404|1.183e-114|1|34605|36326|36326[36326]:34605[34605]:1722[1722]
10941	85615+1887	0	37719	1	26344at147550_7|scaffold16|+|296|3.838e-82|1|85615|87501|85615[85615]:87501[87501]:1887[1887]
10941	92029-1284	0	38744	-1	32578at147550_2|scaffold16|-|222|7.249e-60|1|90746|92029|92029[92029]:90746[90746]:1284[1284]
10941	28928+1215	0	39802	1	28802at147550_3|scaffold16|+|205|9.502e-55|1|28928|30142|28928[28928]:30142[30142]:1215[1215]
10944	76103-1943	0	9503	-1	46279at147550_8|scaffold112|-|570|1.264e-164|2|74161|76103|76103[76103]:75906[75906]:198[198]|75858[75843]:74161[74161]:1698[1683]
10944	53339-942	0	10056	-1	92141at147550_5|scaffold112|-|413|2.31e-117|2|52398|53339|53339[53339]:53232[53232]:108[108]|53162[53162]:52398[52398]:765[765]
10944	49963+1455	0	12515	1	61818at147550_5|scaffold112|+|453|2.101e-129|2|49963|51417|49963[49963]:50127[50127]:165[165]|50203[50203]:51417[51417]:1215[1215]
10944	46475+1303	0	14325	1	48624at147550_1|scaffold112|+|548|5.303e-158|2|46475|47777|46475[46475]:47098[47098]:624[624]|47151[47154]:47777[47777]:627[624]
10944	72885+663	0	19110	1	94416at147550_6|scaffold112|+|259|5.275e-71|2|72885|73547|72885[72885]:72944[72944]:60[60]|73020[73020]:73547[73547]:528[528]
10944	64493+1044	0	28564	1	97257at147550_4|scaffold112|+|194|1.946e-51|1|64493|65536|64493[64493]:65536[65536]:1044[1044]
10944	45623-1320	0	30395	-1	62260at147550_6|scaffold112|-|552|3.314e-159|2|44304|45623|45623[45623]:44736[44736]:888[888]|44675[44669]:44304[44304]:372[366]
10944	79601+9432	0	30573	1	55644at147550_8|scaffold112|+|591|6.029e-171|3|79601|89032|79601[79601]:80215[80215]:615[615]|80298[80340]:80633[80633]:336[294]|84812[84818]:89032[89032]:4221[4215]
10944	71970-1869	0	33116	-1	37673at147550_5|scaffold112|-|762|2.014e-222|5|70102|71970|71970[71970]:71701[71701]:270[270]|71582[71582]:71448[71448]:135[135]|71381[71381]:70968[70968]:414[414]|70931[70919]:70719[70719]:213[201]|70653[70653]:70102[70102]:552[552]
10944	67151-1065	0	38612	-1	86911at147550_6|scaffold112|-|254|1.688e-69|1|66087|67151|67151[67151]:66087[66087]:1065[1065]
10944	84821+4227	0	38808	1	17785at147550_8|scaffold112|+|951|2.567e-279|1|84821|89047|84821[84821]:89047[89047]:4227[4227]
10944	54832+807	0	40348	1	78877at147550_3|scaffold112|+|325|7.149e-91|1|54832|55638|54832[54832]:55638[55638]:807[807]
10944	62541-2233	0	41091	-1	49152at147550_6|scaffold112|-|635|3.427e-184|2|60309|62541|62541[62541]:62275[62275]:267[267]|61592[61589]:60309[60309]:1284[1281]
4380	16816+1246	0	3199	1	43726at147550_1|scaffold7|+|754|5.156e-220|2|16816|18061|16816[16816]:17253[17253]:438[438]|17333[17339]:18061[18061]:729[723]
4380	141129+556	0	3250	1	98229at147550_7|scaffold7|+|259|5.275e-71|3|141129|141684|141129[141129]:141407[141407]:279[279]|141476[141476]:141577[141577]:102[102]|141622[141631]:141684[141684]:63[54]
4380	133429-2744	0	3338	-1	54364at147550_5|scaffold7|-|662|2.553e-192|2|130686|133429|133429[133429]:133214[133214]:216[216]|133139[133139]:130686[130686]:2454[2454]
4380	127691+1662	0	5569	1	38577at147550_3|scaffold7|+|717|7.087e-209|1|127691|129352|127691[127691]:129352[129352]:1662[1662]
4380	12925+8617	0	7117	1	43726at147550_4|scaffold7|+|1672|0|4|12925|21541|12925[12925]:14352[14352]:1428[1428]|16813[16813]:17253[17253]:441[441]|17333[17339]:18058[18058]:726[720]|20243[20249]:21541[21541]:1299[1293]
4380	23428-724	0	7644	-1	88297at147550_1|scaffold7|-|358|8.322e-101|3|22705|23428|23428[23428]:23177[23177]:252[252]|23112[23106]:22960[22960]:153[147]|22872[22872]:22705[22705]:168[168]
4380	113434+927	0	8457	1	95838at147550_7|scaffold7|+|333|2.792e-93|1|113434|114360|113434[113434]:114360[114360]:927[927]
4380	116225-635	0	8520	-1	110215at147550_1|scaffold7|-|176|5.101e-46|4|115591|116225|116225[116225]:116157[116157]:69[69]|116055[116055]:115981[115981]:75[75]|115864[115861]:115730[115730]:135[132]|115635[115623]:115591[115591]:45[33]
4380	112253-1043	0	9339	-1	93457at147550_4|scaffold7|-|164|2.09e-42|4|111211|112253|112253[112253]:112182[112182]:72[72]|111954[111954]:111796[111796]:159[159]|111728[111728]:111600[111600]:129[129]|111375[111375]:111211[111211]:165[165]
4380	7568+570	0	12454	1	64696at147550_6|scaffold7|+|81|2.021e-17|1|7568|8137|7568[7568]:8137[8137]:570[570]
4380	30007-822	0	12557	-1	52951at147550_5|scaffold7|-|105|1.205e-24|1|29186|30007|30007[30007]:29186[29186]:822[822]
4380	153685+1164	0	13298	1	82904at147550_1|scaffold7|+|206|4.751e-55|1|153685|154848|153685[153685]:154848[154848]:1164[1164]
4380	55557-1335	0	16890	-1	78039at147550_8|scaffold7|-|259|5.275e-71|1|54223|55557|55557[55557]:54223[54223]:1335[1335]
4380	117019+1497	0	17577	1	44109at147550_6|scaffold7|+|631|5.483e-183|4|117019|118515|117019[117019]:117627[117627]:609[609]|117645[117684]:118058[118058]:414[375]|118114[118120]:118317[118317]:204[198]|118366[118381]:118515[118515]:150[135]
4380	85810+2486	0	17982	1	6062at147550_6|scaffold7|+|496|2.388e-142|3|85810|88295|85810[85810]:86802[86802]:993[993]|86876[86876]:87595[87595]:720[720]|87753[87768]:88295[88295]:543[528]
4380	152947-1104	0	20933	-1	74755at147550|scaffold7|-|470|1.603e-134|4|151844|152947|152947[152947]:152840[152840]:108[108]|152682[152682]:152587[152587]:96[96]|152513[152513]:152301[152301]:213[213]|152269[152227]:151844[151844]:426[384]
4380	97576+966	0	23742	1	25065at147550_1|scaffold7|+|164|2.09e-42|1|97576|98541|97576[97576]:98541[98541]:966[966]
4380	76361-1194	0	29333	-1	61471at147550_9|scaffold7|-|628|4.387e-182|1|75168|76361|76361[76361]:75168[75168]:1194[1194]
4380	57810+1436	0	30864	1	55018at147550_5|scaffold7|+|675|3.117e-196|2|57810|59245|57810[57810]:57956[57956]:147[147]|58052[58058]:59245[59245]:1194[1188]
4380	148837-701	0	31305	-1	94932at147550_8|scaffold7|-|280|2.515e-77|3|148137|148837|148837[148837]:148598[148598]:240[240]|148487[148487]:148329[148329]:159[159]|148262[148262]:148137[148137]:126[126]
4380	122260-924	0	31601	-1	74174at147550_9|scaffold7|-|64|2.649e-12|1|121337|122260|122260[122260]:121337[121337]:924[924]
4380	108882+1344	0	32844	1	62943at147550_6|scaffold7|+|603|1.472e-174|3|108882|110225|108882[108882]:109082[109082]:201[201]|109172[109178]:109453[109453]:282[276]|109539[109542]:110225[110225]:687[684]
4380	20231+1308	0	39561	1	39845at147550_4|scaffold7|+|684|6.088e-199|1|20231|21538|20231[20231]:21538[21538]:1308[1308]
4380	99632+1608	0	41356	1	32578at147550_4|scaffold7|+|381|9.921e-108|2|99632|101239|99632[99632]:100012[100012]:381[381]|100082[100088]:101239[101239]:1158[1152]
4381	7205-1341	0	3534	-1	42481at147550_9|scaffold39|-|630|1.097e-182|1|5865|7205|7205[7205]:5865[5865]:1341[1341]
4381	123250-1859	0	4241	-1	44711at147550_8|scaffold39|-|784|4.802e-229|2|121392|123250|123250[123250]:123155[123155]:96[96]|123113[123077]:121392[121392]:1722[1686]
4381	103989-1819	0	15044	-1	64569at147550_4|scaffold39|-|666|1.596e-193|4|102171|103989|103989[103989]:103939[103939]:51[51]|103860[103860]:103771[103771]:90[90]|103703[103703]:103461[103461]:243[243]|103409[103403]:102171[102171]:1239[1233]
4381	35200+860	0	16954	1	95736at147550_1|scaffold39|+|212|7.423e-57|2|35200|36059|35200[35200]:35589[35589]:390[390]|35649[35649]:36059[36059]:411[411]
4381	170682+369	0	20370	1	106593at147550_0|scaffold39|+|146|5.478e-37|2|170682|171050|170682[170682]:170804[170804]:123[123]|170940[170949]:171050[171050]:111[102]
4381	59701+637	0	20506	1	84731at147550_7|scaffold39|+|360|2.08e-101|2|59701|60337|59701[59701]:59925[59925]:225[225]|60026[60032]:60337[60337]:312[306]
4381	58915-1018	0	25773	-1	62577at147550_8|scaffold39|-|577|9.878e-167|2|57898|58915|58915[58915]:58781[58781]:135[135]|58701[58701]:57898[57898]:804[804]
4381	43951-1242	0	25981	-1	88475at147550_0|scaffold39|-|282|6.288e-78|2|42710|43951|43951[43951]:43760[43760]:192[192]|43591[43585]:42710[42710]:882[876]
4381	38255+2785	0	27092	1	45060at147550_9|scaffold39|+|639|2.142e-185|5|38255|41039|38255[38255]:38923[38923]:669[669]|39036[39036]:39455[39455]:420[420]|40012[40012]:40107[40107]:96[96]|40154[40157]:40309[40309]:156[153]|40428[40428]:41039[41039]:612[612]
4381	114784+3934	0	27947	1	1981at147550_8|scaffold39|+|2268|0|3|114784|118717|114784[114784]:117216[117216]:2433[2433]|117266[117269]:118498[118498]:1233[1230]|118559[118559]:118717[118717]:159[159]
4381	27939+1928	0	28265	1	25793at147550_9|scaffold39|+|697|7.431e-203|4|27939|29866|27939[27939]:28406[28406]:468[468]|28763[28763]:28903[28903]:141[141]|28965[28965]:29123[29123]:159[159]|29186[29189]:29866[29866]:681[678]
4381	164194-1422	0	29061	-1	34105at147550_9|scaffold39|-|173|4.081e-45|1|162773|164194|164194[164194]:162773[162773]:1422[1422]
4381	89021+1410	0	29061	1	34105at147550_9|scaffold39|+|97|3.084e-22|2|89021|90430|89021[89021]:89254[89254]:234[234]|89408[89408]:90430[90430]:1023[1023]
4381	1073+675	0	30630	1	61098at147550_2|scaffold39|+|68|1.655e-13|1|1073|1747|1073[1073]:1747[1747]:675[675]
4381	158527+1004	0	40735	1	95900at147550_9|scaffold39|+|334|1.396e-93|3|158527|159530|158527[158527]:158598[158598]:72[72]|158870[158894]:159244[159244]:375[351]|159342[159348]:159530[159530]:189[183]
4382	352672-2751	0	335	-1	29260at147550_1|scaffold71|-|345|6.817e-97|1|349922|352672|352672[352672]:349922[349922]:2751[2751]
4382	420688-744	0	545	-1	85792at147550_7|scaffold71|-|341|1.091e-95|1|419945|420688|420688[420688]:419945[419945]:744[744]
4382	159504-1167	0	708	-1	87018at147550_5|scaffold71|-|514|9.111e-148|2|158338|159504|159504[159504]:159211[159211]:294[294]|159186[159156]:158338[158338]:849[819]
4382	29766-924	0	818	-1	67814at147550_8|scaffold71|-|68|1.655e-13|1|28843|29766|29766[29766]:28843[28843]:924[924]
4382	213303-905	0	1091	-1	81190at147550_6|scaffold71|-|264|1.648e-72|2|212399|213303|213303[213303]:212695[212695]:609[609]|212644[212638]:212399[212399]:246[240]
4382	283923+443	0	1470	1	105821at147550_2|scaffold71|+|185|9.964e-49|2|283923|284365|283923[283923]:284081[284081]:159[159]|284222[284222]:284365[284365]:144[144]
4382	234746+1333	0	2058	1	86799at147550_9|scaffold71|+|428|7.049e-122|4|234746|236078|234746[234746]:234925[234925]:180[180]|235170[235170]:235451[235451]:282[282]|235534[235534]:235740[235740]:207[207]|235803[235806]:236078[236078]:276[273]
4382	303138-551	0	2352	-1	102552at147550_4|scaffold71|-|200|3.041e-53|2|302588|303138|303138[303138]:302791[302791]:348[348]|302707[302707]:302588[302588]:120[120]
4382	324580+13507	0	2375	1	19237at147550_1|scaffold71|+|1398|0|6|324580|338086|324580[324580]:324747[324747]:168[168]|324884[324884]:325168[325168]:285[285]|325217[325220]:327232[327232]:2016[2013]|337236[337236]:337535[337535]:300[300]|337618[337627]:337878[337878]:261[252]|337967[337979]:338086[338086]:120[108]
4382	357782-2699	0	2569	-1	32289at147550_8|scaffold71|-|852|1.627e-249|6|355084|357782|357782[357782]:357606[357606]:177[177]|357278[357278]:356394[356394]:885[885]|356355[356340]:356164[356164]:192[177]|356025[356025]:355981[355981]:45[45]|355928[355928]:355770[355770]:159[159]|355722[355716]:355084[355084]:639[633]
4382	160027+876	0	3176	1	95410at147550_5|scaffold71|+|283|3.144e-78|1|160027|160902|160027[160027]:160902[160902]:876[876]
4382	588843-1104	0	3974	-1	55677at147550|scaffold71|-|556|2.072e-160|2|587740|588843|588843[588843]:588532[588532]:312[312]|588480[588474]:587740[587740]:741[735]
4382	606961+3048	0	4088	1	15855at147550_6|scaffold71|+|1016|6.958e-299|4|606961|610008|606961[606961]:607089[607089]:129[129]|607245[607245]:607511[607511]:267[267]|607687[607687]:609018[609018]:1332[1332]|609073[609073]:610008[610008]:936[936]
4382	599577-1173	0	4675	-1	66659at147550_1|scaffold71|-|573|1.58e-165|1|598405|599577|599577[599577]:598405[598405]:1173[1173]
4382	388284-1782	0	4760	-1	23010at147550_7|scaffold71|-|908|2.258e-266|3|386503|388284|388284[388284]:388198[388198]:87[87]|388126[388126]:387011[387011]:1116[1116]|386898[386898]:386503[386503]:396[396]
4382	268395-584	0	4852	-1	105533at147550_2|scaffold71|-|199|6.081e-53|2|267812|268395|268395[268395]:268330[268330]:66[66]|268192[268192]:267812[267812]:381[381]
4382	454702-2058	0	4990	-1	17794at147550_9|scaffold71|-|352|5.326e-99|1|452645|454702|454702[454702]:452645[452645]:2058[2058]
4382	304527+3489	0	5095	1	30965at147550_4|scaffold71|+|1297|0|6|304527|308015|304527[304527]:305444[305444]:918[918]|305495[305498]:305830[305830]:336[333]|306676[306685]:306822[306822]:147[138]|307070[307070]:307765[307765]:696[696]|307817[307817]:307888[307888]:72[72]|307947[307947]:308015[308015]:69[69]
4382	233038-2282	0	6123	-1	22351at147550_2|scaffold71|-|573|1.58e-165|3|230757|233038|233038[233038]:232766[232766]:273[273]|232627[232621]:231509[231509]:1119[1113]|231443[231443]:230757[230757]:687[687]
4382	409087-547	0	7022	-1	103075at147550_4|scaffold71|-|223|3.625e-60|2|408541|409087|409087[409087]:409010[409010]:78[78]|408837[408837]:408541[408541]:297[297]
4382	165294-593	0	7094	-1	95410at147550_8|scaffold71|-|310|2.342e-86|3|164702|165294|165294[165294]:165229[165229]:66[66]|165156[165153]:165049[165049]:108[105]|165031[165022]:164702[164702]:330[321]
4382	347473-3328	0	7275	-1	5794at147550_9|scaffold71|-|1516|0|8|344146|347473|347473[347473]:346961[346961]:513[513]|346884[346875]:346618[346618]:267[258]|346561[346561]:346100[346100]:462[462]|346039[346039]:345719[345719]:321[321]|345674[345665]:345435[345435]:240[231]|345375[345375]:345256[345256]:120[120]|345205[345205]:344996[344996]:210[210]|344958[344946]:344146[344146]:813[801]
4382	35418-1578	0	7361	-1	14095at147550_7|scaffold71|-|211|1.485e-56|1|33841|35418|35418[35418]:33841[33841]:1578[1578]
4382	273432+1160	0	7439	1	66520at147550_3|scaffold71|+|557|1.036e-160|3|273432|274591|273432[273432]:273494[273494]:63[63]|273548[273560]:273886[273886]:339[327]|273941[273950]:274591[274591]:651[642]
4382	219101+3012	0	7575	1	16633at147550_6|scaffold71|+|1208|0|1|219101|222112|219101[219101]:222112[222112]:3012[3012]
4382	133595+1155	0	8345	1	66052at147550_5|scaffold71|+|559|2.589e-161|2|133595|134749|133595[133595]:133903[133903]:309[309]|134006[134009]:134749[134749]:744[741]
4382	407514+603	0	9809	1	104050at147550_1|scaffold71|+|178|1.275e-46|3|407514|408116|407514[407514]:407612[407612]:99[99]|407767[407770]:407901[407901]:135[132]|407985[407985]:408116[408116]:132[132]
4382	411927-639	0	10377	-1	100167at147550_7|scaffold71|-|239|5.531e-65|1|411289|411927|411927[411927]:411289[411289]:639[639]
4382	389115+1922	0	10737	1	29298at147550_7|scaffold71|+|941|2.629e-276|6|389115|391036|389115[389115]:389288[389288]:174[174]|389338[389347]:389487[389487]:150[141]|389546[389546]:389593[389593]:48[48]|389708[389723]:390139[390139]:432[417]|390191[390191]:390556[390556]:366[366]|390608[390617]:391036[391036]:429[420]
4382	292096+1008	0	11027	1	67658at147550_1|scaffold71|+|334|1.396e-93|1|292096|293103|292096[292096]:293103[293103]:1008[1008]
4382	486857+822	0	12117	1	75436at147550_4|scaffold71|+|106|6.023e-25|1|486857|487678|486857[486857]:487678[487678]:822[822]
4382	8832-1680	0	12609	-1	71998at147550_2|scaffold71|-|655|3.268e-190|1|7153|8832|8832[8832]:7153[7153]:1680[1680]
4382	576385-1062	0	12832	-1	82051at147550_7|scaffold71|-|464|1.026e-132|2|575324|576385|576385[576385]:575645[575645]:741[741]|575584[575572]:575324[575324]:261[249]
4382	256529-780	0	12930	-1	76111at147550_8|scaffold71|-|342|5.454e-96|1|255750|256529|256529[256529]:255750[255750]:780[780]
4382	568600+3609	0	12984	1	8758at147550_9|scaffold71|+|1777|0|1|568600|572208|568600[568600]:572208[572208]:3609[3609]
4382	307046+831	0	13028	1	51866at147550_8|scaffold71|+|338|8.726e-95|2|307046|307876|307046[307046]:307765[307765]:720[720]|307817[307817]:307876[307876]:60[60]
4382	208821+1561	0	13205	1	89470at147550_3|scaffold71|+|195|9.73e-52|2|208821|210381|208821[208821]:209069[209069]:249[249]|209188[209188]:210381[210381]:1194[1194]
4382	314193+1699	0	13303	1	52443at147550_6|scaffold71|+|599|2.355e-173|3|314193|315891|314193[314193]:314309[314309]:117[117]|314366[314369]:314530[314530]:165[162]|314590[314590]:315891[315891]:1302[1302]
4382	545614-1056	0	13617	-1	79309at147550_9|scaffold71|-|561|6.473e-162|1|544559|545614|545614[545614]:544559[544559]:1056[1056]
4382	253878-2294	0	14026	-1	29329at147550_7|scaffold71|-|961|2.507e-282|4|251585|253878|253878[253878]:253804[253804]:75[75]|253628[253598]:253011[253011]:618[588]|252955[252955]:251933[251933]:1023[1023]|251860[251854]:251585[251585]:276[270]
4382	244541+1468	0	14137	1	36131at147550_6|scaffold71|+|833|8.531e-244|3|244541|246008|244541[244541]:244756[244756]:216[216]|244805[244811]:245761[245761]:957[951]|245790[245817]:246008[246008]:219[192]
4382	559199+1137	0	14409	1	69289at147550|scaffold71|+|518|5.694e-149|4|559199|560335|559199[559199]:559261[559261]:63[63]|559353[559365]:559613[559613]:261[249]|559691[559691]:559798[559798]:108[108]|559865[559865]:560335[560335]:471[471]
4382	322157+1038	0	14803	1	90546at147550_1|scaffold71|+|342|5.454e-96|4|322157|323194|322157[322157]:322237[322237]:81[81]|322428[322428]:322688[322688]:261[261]|322761[322764]:322901[322901]:141[138]|322931[322976]:323194[323194]:264[219]
4382	172236+2704	0	15046	1	13521at147550_8|scaffold71|+|1271|0|2|172236|174939|172236[172236]:172373[172373]:138[138]|172444[172450]:174939[174939]:2496[2490]
4382	264999+1493	0	15144	1	64188at147550_2|scaffold71|+|408|7.391e-116|2|264999|266491|264999[264999]:265559[265559]:561[561]|265604[265625]:266491[266491]:888[867]
4382	254722+795	0	15290	1	74509at147550_2|scaffold71|+|426|2.82e-121|1|254722|255516|254722[254722]:255516[255516]:795[795]
4382	147523+1442	0	15529	1	45261at147550_4|scaffold71|+|815|2.236e-238|2|147523|148964|147523[147523]:147603[147603]:81[81]|147654[147660]:148964[148964]:1311[1305]
4382	142445+1134	0	15889	1	57795at147550_1|scaffold71|+|582|3.087e-168|1|142445|143578|142445[142445]:143578[143578]:1134[1134]
4382	198049-2905	0	16699	-1	14775at147550_7|scaffold71|-|1483|0|3|195145|198049|198049[198049]:197930[197930]:120[120]|197848[197848]:195434[195434]:2415[2415]|195378[195372]:195145[195145]:234[228]
4382	532760+3732	0	17310	1	12627at147550_6|scaffold71|+|1102|0|3|532760|536491|532760[532760]:534385[534385]:1626[1626]|534439[534439]:534507[534507]:69[69]|534572[534575]:536491[536491]:1920[1917]
4382	237242+2768	0	17559	1	83794at147550_0|scaffold71|+|718|3.543e-209|5|237242|240009|237242[237242]:237292[237292]:51[51]|237390[237396]:238217[238217]:828[822]|239067[239067]:239129[239129]:63[63]|239228[239240]:239869[239869]:642[630]|239929[239929]:240009[240009]:81[81]
4382	636380-547	0	18229	-1	101414at147550_6|scaffold71|-|249|5.401e-68|2|635834|636380|636380[636380]:636264[636264]:117[117]|636199[636163]:635834[635834]:366[330]
4382	180861+3513	0	18419	1	6505at147550_7|scaffold71|+|1510|0|2|180861|184373|180861[180861]:181322[181322]:462[462]|181545[181551]:184373[184373]:2829[2823]
4382	637063+606	0	18479	1	97094at147550_7|scaffold71|+|271|1.288e-74|1|637063|637668|637063[637063]:637668[637668]:606[606]
4382	74151+1871	0	18649	1	101636at147550_3|scaffold71|+|813|8.945e-238|3|74151|76021|74151[74151]:74375[74375]:225[225]|74462[74480]:75055[75055]:594[576]|75116[75116]:76021[76021]:906[906]
4382	324140-654	0	19300	-1	94414at147550_2|scaffold71|-|213|3.712e-57|4|323487|324140|324140[324140]:324078[324078]:63[63]|324017[324017]:323931[323931]:87[87]|323897[323867]:323778[323778]:120[90]|323699[323696]:323487[323487]:213[210]
4382	124224+1671	0	19562	1	49433at147550_5|scaffold71|+|676|1.558e-196|1|124224|125894|124224[124224]:125894[125894]:1671[1671]
4382	259793-1956	0	19968	-1	62076at147550_3|scaffold71|-|308|9.37e-86|1|257838|259793|259793[259793]:257838[257838]:1956[1956]
4382	206108+657	0	20156	1	79542at147550_2|scaffold71|+|131|1.795e-32|1|206108|206764|206108[206108]:206764[206764]:657[657]
4382	472851+3494	0	20230	1	2779at147550_4|scaffold71|+|490|1.529e-140|3|472851|476344|472851[472851]:474716[474716]:1866[1866]|474744[474765]:475046[475046]:303[282]|475220[475220]:476344[476344]:1125[1125]
4382	469712-4781	0	20550	-1	3883at147550_6|scaffold71|-|2051|0|3|464932|469712|469712[469712]:469494[469494]:219[219]|469411[469411]:466490[466490]:2922[2922]|466293[466293]:464932[464932]:1362[1362]
4382	275738+2117	0	20629	1	23846at147550_4|scaffold71|+|987|3.736e-290|3|275738|277854|275738[275738]:276004[276004]:267[267]|276080[276080]:276157[276157]:78[78]|276202[276211]:277854[277854]:1653[1644]
4382	246980+585	0	21354	1	79238at147550_0|scaffold71|+|54|2.712e-09|1|246980|247564|246980[246980]:247564[247564]:585[585]
4382	166038+3007	0	21393	1	6157at147550_5|scaffold71|+|1388|0|3|166038|169044|166038[166038]:166217[166217]:180[180]|166268[166280]:168259[168259]:1992[1980]|168322[168322]:169044[169044]:723[723]
4382	316993+4702	0	21837	1	2048at147550_9|scaffold71|+|2131|0|2|316993|321694|316993[316993]:317211[317211]:219[219]|317273[317276]:321694[321694]:4422[4419]
4382	49306+902	0	21842	1	81535at147550_9|scaffold71|+|429|3.525e-122|2|49306|50207|49306[49306]:49419[49419]:114[114]|49491[49491]:50207[50207]:717[717]
4382	399043+1205	0	22339	1	94933at147550_4|scaffold71|+|290|2.456e-80|4|399043|400247|399043[399043]:399132[399132]:90[90]|399227[399227]:399301[399301]:75[75]|399730[399730]:399954[399954]:225[225]|400020[400020]:400247[400247]:228[228]
4382	285076+750	0	22772	1	97361at147550_2|scaffold71|+|159|6.686e-41|2|285076|285825|285076[285076]:285159[285159]:84[84]|285457[285457]:285825[285825]:369[369]
4382	228103+1575	0	23910	1	30690at147550_4|scaffold71|+|82|1.01e-17|1|228103|229677|228103[228103]:229677[229677]:1575[1575]
4382	372184+1275	0	24634	1	61211at147550_8|scaffold71|+|419|3.609e-119|1|372184|373458|372184[372184]:373458[373458]:1275[1275]
4382	273020-1123	0	25403	-1	62448at147550_5|scaffold71|-|563|1.618e-162|2|271898|273020|273020[273020]:272763[272763]:258[258]|272701[272692]:271898[271898]:804[795]
4382	178924-3448	0	25756	-1	9621at147550_4|scaffold71|-|1018|1.74e-299|2|175477|178924|178924[178924]:178829[178829]:96[96]|178758[178758]:175477[175477]:3282[3282]
4382	31351+1137	0	25913	1	68222at147550_9|scaffold71|+|102|9.636e-24|1|31351|32487|31351[31351]:32487[32487]:1137[1137]
4382	200751+3485	0	27171	1	45546at147550_3|scaffold71|+|1176|0|5|200751|204235|200751[200751]:200834[200834]:84[84]|200894[200894]:201841[201841]:948[948]|201894[201900]:202067[202067]:174[168]|202574[202574]:202933[202933]:360[360]|202964[202994]:204235[204235]:1272[1242]
4382	590872+2988	0	27716	1	31455at147550_2|scaffold71|+|271|1.288e-74|1|590872|593859|590872[590872]:593859[593859]:2988[2988]
4382	428124-542	0	28267	-1	96010at147550_3|scaffold71|-|201|1.52e-53|3|427583|428124|428124[428124]:427978[427978]:147[147]|427926[427926]:427861[427861]:66[66]|427789[427786]:427583[427583]:207[204]
4382	283249-630	0	28358	-1	94196at147550_6|scaffold71|-|289|4.912e-80|2|282620|283249|283249[283249]:283148[283148]:102[102]|283090[283090]:282620[282620]:471[471]
4382	329752-2265	0	28473	-1	18669at147550_6|scaffold71|-|1105|0|1|327488|329752|329752[329752]:327488[327488]:2265[2265]
4382	78514-2383	0	28857	-1	70434at147550_3|scaffold71|-|546|2.121e-157|2|76132|78514|78514[78514]:78203[78203]:312[312]|78165[78150]:76132[76132]:2034[2019]
4382	297579-3693	0	29519	-1	15379at147550_1|scaffold71|-|1193|0|11|293887|297579|297579[297579]:297391[297391]:189[189]|297383[297347]:297261[297261]:123[87]|297200[297200]:296961[296961]:240[240]|296907[296904]:296794[296794]:114[111]|296563[296563]:296273[296273]:291[291]|295883[295880]:295188[295188]:696[693]|295132[295132]:295058[295058]:75[75]|294984[294984]:294547[294547]:438[438]|294406[294406]:294140[294140]:267[267]|294093[294084]:294010[294010]:84[75]|293946[293946]:293887[293887]:60[60]
4382	370987-966	0	29727	-1	75416at147550_7|scaffold71|-|378|7.936e-107|2|370022|370987|370987[370987]:370769[370769]:219[219]|370720[370714]:370022[370022]:699[693]
4382	523629-6841	0	29869	-1	558at147550_3|scaffold71|-|3833|0|3|516789|523629|523629[523629]:523000[523000]:630[630]|522945[522945]:516886[516886]:6060[6060]|516839[516824]:516789[516789]:51[36]
4382	154148-1367	0	30235	-1	41724at147550_0|scaffold71|-|738|3.379e-215|2|152782|154148|154148[154148]:152913[152913]:1236[1236]|152880[152847]:152782[152782]:99[66]
4382	128384-1913	0	30642	-1	23927at147550_6|scaffold71|-|1021|2.174e-300|2|126472|128384|128384[128384]:126681[126681]:1704[1704]|126615[126597]:126472[126472]:144[126]
4382	136527-1565	0	31104	-1	59639at147550_7|scaffold71|-|557|1.036e-160|2|134963|136527|136527[136527]:136357[136357]:171[171]|136249[136228]:134963[134963]:1287[1266]
4382	423925-2004	0	31143	-1	15835at147550_5|scaffold71|-|795|2.345e-232|1|421922|423925|423925[423925]:421922[421922]:2004[2004]
4382	573912+924	0	32126	1	90741at147550_3|scaffold71|+|253|3.376e-69|3|573912|574835|573912[573912]:574475[574475]:564[564]|574553[574556]:574660[574660]:108[105]|574782[574782]:574835[574835]:54[54]
4382	415281-2253	0	32360	-1	49198at147550_2|scaffold71|-|713|1.134e-207|1|413029|415281|415281[415281]:413029[413029]:2253[2253]
4382	137324+2279	0	32848	1	70065at147550_4|scaffold71|+|426|2.82e-121|2|137324|139602|137324[137324]:137500[137500]:177[177]|137710[137710]:139602[139602]:1893[1893]
4382	132685-2024	0	33618	-1	39144at147550_6|scaffold71|-|945|1.643e-277|2|130662|132685|132685[132685]:132131[132131]:555[555]|132080[132074]:130662[130662]:1419[1413]
4382	403945-1962	0	34180	-1	75748at147550_9|scaffold71|-|231|1.416e-62|1|401984|403945|403945[403945]:401984[401984]:1962[1962]
4382	398463-5959	0	34940	-1	792at147550_9|scaffold71|-|3278|0|2|392505|398463|398463[398463]:397552[397552]:912[912]|397496[397496]:392505[392505]:4992[4992]
4382	478925-32532	0	35040	-1	73284at147550_6|scaffold71|-|713|1.134e-207|5|446394|478925|478925[478925]:478836[478836]:90[90]|478812[478776]:478705[478705]:108[72]|478602[478602]:477898[477898]:705[705]|477779[477779]:477600[477600]:180[180]|447506[447506]:446394[446394]:1113[1113]
4382	412330+18752	0	35429	1	15799at147550_4|scaffold71|+|1216|0|4|412330|431081|412330[412330]:412431[412431]:102[102]|412492[412495]:412584[412584]:93[90]|428657[428657]:429244[429244]:588[588]|429327[429327]:431081[431081]:1755[1755]
4382	199963-669	0	39428	-1	94396at147550_6|scaffold71|-|297|1.919e-82|3|199295|199963|199963[199963]:199775[199775]:189[189]|199721[199694]:199485[199485]:237[210]|199417[199402]:199295[199295]:123[108]
4382	146540-1971	0	40355	-1	37682at147550_7|scaffold71|-|680|9.74e-198|5|144570|146540|146540[146540]:146451[146451]:90[90]|146336[146336]:146019[146019]:318[318]|145959[145959]:145297[145297]:663[663]|145243[145234]:145100[145100]:144[135]|145037[145034]:144570[144570]:468[465]
4386	62035+489	0	5860	1	68281at147550_5|scaffold199|+|63|5.298e-12|1|62035|62523|62035[62035]:62523[62523]:489[489]
4386	65118-1623	0	10385	-1	52028at147550_4|scaffold199|-|696|1.486e-202|2|63496|65118|65118[65118]:64129[64129]:990[990]|64080[64068]:63496[63496]:585[573]
4386	15060-1368	0	38744	-1	32578at147550_2|scaffold199|-|267|2.06e-73|2|13693|15060|15060[15060]:14137[14137]:924[924]|13914[13914]:13693[13693]:222[222]
4386	41519+690	0	39456	1	34845at147550_3|scaffold199|+|158|1.337e-40|1|41519|42208|41519[41519]:42208[42208]:690[690]
4387	34664+1062	0	7333	1	52951at147550_1|scaffold231|+|115|1.176e-27|1|34664|35725|34664[34664]:35725[35725]:1062[1062]
4387	10045-1235	0	15440	-1	77257at147550_1|scaffold231|-|499|2.985e-143|2|8811|10045|10045[10045]:9779[9779]:267[267]|9662[9662]:8811[8811]:852[852]
4387	20742+2432	0	27843	1	16475at147550_7|scaffold231|+|1066|6.18e-314|2|20742|23173|20742[20742]:21419[21419]:678[678]|21473[21479]:23173[23173]:1701[1695]
4387	11427-513	0	39648	-1	63397at147550_4|scaffold231|-|79|8.083e-17|1|10915|11427|11427[11427]:10915[10915]:513[513]
4387	60283-738	0	40711	-1	63992at147550_6|scaffold231|-|68|1.655e-13|1|59546|60283|60283[60283]:59546[59546]:738[738]
4389	20835-1880	0	10270	-1	55251at147550_1|scaffold295|-|698|3.716e-203|2|18956|20835|20835[20835]:20068[20068]:768[768]|20011[20008]:18956[18956]:1056[1053]
4389	22186+1182	0	24026	1	60749at147550_9|scaffold295|+|569|2.529e-164|1|22186|23367|22186[22186]:23367[23367]:1182[1182]
20444	8258+522	0	5101	1	90014at147550_1|scaffold861|+|99|7.709e-23|1|8258|8779|8258[8258]:8779[8779]:522[522]
3673	41501+1146	0	276	1	34845at147550_5|scaffold742|+|69|8.277e-14|1|41501|42646|41501[41501]:42646[42646]:1146[1146]
3673	21019-5508	0	5296	-1	32945at147550|scaffold742|-|1131|0|3|15512|21019|21019[21019]:20945[20945]:75[75]|20723[20717]:19677[19677]:1047[1041]|16504[16486]:15512[15512]:993[975]
3673	7956+965	0	9462	1	78708at147550_6|scaffold742|+|426|2.82e-121|2|7956|8920|7956[7956]:8168[8168]:213[213]|8237[8243]:8920[8920]:684[678]
3673	67102-2484	0	15178	-1	34734at147550_5|scaffold742|-|907|4.516e-266|3|64619|67102|67102[67102]:65711[65711]:1392[1392]|65681[65648]:64731[64731]:951[918]|64678[64669]:64619[64619]:60[51]
3673	84786+1323	0	17810	1	58261at147550_7|scaffold742|+|560|1.295e-161|5|84786|86108|84786[84786]:84899[84899]:114[114]|84931[84970]:85101[85101]:171[132]|85176[85176]:85265[85265]:90[90]|85364[85364]:85444[85444]:81[81]|85560[85566]:86108[86108]:549[543]
3673	48228-1318	0	18360	-1	32578at147550|scaffold742|-|188|1.245e-49|2|46911|48228|48228[48228]:47923[47923]:306[306]|47687[47687]:46911[46911]:777[777]
3673	3423+1365	0	19919	1	34105at147550_2|scaffold742|+|226|4.531e-61|2|3423|4787|3423[3423]:3629[3629]:207[207]|3705[3705]:4787[4787]:1083[1083]
3673	82541-12420	0	25813	-1	564at147550_2|scaffold742|-|3652|0|3|70122|82541|82541[82541]:74853[74853]:7689[7689]|74513[74513]:70275[70275]:4239[4239]|70214[70211]:70122[70122]:93[90]
3673	62657+755	0	35410	1	90099at147550_6|scaffold742|+|367|1.625e-103|2|62657|63411|62657[62657]:62722[62722]:66[66]|62872[62872]:63411[63411]:540[540]
3673	24596+3091	0	37124	1	16168at147550_5|scaffold742|+|1100|4.94066e-324|3|24596|27686|24596[24596]:24970[24970]:375[375]|25056[25059]:25166[25166]:111[108]|25242[25242]:27686[27686]:2445[2445]
3675	21475-931	0	4374	-1	40773at147550_4|scaffold806|-|260|2.637e-71|2|20545|21475|21475[21475]:20822[20822]:654[654]|20760[20757]:20545[20545]:216[213]
3675	7128-1920	0	9046	-1	23024at147550_6|scaffold806|-|842|1.666e-246|2|5209|7128|7128[7128]:7066[7066]:63[63]|6981[6966]:5209[5209]:1773[1758]
3675	12860-866	0	16876	-1	74646at147550_0|scaffold806|-|431|8.811e-123|2|11995|12860|12860[12860]:12564[12564]:297[297]|12468[12438]:11995[11995]:474[444]
3675	2980-1251	0	36294	-1	94453at147550_2|scaffold806|-|352|5.326e-99|2|1730|2980|2980[2980]:2444[2444]:537[537]|2377[2356]:1730[1730]:648[627]
3676	636+1726	0	36330	1	33692at147550_5|scaffold838|+|874|3.879e-256|2|636|2361|636[636]:851[851]:216[216]|943[943]:2361[2361]:1419[1419]
9483	261837-462	0	1025	-1	99948at147550_3|scaffold14|-|191|1.557e-50|1|261376|261837|261837[261837]:261376[261376]:462[462]
9483	73576+423	0	2889	1	34845at147550_7|scaffold14|+|81|2.021e-17|1|73576|73998|73576[73576]:73998[73998]:423[423]
9483	235324+640	0	3246	1	100997at147550_9|scaffold14|+|259|5.275e-71|2|235324|235963|235324[235324]:235548[235548]:225[225]|235724[235724]:235963[235963]:240[240]
9483	238585+868	0	4347	1	103234at147550_7|scaffold14|+|260|2.637e-71|3|238585|239452|238585[238585]:238644[238644]:60[60]|238832[238835]:239017[239017]:186[183]|239168[239207]:239452[239452]:285[246]
9483	82940-661	0	5079	-1	104467at147550_2|scaffold14|-|218|1.16e-58|4|82280|82940|82940[82940]:82821[82821]:120[120]|82742[82736]:82686[82686]:57[51]|82605[82602]:82426[82426]:180[177]|82336[82324]:82280[82280]:57[45]
9483	213790+480	0	5674	1	106812at147550_3|scaffold14|+|190|3.114e-50|2|213790|214269|213790[213790]:214116[214116]:327[327]|214183[214192]:214269[214269]:87[78]
9483	137940+1438	0	5907	1	64885at147550_7|scaffold14|+|327|1.787e-91|3|137940|139377|137940[137940]:137987[137987]:48[48]|138039[138039]:138140[138140]:102[102]|138520[138532]:139377[139377]:858[846]
9483	132852-2897	0	6221	-1	21011at147550_3|scaffold14|-|1094|2.32211e-322|2|129956|132852|132852[132852]:130567[130567]:2286[2286]|130501[130492]:129956[129956]:546[537]
9483	182929+3531	0	7461	1	9405at147550_8|scaffold14|+|758|3.223e-221|4|182929|186459|182929[182929]:183237[183237]:309[309]|183291[183300]:185804[185804]:2514[2505]|185943[185943]:186164[186164]:222[222]|186244[186244]:186459[186459]:216[216]
9483	180657-3689	0	8099	-1	12045at147550_3|scaffold14|-|1088|1.47281e-320|4|176969|180657|180657[180657]:179320[179320]:1338[1338]|179258[179258]:178368[178368]:891[891]|178157[178157]:177414[177414]:744[744]|177343[177340]:176969[176969]:375[372]
9483	755+1994	0	8855	1	50169at147550_0|scaffold14|+|269|5.151e-74|2|755|2748|755[755]:2059[2059]:1305[1305]|2119[2119]:2748[2748]:630[630]
9483	115476+1872	0	9621	1	35850at147550_3|scaffold14|+|842|1.666e-246|1|115476|117347|115476[115476]:117347[117347]:1872[1872]
9483	240481-463	0	9710	-1	93540at147550_8|scaffold14|-|79|8.083e-17|2|240019|240481|240481[240481]:240302[240302]:180[180]|240177[240177]:240019[240019]:159[159]
9483	99127-841	0	10821	-1	87514at147550_3|scaffold14|-|315|7.32e-88|3|98287|99127|99127[99127]:98936[98936]:192[192]|98863[98860]:98696[98696]:168[165]|98649[98640]:98287[98287]:363[354]
9483	9746-924	0	11106	-1	86607at147550_3|scaffold14|-|304|1.499e-84|3|8823|9746|9746[9746]:9579[9579]:168[168]|9422[9416]:9213[9213]:210[204]|9080[9080]:8823[8823]:258[258]
9483	127143-1946	0	13128	-1	19583at147550|scaffold14|-|858|2.542e-251|2|125198|127143|127143[127143]:126829[126829]:315[315]|126784[126763]:125198[125198]:1587[1566]
9483	142476+1412	0	14656	1	27359at147550_2|scaffold14|+|378|7.936e-107|4|142476|143887|142476[142476]:142664[142664]:189[189]|142709[142721]:143155[143155]:447[435]|143226[143226]:143711[143711]:486[486]|143762[143768]:143887[143887]:126[120]
9483	210049+1422	0	15672	1	37814at147550_8|scaffold14|+|667|7.979e-194|2|210049|211470|210049[210049]:210282[210282]:234[234]|210340[210367]:211470[211470]:1131[1104]
9483	16814+849	0	15943	1	96318at147550_5|scaffold14|+|330|2.234e-92|3|16814|17662|16814[16814]:17059[17059]:246[246]|17197[17206]:17343[17343]:147[138]|17399[17408]:17662[17662]:264[255]
9483	37257+1101	0	16125	1	75814at147550_7|scaffold14|+|324|1.43e-90|2|37257|38357|37257[37257]:37607[37607]:351[351]|37710[37719]:38357[38357]:648[639]
9483	111373-390	0	18053	-1	106661at147550_5|scaffold14|-|136|5.609e-34|1|110984|111373|111373[111373]:110984[110984]:390[390]
9483	101309+1822	0	19441	1	18188at147550_5|scaffold14|+|1050|4.05e-309|2|101309|103130|101309[101309]:101455[101455]:147[147]|101538[101538]:103130[103130]:1593[1593]
9483	149663-2018	0	19481	-1	45119at147550_0|scaffold14|-|510|1.458e-146|2|147646|149663|149663[149663]:149397[149397]:267[267]|149334[149334]:147646[147646]:1689[1689]
9483	30383+1788	0	19882	1	34831at147550_0|scaffold14|+|818|2.795e-239|3|30383|32170|30383[30383]:30517[30517]:135[135]|30852[30852]:30995[30995]:144[144]|31085[31094]:32170[32170]:1086[1077]
9483	197878+1747	0	20048	1	41997at147550_9|scaffold14|+|527|1.112e-151|3|197878|199624|197878[197878]:198456[198456]:579[579]|198518[198527]:199159[199159]:642[633]|199217[199217]:199624[199624]:408[408]
9483	46331-903	0	21427	-1	78005at147550_3|scaffold14|-|439|3.442e-125|1|45429|46331|46331[46331]:45429[45429]:903[903]
9483	234081+412	0	21541	1	108510at147550_5|scaffold14|+|132|8.974e-33|2|234081|234492|234081[234081]:234263[234263]:183[183]|234358[234358]:234492[234492]:135[135]
9483	238152-1686	0	23284	-1	72441at147550_3|scaffold14|-|436|2.754e-124|2|236467|238152|238152[238152]:237985[237985]:168[168]|237558[237555]:236467[236467]:1092[1089]
9483	109386+1134	0	26485	1	101636at147550_9|scaffold14|+|273|3.219e-75|1|109386|110519|109386[109386]:110519[110519]:1134[1134]
9483	137449-464	0	26681	-1	105347at147550_7|scaffold14|-|158|1.337e-40|2|136986|137449|137449[137449]:137156[137156]:294[294]|137090[137087]:136986[136986]:105[102]
9483	229229-2976	0	26937	-1	38019at147550_4|scaffold14|-|839|1.333e-245|3|226254|229229|229229[229229]:228789[228789]:441[441]|228727[228718]:226439[226439]:2289[2280]|226385[226379]:226254[226254]:132[126]
9483	96273-439	0	27032	-1	101518at147550_4|scaffold14|-|226|4.531e-61|2|95835|96273|96273[96273]:96013[96013]:261[261]|95936[95936]:95835[95835]:102[102]
9483	128496+906	0	27714	1	87829at147550_8|scaffold14|+|376|3.175e-106|1|128496|129401|128496[128496]:129401[129401]:906[906]
9483	5253+1739	0	28124	1	39567at147550_4|scaffold14|+|667|7.979e-194|2|5253|6991|5253[5253]:5297[5297]:45[45]|5387[5396]:6991[6991]:1605[1596]
9483	89790-1029	0	30359	-1	14238at147550_4|scaffold14|-|69|8.277e-14|1|88762|89790|89790[89790]:88762[88762]:1029[1029]
9483	3786-753	0	31020	-1	94929at147550_2|scaffold14|-|322|5.719e-90|2|3034|3786|3786[3786]:3280[3280]:507[507]|3183[3183]:3034[3034]:150[150]
9483	64139+1423	0	31278	1	91446at147550_4|scaffold14|+|275|8.049e-76|2|64139|65561|64139[64139]:65104[65104]:966[966]|65196[65196]:65561[65561]:366[366]
9483	224026+581	0	32139	1	101232at147550_4|scaffold14|+|197|2.433e-52|2|224026|224606|224026[224026]:224256[224256]:231[231]|224322[224334]:224606[224606]:285[273]
9483	35823-2509	0	32480	-1	63932at147550_3|scaffold14|-|252|6.752e-69|2|33315|35823|35823[35823]:35242[35242]:582[582]|34829[34829]:33315[33315]:1515[1515]
9483	167277-2414	0	34549	-1	35539at147550_7|scaffold14|-|910|5.645e-267|3|164864|167277|167277[167277]:167140[167140]:138[138]|167067[167064]:166591[166591]:477[474]|166528[166528]:164864[164864]:1665[1665]
9483	54227+1424	0	35872	1	69159at147550_2|scaffold14|+|632|2.742e-183|2|54227|55650|54227[54227]:55279[55279]:1053[1053]|55342[55342]:55650[55650]:309[309]
9483	84243+1978	0	37000	1	46207at147550_8|scaffold14|+|847|5.207e-248|2|84243|86220|84243[84243]:85427[85427]:1185[1185]|85453[85492]:86220[86220]:768[729]
9483	104912+2763	0	38374	1	10337at147550_4|scaffold14|+|1423|0|4|104912|107674|104912[104912]:104974[104974]:63[63]|105052[105052]:105867[105867]:816[816]|105914[105926]:107443[107443]:1530[1518]|107498[107498]:107674[107674]:177[177]
9483	24269-2637	0	38975	-1	36502at147550_3|scaffold14|-|858|2.542e-251|1|21633|24269|24269[24269]:21633[21633]:2637[2637]
9483	223470-519	0	40912	-1	106167at147550_5|scaffold14|-|156|5.349e-40|3|222952|223470|223470[223470]:223384[223384]:87[87]|223331[223292]:223152[223152]:180[141]|223008[223005]:222952[222952]:57[54]
9483	159729-2157	0	41099	-1	40890at147550_6|scaffold14|-|833|8.531e-244|5|157573|159729|159729[159729]:159508[159508]:222[222]|158814[158814]:158404[158404]:411[411]|158366[158348]:157986[157986]:381[363]|157937[157925]:157668[157668]:270[258]|157617[157617]:157573[157573]:45[45]
9483	51548+1816	0	41718	1	34184at147550_5|scaffold14|+|899|1.156e-263|3|51548|53363|51548[51548]:51991[51991]:444[444]|52084[52084]:53109[53109]:1026[1026]|53172[53178]:53363[53363]:192[186]
9484	167033-8097	0	764	-1	284at147550_4|scaffold46|-|3226|0|5|158937|167033|167033[167033]:165510[165510]:1524[1524]|164863[164863]:162086[162086]:2778[2778]|162055[162010]:161864[161864]:192[147]|161817[161796]:159271[159271]:2547[2526]|159230[159215]:158937[158937]:294[279]
9484	188591+1160	0	932	1	65260at147550_7|scaffold46|+|532|3.475e-153|2|188591|189750|188591[188591]:188806[188806]:216[216]|188932[188932]:189750[189750]:819[819]
9484	150777-1809	0	1085	-1	40112at147550_4|scaffold46|-|573|1.58e-165|1|148969|150777|150777[150777]:148969[148969]:1809[1809]
9484	325608+714	0	1789	1	80317at147550_5|scaffold46|+|109|7.528e-26|1|325608|326321|325608[325608]:326321[326321]:714[714]
9484	121952+2964	0	2187	1	42341at147550_3|scaffold46|+|990|4.67e-291|6|121952|124915|121952[121952]:122161[122161]:210[210]|122209[122227]:122667[122667]:459[441]|122731[122731]:123570[123570]:840[840]|124213[124213]:124299[124299]:87[87]|124358[124361]:124798[124798]:441[438]|124871[124871]:124915[124915]:45[45]
9484	67217-2223	0	2571	-1	34730at147550_2|scaffold46|-|1062|9.888e-313|1|64995|67217|67217[67217]:64995[64995]:2223[2223]
9484	11658-1854	0	2897	-1	33796at147550_3|scaffold46|-|820|6.988e-240|1|9805|11658|11658[11658]:9805[9805]:1854[1854]
9484	36747+2841	0	3372	1	12275at147550_6|scaffold46|+|992|1.167e-291|3|36747|39587|36747[36747]:37517[37517]:771[771]|37656[37668]:38609[38609]:954[942]|38766[38766]:39587[39587]:822[822]
9484	107355+3234	0	3377	1	284at147550_6|scaffold46|+|1309|0|3|107355|110588|107355[107355]:107663[107663]:309[309]|107729[107747]:109909[109909]:2181[2163]|109962[109962]:110588[110588]:627[627]
9484	105414-2319	0	4291	-1	26343at147550_8|scaffold46|-|660|1.021e-191|1|103096|105414|105414[105414]:103096[103096]:2319[2319]
9484	33400+961	0	7742	1	72881at147550_9|scaffold46|+|476|2.504e-136|2|33400|34360|33400[33400]:34122[34122]:723[723]|34187[34187]:34360[34360]:174[174]
9484	22145-1561	0	8090	-1	22772at147550_5|scaffold46|-|337|1.745e-94|2|20585|22145|22145[22145]:21834[21834]:312[312]|21751[21751]:20585[20585]:1167[1167]
9484	46421-531	0	8219	-1	110089at147550_4|scaffold46|-|124|2.297e-30|1|45891|46421|46421[46421]:45891[45891]:531[531]
9484	333672+1173	0	10144	1	81239at147550_6|scaffold46|+|504|9.329e-145|3|333672|334844|333672[333672]:334313[334313]:642[642]|334372[334381]:334572[334572]:201[192]|334644[334653]:334844[334844]:201[192]
9484	63770-1710	0	10974	-1	23674at147550_5|scaffold46|-|443|2.151e-126|3|62061|63770|63770[63770]:63375[63375]:396[396]|63318[63315]:63211[63211]:108[105]|63176[63158]:62061[62061]:1116[1098]
9484	385843-1707	0	11308	-1	49352at147550_1|scaffold46|-|705|2.903e-205|1|384137|385843|385843[385843]:384137[384137]:1707[1707]
9484	378014-2001	0	12686	-1	51868at147550_4|scaffold46|-|508|5.831e-146|3|376014|378014|378014[378014]:377898[377898]:117[117]|377763[377763]:376948[376948]:816[816]|376889[376889]:376014[376014]:876[876]
9484	183013+813	0	13902	1	75604at147550_4|scaffold46|+|338|8.726e-95|1|183013|183825|183013[183013]:183825[183825]:813[813]
9484	347290+756	0	14247	1	39359at147550_6|scaffold46|+|85|1.263e-18|1|347290|348045|347290[347290]:348045[348045]:756[756]
9484	187595-3342	0	15108	-1	5924at147550_9|scaffold46|-|1810|0|6|184254|187595|187595[187595]:187452[187452]:144[144]|187336[187306]:187247[187247]:90[60]|187191[187188]:186901[186901]:291[288]|186826[186826]:186494[186494]:333[333]|186474[186438]:184471[184471]:2004[1968]|184421[184415]:184254[184254]:168[162]
9484	290285+1003	0	15477	1	71522at147550_1|scaffold46|+|446|2.689e-127|3|290285|291287|290285[290285]:290374[290374]:90[90]|290450[290450]:290686[290686]:237[237]|290700[290742]:291287[291287]:588[546]
9484	90602-3811	0	17159	-1	5564at147550_8|scaffold46|-|1672|0|2|86792|90602|90602[90602]:90537[90537]:66[66]|90478[90478]:86792[86792]:3687[3687]
9484	32797-2667	0	18069	-1	13743at147550_7|scaffold46|-|1110|0|2|30131|32797|32797[32797]:31820[31820]:978[978]|31768[31765]:30131[30131]:1638[1635]
9484	215327+2995	0	18447	1	15532at147550_3|scaffold46|+|1349|0|4|215327|218321|215327[215327]:215482[215482]:156[156]|215542[215545]:215640[215640]:99[96]|215965[215992]:217125[217125]:1161[1134]|217188[217191]:218321[218321]:1134[1131]
9484	32797-5568	0	19375	-1	13743at147550_8|scaffold46|-|1139|0|4|27230|32797|32797[32797]:31820[31820]:978[978]|31780[31762]:30131[30131]:1650[1632]|28666[28666]:28289[28289]:378[378]|28240[28225]:27230[27230]:1011[996]
9484	381548+1882	0	19397	1	35755at147550_8|scaffold46|+|674|6.234e-196|5|381548|383429|381548[381548]:381811[381811]:264[264]|381891[381891]:381944[381944]:54[54]|382008[382008]:382148[382148]:141[141]|382207[382207]:383181[383181]:975[975]|383256[383259]:383429[383429]:174[171]
9484	4849-849	0	19404	-1	56970at147550_2|scaffold46|-|138|1.402e-34|1|4001|4849|4849[4849]:4001[4001]:849[849]
9484	409811-1796	0	19963	-1	20594at147550_0|scaffold46|-|861|3.178e-252|2|408016|409811|409811[409811]:409080[409080]:732[732]|409032[409014]:408016[408016]:1017[999]
9484	117153-2694	0	20320	-1	71981at147550_6|scaffold46|-|746|1.32e-217|3|114460|117153|117153[117153]:116545[116545]:609[609]|116416[116416]:115379[115379]:1038[1038]|115314[115305]:114460[114460]:855[846]
9484	43079+1597	0	20589	1	17285at147550_8|scaffold46|+|214|1.856e-57|2|43079|44675|43079[43079]:44065[44065]:987[987]|44172[44172]:44675[44675]:504[504]
9484	361625-320	0	22747	-1	108245at147550_2|scaffold46|-|135|1.122e-33|2|361306|361625|361625[361625]:361428[361428]:198[198]|361356[361347]:361306[361306]:51[42]
9484	331736-2346	0	29495	-1	14682at147550_2|scaffold46|-|862|1.589e-252|5|329391|331736|331736[331736]:331668[331668]:69[69]|331603[331600]:331472[331472]:132[129]|331422[331416]:331189[331189]:234[228]|331141[331138]:330680[330680]:462[459]|330626[330623]:329391[329391]:1236[1233]
9484	412787+1346	0	30885	1	54717at147550_7|scaffold46|+|551|6.629e-159|2|412787|414132|412787[412787]:412966[412966]:180[180]|413083[413083]:414132[414132]:1050[1050]
9484	367836-909	0	36938	-1	75921at147550_7|scaffold46|-|184|1.993e-48|1|366928|367836|367836[367836]:366928[366928]:909[909]
9484	378011-4135	0	37009	-1	88856at147550_6|scaffold46|-|641|5.355e-186|4|373877|378011|378011[378011]:377859[377859]:153[153]|377784[377760]:376936[376936]:849[825]|376844[376844]:376005[376005]:840[840]|375343[375343]:373877[373877]:1467[1467]
9484	47159+1002	0	37863	1	71232at147550_3|scaffold46|+|437|1.377e-124|3|47159|48160|47159[47159]:47275[47275]:117[117]|47364[47364]:47687[47687]:324[324]|47750[47771]:48160[48160]:411[390]
9484	403706-3622	0	38121	-1	14450at147550_3|scaffold46|-|626|1.755e-181|2|400085|403706|403706[403706]:402087[402087]:1620[1620]|401704[401704]:400085[400085]:1620[1620]
9484	378334+905	0	38358	1	88925at147550_7|scaffold46|+|377|1.587e-106|2|378334|379238|378334[378334]:378627[378627]:294[294]|378702[378711]:379238[379238]:537[528]
9484	380680-897	0	40452	-1	74919at147550_5|scaffold46|-|309|4.685e-86|1|379784|380680|380680[380680]:379784[379784]:897[897]
9484	191209-998	0	40622	-1	96394at147550_6|scaffold46|-|243|3.457e-66|2|190212|191209|191209[191209]:190880[190880]:330[330]|190451[190451]:190212[190212]:240[240]
9484	350647+1370	0	40668	1	39087at147550_8|scaffold46|+|379|3.968e-107|2|350647|352016|350647[350647]:350865[350865]:219[219]|350919[350919]:352016[352016]:1098[1098]
9484	35637-1045	0	41467	-1	66566at147550_8|scaffold46|-|477|1.252e-136|2|34593|35637|35637[35637]:34687[34687]:951[951]|34637[34631]:34593[34593]:45[39]
9485	250105-3756	0	4363	-1	2548at147550_2|scaffold78|-|403|2.365e-114|1|246350|250105|250105[250105]:246350[246350]:3756[3756]
9485	213756+1085	0	4886	1	27007at147550_4|scaffold78|+|95|1.233e-21|2|213756|214840|213756[213756]:214130[214130]:375[375]|214295[214295]:214840[214840]:546[546]
9485	38588-960	0	16365	-1	55550at147550_5|scaffold78|-|66|6.622e-13|1|37629|38588|38588[38588]:37629[37629]:960[960]
9485	242499-2289	0	19113	-1	40480at147550_2|scaffold78|-|1167|0|1|240211|242499|242499[242499]:240211[240211]:2289[2289]
9485	293852+980	0	20644	1	70622at147550_4|scaffold78|+|508|5.831e-146|2|293852|294831|293852[293852]:294223[294223]:372[372]|294328[294328]:294831[294831]:504[504]
9485	268805-2803	0	24293	-1	43688at147550_3|scaffold78|-|940|5.257e-276|2|266003|268805|268805[268805]:268398[268398]:408[408]|268324[268303]:266003[266003]:2322[2301]
9485	230901-1397	0	30323	-1	42498at147550_4|scaffold78|-|700|9.289e-204|2|229505|230901|230901[230901]:230449[230449]:453[453]|230398[230386]:229505[229505]:894[882]
9485	243704+1351	0	31834	1	69176at147550_9|scaffold78|+|480|1.565e-137|2|243704|245054|243704[243704]:244033[244033]:330[330]|244089[244098]:245054[245054]:966[957]
9485	108851+723	0	32668	1	53014at147550|scaffold78|+|42|1.111e-05|1|108851|109573|108851[108851]:109573[109573]:723[723]
9485	61591+585	0	35006	1	48769at147550_7|scaffold78|+|76|6.467e-16|1|61591|62175|61591[61591]:62175[62175]:585[585]
9485	614+2746	0	36513	1	15530at147550_0|scaffold78|+|702|2.322e-204|4|614|3359|614[614]:772[772]:159[159]|1130[1130]:2290[2290]:1161[1161]|2331[2358]:2600[2600]:270[243]|2658[2661]:3359[3359]:702[699]
9485	231877+849	0	40153	1	67633at147550_1|scaffold78|+|135|1.122e-33|1|231877|232725|231877[231877]:232725[232725]:849[849]
9485	8763+1229	0	41362	1	38552at147550_3|scaffold78|+|351|1.065e-98|3|8763|9991|8763[8763]:9518[9518]:756[756]|9589[9592]:9753[9753]:165[162]|9833[9833]:9991[9991]:159[159]
9486	109399+2318	0	3297	1	15853at147550_9|scaffold110|+|1313|0|2|109399|111716|109399[109399]:110274[110274]:876[876]|110337[110337]:111716[111716]:1380[1380]
9486	94327-1182	0	7288	-1	37480at147550_5|scaffold110|-|342|5.454e-96|2|93146|94327|94327[94327]:93530[93530]:798[798]|93466[93466]:93146[93146]:321[321]
9486	11492+1921	0	7751	1	23547at147550_7|scaffold110|+|751|4.125e-219|5|11492|13412|11492[11492]:11551[11551]:60[60]|11609[11612]:12169[12169]:561[558]|12295[12295]:12369[12369]:75[75]|12422[12422]:12790[12790]:369[369]|12852[12852]:13412[13412]:561[561]
9486	31306-1410	0	10770	-1	54822at147550_1|scaffold110|-|708|3.629e-206|1|29897|31306|31306[31306]:29897[29897]:1410[1410]
9486	100388-3159	0	16885	-1	25790at147550_8|scaffold110|-|663|1.277e-192|1|97230|100388|100388[100388]:97230[97230]:3159[3159]
9486	132194+2317	0	22011	1	20378at147550_4|scaffold110|+|957|4.011e-281|2|132194|134510|132194[132194]:132535[132535]:342[342]|132726[132738]:134510[134510]:1785[1773]
9486	31951+1616	0	23102	1	35754at147550_7|scaffold110|+|810|7.156e-237|2|31951|33566|31951[31951]:32409[32409]:459[459]|32475[32478]:33566[33566]:1092[1089]
9486	175563+2382	0	25741	1	34299at147550_6|scaffold110|+|885|1.894e-259|2|175563|177944|175563[175563]:176897[176897]:1335[1335]|177096[177096]:177944[177944]:849[849]
9486	49946-1373	0	27140	-1	64055at147550_6|scaffold110|-|478|6.261e-137|2|48574|49946|49946[49946]:49503[49503]:444[444]|49443[49437]:48574[48574]:870[864]
9486	10126-1860	0	29338	-1	19546at147550_9|scaffold110|-|1164|0|1|8267|10126|10126[10126]:8267[8267]:1860[1860]
9486	175070-1244	0	29715	-1	46657at147550_3|scaffold110|-|609|2.3e-176|2|173827|175070|175070[175070]:174969[174969]:102[102]|174909[174909]:173827[173827]:1083[1083]
9486	35862-1557	0	30532	-1	32307at147550_6|scaffold110|-|809|1.431e-236|2|34306|35862|35862[35862]:35461[35461]:402[402]|35355[35352]:34306[34306]:1050[1047]
9486	37688+744	0	34537	1	91065at147550_3|scaffold110|+|285|7.86e-79|1|37688|38431|37688[37688]:38431[38431]:744[744]
9486	21116+1408	0	34868	1	55364at147550_0|scaffold110|+|680|9.74e-198|2|21116|22523|21116[21116]:21187[21187]:72[72]|21252[21252]:22523[22523]:1272[1272]
9486	117794-711	0	35003	-1	81333at147550_1|scaffold110|-|201|1.52e-53|1|117084|117794|117794[117794]:117084[117084]:711[711]
9486	42028-990	0	35506	-1	107733at147550_5|scaffold110|-|194|1.946e-51|1|41039|42028|42028[42028]:41039[41039]:990[990]
9487	82612+1383	0	4044	1	99735at147550_6|scaffold142|+|177|2.551e-46|1|82612|83994|82612[82612]:83994[83994]:1383[1383]
9487	62910-1368	0	6114	-1	66034at147550_4|scaffold142|-|537|1.086e-154|3|61543|62910|62910[62910]:62803[62803]:108[108]|62713[62710]:62165[62165]:549[546]|61857[61854]:61543[61543]:315[312]
9487	47831-4823	0	6687	-1	21080at147550_2|scaffold142|-|951|2.567e-279|4|43009|47831|47831[47831]:47718[47718]:114[114]|47663[47654]:46173[46173]:1491[1482]|44473[44473]:43757[43757]:717[717]|43713[43713]:43009[43009]:705[705]
9487	55328-1273	0	9991	-1	103495at147550_5|scaffold142|-|436|2.754e-124|2|54056|55328|55328[55328]:54993[54993]:336[336]|54946[54946]:54056[54056]:891[891]
9487	47828-1659	0	14523	-1	21080at147550_8|scaffold142|-|911|2.823e-267|2|46170|47828|47828[47828]:47718[47718]:111[111]|47663[47654]:46170[46170]:1494[1485]
9487	93623-1381	0	14552	-1	46204at147550_6|scaffold142|-|660|1.021e-191|3|92243|93623|93623[93623]:93375[93375]:249[249]|93201[93201]:92554[92554]:648[648]|92449[92449]:92243[92243]:207[207]
9487	9709+1674	0	21798	1	59504at147550_0|scaffold142|+|707|7.257e-206|1|9709|11382|9709[9709]:11382[11382]:1674[1674]
9487	16851-2454	0	25283	-1	68716at147550_5|scaffold142|-|706|1.451e-205|3|14398|16851|16851[16851]:16795[16795]:57[57]|16357[16357]:16253[16253]:105[105]|16143[16143]:14398[14398]:1746[1746]
9487	26468+3021	0	25313	1	5484at147550_2|scaffold142|+|1690|0|2|26468|29488|26468[26468]:26659[26659]:192[192]|26738[26738]:29488[29488]:2751[2751]
9487	50229+3102	0	25433	1	14390at147550_6|scaffold142|+|1183|0|6|50229|53330|50229[50229]:50969[50969]:741[741]|51105[51105]:51431[51431]:327[327]|51497[51500]:52018[52018]:522[519]|52072[52084]:52152[52152]:81[69]|52307[52310]:52432[52432]:126[123]|52518[52518]:53330[53330]:813[813]
9487	34636-795	0	25766	-1	104522at147550_4|scaffold142|-|151|1.712e-38|1|33842|34636|34636[34636]:33842[33842]:795[795]
9487	90117+1348	0	29866	1	80116at147550_8|scaffold142|+|244|1.728e-66|2|90117|91464|90117[90117]:90179[90179]:63[63]|90253[90253]:91464[91464]:1212[1212]
9487	57043+1002	0	33317	1	75524at147550_9|scaffold142|+|392|4.844e-111|1|57043|58044|57043[57043]:58044[58044]:1002[1002]
9487	80980-1512	0	34747	-1	53907at147550_3|scaffold142|-|550|1.326e-158|4|79469|80980|80980[80980]:80873[80873]:108[108]|80731[80695]:80630[80630]:102[66]|80562[80562]:80497[80497]:66[66]|80428[80428]:79469[79469]:960[960]
9487	75359-1323	0	35884	-1	28802at147550_0|scaffold142|-|170|3.265e-44|1|74037|75359|75359[75359]:74037[74037]:1323[1323]
9488	18629-1912	0	11573	-1	60957at147550_6|scaffold174|-|463|2.052e-132|3|16718|18629|18629[18629]:18558[18558]:72[72]|18439[18433]:18278[18278]:162[156]|18166[18139]:16718[16718]:1449[1422]
9488	13073-442	0	13812	-1	104633at147550_8|scaffold174|-|196|4.865e-52|2|12632|13073|13073[13073]:12828[12828]:246[246]|12751[12751]:12632[12632]:120[120]
18970	47086+2165	0	6742	1	45200at147550_4|scaffold347|+|575|3.951e-166|4|47086|49250|47086[47086]:47775[47775]:690[690]|47826[47829]:47966[47966]:141[138]|48015[48018]:48719[48719]:705[702]|48789[48789]:49250[49250]:462[462]
18970	26533-3853	0	18147	-1	14542at147550_8|scaffold347|-|1380|0|3|22681|26533|26533[26533]:26480[26480]:54[54]|26423[26408]:24030[24030]:2394[2379]|23952[23952]:22681[22681]:1272[1272]
18970	16234+1027	0	24008	1	57389at147550_3|scaffold347|+|352|5.326e-99|2|16234|17260|16234[16234]:16404[16404]:171[171]|16433[16469]:17260[17260]:828[792]
18970	65669-2342	0	30883	-1	27160at147550_3|scaffold347|-|950|5.134e-279|3|63328|65669|65669[65669]:65355[65355]:315[315]|65120[65120]:64395[64395]:726[726]|64320[64320]:63328[63328]:993[993]
18970	31793+1072	0	38415	1	68614at147550_6|scaffold347|+|541|6.788e-156|3|31793|32864|31793[31793]:31909[31909]:117[117]|31976[31976]:32083[32083]:108[108]|32136[32145]:32864[32864]:729[720]
18970	14218+882	0	39078	1	108563at147550_7|scaffold347|+|126|5.744e-31|1|14218|15099|14218[14218]:15099[15099]:882[882]
18974	3949-2359	0	4231	-1	27993at147550_6|scaffold475|-|944|3.286e-277|2|1591|3949|3949[3949]:3218[3218]:732[732]|3204[3168]:1591[1591]:1614[1578]
18975	137308-909	0	2310	-1	53755at147550_4|scaffold507|-|207|2.376e-55|1|136400|137308|137308[137308]:136400[136400]:909[909]
18975	53642+6896	0	5598	1	17171at147550_1|scaffold507|+|1463|0|2|53642|60537|53642[53642]:55078[55078]:1437[1437]|58093[58093]:60537[60537]:2445[2445]
18975	132141+1601	0	7994	1	30256at147550_5|scaffold507|+|977|3.825e-287|2|132141|133741|132141[132141]:132413[132413]:273[273]|132512[132515]:133741[133741]:1230[1227]
18975	113968+2577	0	9619	1	13390at147550_9|scaffold507|+|1324|0|1|113968|116544|113968[113968]:116544[116544]:2577[2577]
18975	52511-1941	0	24979	-1	28606at147550_2|scaffold507|-|1015|1.392e-298|4|50571|52511|52511[52511]:52410[52410]:102[102]|52322[52316]:52227[52227]:96[90]|52129[52129]:50873[50873]:1257[1257]|50804[50804]:50571[50571]:234[234]
18975	118416-1120	0	34383	-1	75265at147550_2|scaffold507|-|455|5.252e-130|2|117297|118416|118416[118416]:117874[117874]:543[543]|117800[117797]:117297[117297]:504[501]
18975	39843+1417	0	35884	1	28802at147550_0|scaffold507|+|183|3.985e-48|2|39843|41259|39843[39843]:40670[40670]:828[828]|40771[40771]:41259[41259]:489[489]
18975	113434-937	0	41065	-1	83765at147550_4|scaffold507|-|353|2.663e-99|2|112498|113434|113434[113434]:113270[113270]:165[165]|113043[113031]:112498[112498]:546[534]
18976	9219-783	0	1748	-1	90479at147550_1|scaffold539|-|262|6.593e-72|3|8437|9219|9219[9219]:9154[9154]:66[66]|9052[9052]:8981[8981]:72[72]|8877[8874]:8437[8437]:441[438]
18976	27270-1456	0	5931	-1	41139at147550_5|scaffold539|-|765|2.518e-223|6|25815|27270|27270[27270]:27226[27226]:45[45]|27169[27169]:26990[26990]:180[180]|26954[26939]:26862[26862]:93[78]|26804[26804]:26457[26457]:348[348]|26397[26397]:25990[25990]:408[408]|25943[25934]:25815[25815]:129[120]
18976	24138-2597	0	7171	-1	12911at147550_6|scaffold539|-|1045|1.296e-307|3|21542|24138|24138[24138]:23542[23542]:597[597]|23474[23471]:22392[22392]:1083[1080]|22333[22333]:21542[21542]:792[792]
18976	45418-1155	0	9847	-1	79874at147550_4|scaffold539|-|497|1.194e-142|1|44264|45418|45418[45418]:44264[44264]:1155[1155]
18976	47160+759	0	10094	1	79345at147550_2|scaffold539|+|178|1.275e-46|1|47160|47918|47160[47160]:47918[47918]:759[759]
18976	6358-1975	0	38648	-1	60978at147550_2|scaffold539|-|288|9.825e-80|2|4384|6358|6358[6358]:5033[5033]:1326[1326]|4959[4959]:4384[4384]:576[576]
18976	15460-1227	0	40812	-1	65648at147550_2|scaffold539|-|487|1.223e-139|3|14234|15460|15460[15460]:15281[15281]:180[180]|15113[15113]:14631[14631]:483[483]|14533[14533]:14234[14234]:300[300]
18978	57365-1627	0	10110	-1	27007at147550_8|scaffold603|-|418|7.218e-119|3|55739|57365|57365[57365]:57282[57282]:84[84]|57169[57169]:55952[55952]:1218[1218]|55846[55843]:55739[55739]:108[105]
18978	35210-944	0	11395	-1	90040at147550_3|scaffold603|-|343|2.727e-96|2|34267|35210|35210[35210]:34650[34650]:561[561]|34536[34536]:34267[34267]:270[270]
18978	29931+1264	0	32657	1	66767at147550|scaffold603|+|625|3.509e-181|2|29931|31194|29931[29931]:29990[29990]:60[60]|30079[30082]:31194[31194]:1116[1113]
18979	7938+1218	0	13801	1	45640at147550_3|scaffold635|+|70|4.139e-14|1|7938|9155|7938[7938]:9155[9155]:1218[1218]
18979	54602+3539	0	21088	1	4474at147550_3|scaffold635|+|1693|0|5|54602|58140|54602[54602]:55000[55000]:399[399]|55068[55068]:55253[55253]:186[186]|55297[55306]:55725[55725]:429[420]|55781[55781]:57856[57856]:2076[2076]|57937[57940]:58140[58140]:204[201]
18979	50671-1561	0	34881	-1	56790at147550_9|scaffold635|-|578|4.939e-167|2|49111|50671|50671[50671]:49958[49958]:714[714]|49911[49902]:49111[49111]:801[792]
18979	38817-681	0	40672	-1	57903at147550_6|scaffold635|-|98|1.542e-22|1|38137|38817|38817[38817]:38137[38137]:681[681]
18979	63421+2958	0	41399	1	20778at147550_7|scaffold635|+|781|3.842e-228|4|63421|66378|63421[63421]:63525[63525]:105[105]|63714[63714]:64592[64592]:879[879]|64642[64678]:65208[65208]:567[531]|65602[65608]:66378[66378]:777[771]
5110	188533-486	0	909	-1	99425at147550_0|scaffold40|-|240|2.765e-65|1|188048|188533|188533[188533]:188048[188048]:486[486]
5110	42978+1027	0	1274	1	57315at147550_1|scaffold40|+|565|4.046e-163|2|42978|44004|42978[42978]:43091[43091]:114[114]|43114[43156]:44004[44004]:891[849]
5110	60092+459	0	5658	1	81480at147550_8|scaffold40|+|79|8.083e-17|1|60092|60550|60092[60092]:60550[60550]:459[459]
5110	108003+3261	0	7005	1	14353at147550_3|scaffold40|+|1047|3.24e-308|3|108003|111263|108003[108003]:108941[108941]:939[939]|109003[109003]:109095[109095]:93[93]|109212[109212]:111263[111263]:2052[2052]
5110	140965-3381	0	8001	-1	8653at147550_9|scaffold40|-|1425|0|1|137585|140965|140965[140965]:137585[137585]:3381[3381]
5110	181368-2684	0	9513	-1	58031at147550_8|scaffold40|-|678|3.896e-197|2|178685|181368|181368[181368]:181267[181267]:102[102]|181213[181198]:178685[178685]:2529[2514]
5110	119119-1290	0	10835	-1	37514at147550_4|scaffold40|-|294|1.535e-81|2|117830|119119|119119[119119]:118826[118826]:294[294]|118759[118759]:117830[117830]:930[930]
5110	24581+1883	0	12907	1	46443at147550_2|scaffold40|+|748|3.3e-218|2|24581|26463|24581[24581]:24691[24691]:111[111]|24772[24805]:26463[26463]:1692[1659]
5110	152150-4663	0	18546	-1	17448at147550_9|scaffold40|-|1531|0|5|147488|152150|152150[152150]:152004[152004]:147[147]|151950[151947]:150349[150349]:1602[1599]|149553[149553]:149281[149281]:273[273]|149192[149192]:147960[147960]:1233[1233]|147904[147874]:147488[147488]:417[387]
5110	54510-4785	0	23235	-1	4611at147550_4|scaffold40|-|1126|0|3|49726|54510|54510[54510]:53650[53650]:861[861]|53573[53573]:51348[51348]:2226[2226]|51219[51219]:49726[49726]:1494[1494]
5110	152123-1919	0	24065	-1	19913at147550_7|scaffold40|-|793|9.379e-232|2|150205|152123|152123[152123]:152004[152004]:120[120]|151950[151947]:150205[150205]:1746[1743]
5110	61198+822	0	25119	1	89203at147550_6|scaffold40|+|365|6.502e-103|1|61198|62019|61198[61198]:62019[62019]:822[822]
5110	2440-2056	0	26909	-1	31573at147550_3|scaffold40|-|831|3.412e-243|3|385|2440|2440[2440]:2285[2285]:156[156]|2222[2219]:1560[1560]:663[660]|1509[1506]:385[385]:1125[1122]
5110	124361-1218	0	26953	-1	18587at147550_6|scaffold40|-|113|4.705e-27|1|123144|124361|124361[124361]:123144[123144]:1218[1218]
5110	189031+1536	0	31092	1	43722at147550_2|scaffold40|+|664|6.383e-193|2|189031|190566|189031[189031]:189516[189516]:486[486]|189661[189661]:190566[190566]:906[906]
5110	94633-1355	0	31953	-1	61208at147550_7|scaffold40|-|585|3.859e-169|2|93279|94633|94633[94633]:93617[93617]:1017[1017]|93551[93551]:93279[93279]:273[273]
5110	20411+2678	0	32132	1	50903at147550_5|scaffold40|+|664|6.383e-193|3|20411|23088|20411[20411]:22546[22546]:2136[2136]|22593[22608]:22982[22982]:390[375]|23038[23044]:23088[23088]:51[45]
5110	127169-1099	0	33591	-1	91588at147550_8|scaffold40|-|271|1.288e-74|2|126071|127169|127169[127169]:126891[126891]:279[279]|126718[126718]:126071[126071]:648[648]
5110	55387+648	0	34325	1	92849at147550_3|scaffold40|+|334|1.396e-93|1|55387|56034|55387[55387]:56034[56034]:648[648]
5110	112224+1398	0	35538	1	34845at147550_0|scaffold40|+|122|9.19e-30|1|112224|113621|112224[112224]:113621[113621]:1398[1398]
5110	105361-3249	0	35798	-1	10549at147550_4|scaffold40|-|1005|1.425e-295|1|102113|105361|105361[105361]:102113[102113]:3249[3249]
5110	164290-3299	0	37035	-1	20463at147550_0|scaffold40|-|1082|9.42998e-319|2|160992|164290|164290[164290]:163577[163577]:714[714]|163514[163514]:160992[160992]:2523[2523]
5110	203042+1494	0	38600	1	26259at147550_2|scaffold40|+|151|1.712e-38|1|203042|204535|203042[203042]:204535[204535]:1494[1494]
5110	39650+2217	0	38762	1	89752at147550_5|scaffold40|+|319|4.575e-89|1|39650|41866|39650[39650]:41866[41866]:2217[2217]
5111	58344+1462	0	593	1	36194at147550_3|scaffold72|+|704|5.806e-205|2|58344|59805|58344[58344]:59177[59177]:834[834]|59236[59236]:59805[59805]:570[570]
5111	106867+462	0	1140	1	106216at147550_9|scaffold72|+|171|1.632e-44|2|106867|107328|106867[106867]:107103[107103]:237[237]|107269[107272]:107328[107328]:60[57]
5111	111753-2532	0	1712	-1	17090at147550_5|scaffold72|-|993|5.837e-292|1|109222|111753|111753[111753]:109222[109222]:2532[2532]
5111	119524-964	0	6077	-1	59885at147550_3|scaffold72|-|232|7.08e-63|2|118561|119524|119524[119524]:119132[119132]:393[393]|119052[119052]:118561[118561]:492[492]
5111	96376-3246	0	8682	-1	8482at147550_8|scaffold72|-|1077|3.018e-317|2|93131|96376|96376[96376]:95780[95780]:597[597]|95620[95620]:93131[93131]:2490[2490]
5111	103500-2877	0	9693	-1	24490at147550_4|scaffold72|-|735|2.703e-214|2|100624|103500|103500[103500]:101485[101485]:2016[2016]|101061[101061]:100624[100624]:438[438]
5111	62224-2346	0	10640	-1	25377at147550_5|scaffold72|-|997|3.648e-293|2|59879|62224|62224[62224]:61349[61349]:876[876]|61279[61279]:59879[59879]:1401[1401]
5111	86319+1443	0	15343	1	47361at147550_0|scaffold72|+|626|1.755e-181|5|86319|87761|86319[86319]:86606[86606]:288[288]|86670[86670]:86765[86765]:96[96]|86831[86834]:86926[86926]:96[93]|87001[87001]:87492[87492]:492[492]|87567[87567]:87761[87761]:195[195]
5111	96930+2099	0	15873	1	37194at147550_2|scaffold72|+|621|5.615e-180|5|96930|99028|96930[96930]:97100[97100]:171[171]|97145[97154]:97249[97249]:105[96]|97299[97317]:97397[97397]:99[81]|97447[97453]:97578[97578]:132[126]|97637[97637]:99028[99028]:1392[1392]
5111	78835+1778	0	19346	1	63517at147550_9|scaffold72|+|690|9.512e-201|2|78835|80612|78835[78835]:79065[79065]:231[231]|79254[79254]:80612[80612]:1359[1359]
5111	118221-909	0	27842	-1	39156at147550_5|scaffold72|-|120|3.676e-29|1|117313|118221|118221[118221]:117313[117313]:909[909]
5111	88701-600	0	38675	-1	20901at147550_1|scaffold72|-|126|5.744e-31|1|88102|88701|88701[88701]:88102[88102]:600[600]
5112	149206+954	0	3118	1	92478at147550_9|scaffold104|+|277|2.012e-76|4|149206|150159|149206[149206]:149343[149343]:138[138]|149373[149415]:149564[149564]:192[150]|149636[149666]:149821[149821]:186[156]|150094[150100]:150159[150159]:66[60]
5112	96230-3186	0	4320	-1	17586at147550_9|scaffold104|-|1458|0|1|93045|96230|96230[96230]:93045[93045]:3186[3186]
5112	68783+708	0	5179	1	82315at147550_6|scaffold104|+|413|2.31e-117|2|68783|69490|68783[68783]:68830[68830]:48[48]|68891[68903]:69490[69490]:600[588]
5112	157289-2565	0	6795	-1	31033at147550_6|scaffold104|-|373|2.54e-105|1|154725|157289|157289[157289]:154725[154725]:2565[2565]
5112	152818+1333	0	7102	1	85591at147550_4|scaffold104|+|294|1.535e-81|2|152818|154150|152818[152818]:152877[152877]:60[60]|152936[152942]:154150[154150]:1215[1209]
5112	147832-1199	0	7672	-1	59111at147550_6|scaffold104|-|577|9.878e-167|2|146634|147832|147832[147832]:147155[147155]:678[678]|147050[147044]:146634[146634]:417[411]
5112	48516+2142	0	8073	1	89905at147550_5|scaffold104|+|500|1.493e-143|1|48516|50657|48516[48516]:50657[50657]:2142[2142]
5112	283146-2118	0	8941	-1	69945at147550_8|scaffold104|-|394|1.211e-111|2|281029|283146|283146[283146]:282631[282631]:516[516]|282492[282492]:281029[281029]:1464[1464]
5112	97112+3710	0	9434	1	2625at147550_2|scaffold104|+|1861|0|3|97112|100821|97112[97112]:97402[97402]:291[291]|97463[97469]:97522[97522]:60[54]|97660[97666]:100821[100821]:3162[3156]
5112	186076+2079	0	9923	1	18820at147550_4|scaffold104|+|1127|0|3|186076|188154|186076[186076]:186282[186282]:207[207]|186349[186370]:187329[187329]:981[960]|187387[187387]:188154[188154]:768[768]
5112	191736-2376	0	10058	-1	54069at147550_9|scaffold104|-|698|3.716e-203|2|189361|191736|191736[191736]:189757[189757]:1980[1980]|189546[189546]:189361[189361]:186[186]
5112	109453-507	0	11931	-1	99549at147550_6|scaffold104|-|208|1.188e-55|1|108947|109453|109453[109453]:108947[108947]:507[507]
5112	168821+1622	0	13314	1	22772at147550_9|scaffold104|+|508|5.831e-146|3|168821|170442|168821[168821]:169390[169390]:570[570]|169463[169463]:169675[169675]:213[213]|169741[169741]:170442[170442]:702[702]
5112	141649-1478	0	13383	-1	87896at147550_5|scaffold104|-|292|6.141e-81|2|140172|141649|141649[141649]:141512[141512]:138[138]|141407[141392]:140172[140172]:1236[1221]
5112	193336+1962	0	14180	1	36163at147550_8|scaffold104|+|844|4.165e-247|1|193336|195297|193336[193336]:195297[195297]:1962[1962]
5112	116587+899	0	14397	1	47815at147550|scaffold104|+|309|4.685e-86|2|116587|117485|116587[116587]:116871[116871]:285[285]|116925[116925]:117485[117485]:561[561]
5112	158154+1683	0	16342	1	50071at147550_2|scaffold104|+|713|1.134e-207|3|158154|159836|158154[158154]:158501[158501]:348[348]|158553[158568]:159680[159680]:1128[1113]|159726[159747]:159836[159836]:111[90]
5112	60010-963	0	16365	-1	55550at147550_5|scaffold104|-|89|7.894e-20|1|59048|60010|60010[60010]:59048[59048]:963[963]
5112	239082+1005	0	17514	1	54667at147550_0|scaffold104|+|602|2.944e-174|1|239082|240086|239082[239082]:240086[240086]:1005[1005]
5112	71157+723	0	17550	1	102932at147550_2|scaffold104|+|287|1.965e-79|1|71157|71879|71157[71157]:71879[71879]:723[723]
5112	253341-901	0	18756	-1	79010at147550_6|scaffold104|-|482|3.913e-138|3|252441|253341|253341[253341]:253264[253264]:78[78]|253201[253195]:252812[252812]:390[384]|252746[252746]:252441[252441]:306[306]
5112	246122-2690	0	19786	-1	9925at147550_0|scaffold104|-|912|1.411e-267|3|243433|246122|246122[246122]:246036[246036]:87[87]|245982[245976]:244357[244357]:1626[1620]|244287[244284]:243433[243433]:855[852]
5112	241715+860	0	22113	1	95392at147550_0|scaffold104|+|215|9.279e-58|2|241715|242574|241715[241715]:241783[241783]:69[69]|242011[242011]:242574[242574]:564[564]
5112	176009+755	0	27051	1	86821at147550_3|scaffold104|+|252|6.752e-69|2|176009|176763|176009[176009]:176131[176131]:123[123]|176386[176386]:176763[176763]:378[378]
5112	266088-1138	0	27275	-1	46785at147550_7|scaffold104|-|219|5.8e-59|2|264951|266088|266088[266088]:265324[265324]:765[765]|265244[265244]:264951[264951]:294[294]
5112	70717-1818	0	28606	-1	67372at147550_8|scaffold104|-|682|2.435e-198|3|68900|70717|70717[70717]:70538[70538]:180[180]|70475[70457]:69762[69762]:714[696]|69301[69280]:68900[68900]:402[381]
5112	232380-2379	0	30345	-1	19149at147550_4|scaffold104|-|1286|0|1|230002|232380|232380[232380]:230002[230002]:2379[2379]
5112	26969+1442	0	31071	1	60699at147550_0|scaffold104|+|320|2.288e-89|4|26969|28410|26969[26969]:27094[27094]:126[126]|27264[27264]:27386[27386]:123[123]|27602[27602]:28015[28015]:414[414]|28072[28075]:28410[28410]:339[336]
5112	294847-2093	0	32200	-1	83989at147550_9|scaffold104|-|745|2.64e-217|2|292755|294847|294847[294847]:294680[294680]:168[168]|294611[294608]:292755[292755]:1857[1854]
5112	272980-705	0	33204	-1	80362at147550_8|scaffold104|-|132|8.974e-33|2|272276|272980|272980[272980]:272540[272540]:441[441]|272449[272449]:272276[272276]:174[174]
5112	251745+431	0	35065	1	100368at147550_2|scaffold104|+|223|3.625e-60|2|251745|252175|251745[251745]:251789[251789]:45[45]|251861[251861]:252175[252175]:315[315]
5112	171960-510	0	36806	-1	107386at147550_4|scaffold104|-|160|3.343e-41|1|171451|171960|171960[171960]:171451[171451]:510[510]
5112	241259-957	0	39276	-1	45417at147550|scaffold104|-|202|7.602e-54|1|240303|241259|241259[241259]:240303[240303]:957[957]
5112	32133-1438	0	41300	-1	56545at147550_9|scaffold104|-|190|3.114e-50|3|30696|32133|32133[32133]:31777[31777]:357[357]|31604[31604]:31323[31323]:282[282]|31037[31037]:30696[30696]:342[342]
5113	17437-3265	0	1574	-1	27430at147550_8|scaffold136|-|757|6.446e-221|2|14173|17437|17437[17437]:15224[15224]:2214[2214]|15186[15171]:14173[14173]:1014[999]
5113	86580+1999	0	2465	1	30578at147550_6|scaffold136|+|377|1.587e-106|2|86580|88578|86580[86580]:86930[86930]:351[351]|87034[87034]:88578[88578]:1545[1545]
5113	111389+6228	0	6342	1	627at147550_8|scaffold136|+|2824|0|2|111389|117616|111389[111389]:116899[116899]:5511[5511]|116966[116966]:117616[117616]:651[651]
5113	63215-1905	0	7550	-1	69222at147550_1|scaffold136|-|647|8.367e-188|1|61311|63215|63215[63215]:61311[61311]:1905[1905]
5113	43423-2895	0	8187	-1	23955at147550_7|scaffold136|-|605|3.68e-175|2|40529|43423|43423[43423]:40958[40958]:2466[2466]|40888[40888]:40529[40529]:360[360]
5113	74453-1155	0	8966	-1	70150at147550_4|scaffold136|-|368|8.127e-104|1|73299|74453|74453[74453]:73299[73299]:1155[1155]
5113	54606-726	0	11350	-1	55329at147550_2|scaffold136|-|72|1.035e-14|1|53881|54606|54606[54606]:53881[53881]:726[726]
5113	60175-3485	0	11955	-1	29765at147550_9|scaffold136|-|1047|3.24e-308|5|56691|60175|60175[60175]:59723[59723]:453[453]|59662[59641]:59534[59534]:129[108]|59477[59474]:59136[59136]:342[339]|59080[59080]:58076[58076]:1005[1005]|57368[57368]:56691[56691]:678[678]
5113	13076+399	0	15219	1	109796at147550_0|scaffold136|+|156|5.349e-40|1|13076|13474|13076[13076]:13474[13474]:399[399]
5113	104782+1835	0	16867	1	75954at147550_4|scaffold136|+|646|1.673e-187|2|104782|106616|104782[104782]:105720[105720]:939[939]|105798[105798]:106616[106616]:819[819]
5113	45988+1206	0	22144	1	78018at147550_3|scaffold136|+|341|1.091e-95|1|45988|47193|45988[45988]:47193[47193]:1206[1206]
5113	55044-1713	0	25556	-1	47556at147550_7|scaffold136|-|785|2.401e-229|1|53332|55044|55044[55044]:53332[53332]:1713[1713]
5113	30388-1435	0	26852	-1	64403at147550_5|scaffold136|-|661|5.107e-192|2|28954|30388|30388[30388]:30251[30251]:138[138]|30180[30174]:28954[28954]:1227[1221]
5113	93831+1097	0	37072	1	101310at147550_1|scaffold136|+|288|9.825e-80|2|93831|94927|93831[93831]:93980[93980]:150[150]|94052[94052]:94927[94927]:876[876]
5113	90129+2286	0	38876	1	12856at147550_8|scaffold136|+|1203|0|3|90129|92414|90129[90129]:90593[90593]:465[465]|90655[90655]:91560[91560]:906[906]|91614[91614]:92414[92414]:801[801]
5113	93373-756	0	40073	-1	102701at147550_6|scaffold136|-|239|5.531e-65|1|92618|93373|93373[93373]:92618[92618]:756[756]
5114	180654-1883	0	506	-1	30489at147550_5|scaffold168|-|982|1.195e-288|4|178772|180654|180654[180654]:180538[180538]:117[117]|180437[180434]:180144[180144]:294[291]|180071[180062]:179334[179334]:738[729]|179266[179266]:178772[178772]:495[495]
5114	117227+879	0	1369	1	92804at147550|scaffold168|+|244|1.728e-66|3|117227|118105|117227[117227]:117358[117358]:132[132]|117704[117704]:117883[117883]:180[180]|117953[117968]:118105[118105]:153[138]
5114	61639-1904	0	10646	-1	82064at147550_7|scaffold168|-|309|4.685e-86|2|59736|61639|61639[61639]:60656[60656]:984[984]|60590[60590]:59736[59736]:855[855]
5114	65697+924	0	15059	1	55550at147550_4|scaffold168|+|476|2.504e-136|1|65697|66620|65697[65697]:66620[66620]:924[924]
5114	124388+1801	0	17665	1	17471at147550_4|scaffold168|+|1080|3.772e-318|2|124388|126188|124388[124388]:124588[124588]:201[201]|124650[124686]:126188[126188]:1539[1503]
5114	22753-1494	0	18360	-1	32578at147550|scaffold168|-|287|1.965e-79|2|21260|22753|22753[22753]:21935[21935]:819[819]|21841[21841]:21260[21260]:582[582]
5114	32543-961	0	21906	-1	86034at147550_8|scaffold168|-|448|6.722e-128|3|31583|32543|32543[32543]:32469[32469]:75[75]|32382[32373]:32044[32044]:339[330]|31981[31951]:31583[31583]:399[369]
5114	27066+2954	0	23828	1	17332at147550_7|scaffold168|+|879|1.212e-257|2|27066|30019|27066[27066]:29672[29672]:2607[2607]|29723[29726]:30019[30019]:297[294]
5114	182923-1350	0	27940	-1	48882at147550_4|scaffold168|-|702|2.322e-204|3|181574|182923|182923[182923]:182807[182807]:117[117]|182715[182703]:182155[182155]:561[549]|182089[182086]:181574[181574]:516[513]
5114	114011+4095	0	29469	1	92804at147550_7|scaffold168|+|922|1.378e-270|6|114011|118105|114011[114011]:114175[114175]:165[165]|114254[114272]:115309[115309]:1056[1038]|115343[115367]:115393[115393]:51[27]|117314[117314]:117358[117358]:45[45]|117704[117704]:117883[117883]:180[180]|117953[117968]:118105[118105]:153[138]
5114	86192-2886	0	29713	-1	17052at147550_9|scaffold168|-|1131|0|4|83307|86192|86192[86192]:86073[86073]:120[120]|85648[85648]:85523[85523]:126[126]|85473[85461]:83818[83818]:1656[1644]|83768[83765]:83307[83307]:462[459]
5114	47538-4997	0	30735	-1	42440at147550_4|scaffold168|-|1153|0|5|42542|47538|47538[47538]:46276[46276]:1263[1263]|46190[46160]:45927[45927]:264[234]|44437[44437]:44162[44162]:276[276]|44062[44062]:42749[42749]:1314[1314]|42682[42682]:42542[42542]:141[141]
5114	168968-1449	0	34190	-1	25065at147550_9|scaffold168|-|258|1.055e-70|1|167520|168968|168968[168968]:167520[167520]:1449[1449]
5114	53270+863	0	36647	1	92981at147550|scaffold168|+|325|7.149e-91|2|53270|54132|53270[53270]:53338[53338]:69[69]|53380[53395]:54132[54132]:753[738]
5114	103053-1260	0	37719	-1	26344at147550_7|scaffold168|-|305|7.496e-85|2|101794|103053|103053[103053]:103003[103003]:51[51]|102951[102930]:101794[101794]:1158[1137]
5114	74781-2645	0	40305	-1	29772at147550_8|scaffold168|-|870|6.207e-255|3|72137|74781|74781[74781]:74113[74113]:669[669]|74105[74105]:73560[73560]:546[546]|73510[73507]:72137[72137]:1374[1371]
5114	67300+1677	0	41148	1	30770at147550_5|scaffold168|+|871|3.103e-255|4|67300|68976|67300[67300]:67350[67350]:51[51]|67418[67424]:67471[67471]:54[48]|67556[67556]:67915[67915]:360[360]|67987[67990]:68976[68976]:990[987]
5116	153469+1580	0	1493	1	57903at147550_8|scaffold232|+|589|2.412e-170|4|153469|155048|153469[153469]:153612[153612]:144[144]|153675[153678]:153884[153884]:210[207]|153939[153948]:154163[154163]:225[216]|154356[154356]:155048[155048]:693[693]
5116	40368+2189	0	2095	1	29573at147550_4|scaffold232|+|841|3.332e-246|2|40368|42556|40368[40368]:42248[42248]:1881[1881]|42311[42314]:42556[42556]:246[243]
5116	63717-464	0	4415	-1	99060at147550_2|scaffold232|-|218|1.16e-58|2|63254|63717|63717[63717]:63655[63655]:63[63]|63604[63583]:63254[63254]:351[330]
5116	35654-3626	0	4806	-1	4095at147550_9|scaffold232|-|1711|0|2|32029|35654|35654[35654]:32442[32442]:3213[3213]|32388[32382]:32029[32029]:360[354]
5116	100960+2226	0	5747	1	15223at147550_5|scaffold232|+|1117|0|1|100960|103185|100960[100960]:103185[103185]:2226[2226]
5116	86050-884	0	7328	-1	98796at147550_1|scaffold232|-|338|8.726e-95|3|85167|86050|86050[86050]:85862[85862]:189[189]|85793[85790]:85638[85638]:156[153]|85577[85577]:85167[85167]:411[411]
5116	81485-1774	0	10235	-1	21345at147550_5|scaffold232|-|825|2.184e-241|2|79712|81485|81485[81485]:80325[80325]:1161[1161]|80233[80227]:79712[79712]:522[516]
5116	114994+1749	0	13507	1	40813at147550_3|scaffold232|+|756|1.289e-220|5|114994|116742|114994[114994]:115185[115185]:192[192]|115233[115245]:115625[115625]:393[381]|115684[115684]:115929[115929]:246[246]|115985[115988]:116302[116302]:318[315]|116365[116365]:116742[116742]:378[378]
5116	120139+4646	0	19155	1	2004at147550_9|scaffold232|+|2224|0|2|120139|124784|120139[120139]:120693[120693]:555[555]|120759[120759]:124784[124784]:4026[4026]
5116	71869+3095	0	21377	1	11805at147550_6|scaffold232|+|1280|0|4|71869|74963|71869[71869]:72165[72165]:297[297]|72228[72228]:72677[72677]:450[450]|72750[72750]:74414[74414]:1665[1665]|74466[74475]:74963[74963]:498[489]
5116	23963+939	0	22506	1	89897at147550_2|scaffold232|+|269|5.151e-74|1|23963|24901|23963[23963]:24901[24901]:939[939]
5116	93737+987	0	23522	1	104893at147550|scaffold232|+|337|1.745e-94|1|93737|94723|93737[93737]:94723[94723]:987[987]
5116	111498-3394	0	24654	-1	7277at147550_7|scaffold232|-|1008|1.781e-296|2|108105|111498|111498[111498]:108283[108283]:3216[3216]|108182[108167]:108105[108105]:78[63]
5116	7811-959	0	24709	-1	85344at147550_2|scaffold232|-|484|9.782e-139|2|6853|7811|7811[7811]:7395[7395]:417[417]|7344[7338]:6853[6853]:492[486]
5116	51193-887	0	25286	-1	87498at147550_1|scaffold232|-|308|9.37e-86|3|50307|51193|51193[51193]:51041[51041]:153[153]|50944[50944]:50846[50846]:99[99]|50795[50756]:50307[50307]:489[450]
5116	70837-707	0	26109	-1	101960at147550_4|scaffold232|-|283|3.144e-78|2|70131|70837|70837[70837]:70772[70772]:66[66]|70712[70712]:70131[70131]:582[582]
5116	138276-3172	0	28305	-1	16476at147550_9|scaffold232|-|1153|0|5|135105|138276|138276[138276]:138229[138229]:48[48]|137934[137934]:137707[137707]:228[228]|137611[137611]:135803[135803]:1809[1809]|135759[135744]:135298[135298]:462[447]|135269[135236]:135105[135105]:165[132]
5116	48593+141	0	30315	1	82574at147550_8|scaffold232|+|42|1.111e-05|1|48593|48733|48593[48593]:48733[48733]:141[141]
5116	139612+1240	0	30434	1	78696at147550_7|scaffold232|+|489|3.057e-140|4|139612|140851|139612[139612]:139668[139668]:57[57]|139889[139889]:140446[140446]:558[558]|140515[140515]:140658[140658]:144[144]|140726[140726]:140851[140851]:126[126]
5116	151727-482	0	33472	-1	97238at147550_9|scaffold232|-|261|1.319e-71|2|151246|151727|151727[151727]:151578[151578]:150[150]|151512[151512]:151246[151246]:267[267]
5116	118281-763	0	33982	-1	82577at147550|scaffold232|-|428|7.049e-122|2|117519|118281|118281[118281]:118210[118210]:72[72]|118103[118079]:117519[117519]:585[561]
5116	150339-8336	0	34208	-1	24839at147550_1|scaffold232|-|2043|0|4|142004|150339|150339[150339]:150124[150124]:216[216]|149907[149880]:148315[148315]:1593[1566]|148205[148205]:148128[148128]:78[78]|144886[144886]:142004[142004]:2883[2883]
5116	8637+2614	0	34323	1	13558at147550_9|scaffold232|+|1283|0|2|8637|11250|8637[8637]:8819[8819]:183[183]|8872[8893]:11250[11250]:2379[2358]
5116	86515+1236	0	34349	1	57263at147550_4|scaffold232|+|697|7.431e-203|1|86515|87750|86515[86515]:87750[87750]:1236[1236]
5116	56628+497	0	35458	1	104558at147550_2|scaffold232|+|124|2.297e-30|2|56628|57124|56628[56628]:56807[56807]:180[180]|56870[56882]:57124[57124]:255[243]
5116	76518+1909	0	37077	1	67478at147550_7|scaffold232|+|269|5.151e-74|2|76518|78426|76518[76518]:76631[76631]:114[114]|76741[76750]:78426[78426]:1686[1677]
5116	131853+951	0	37615	1	81333at147550_3|scaffold232|+|349|4.261e-98|1|131853|132803|131853[131853]:132803[132803]:951[951]
5116	19152-2892	0	40026	-1	19241at147550_2|scaffold232|-|692|2.378e-201|1|16261|19152|19152[19152]:16261[16261]:2892[2892]
5109	15592+2649	0	208	1	18788at147550_2|scaffold8|+|1159|0|1|15592|18240|15592[15592]:18240[18240]:2649[2649]
5109	12820-1897	0	2107	-1	39479at147550_3|scaffold8|-|767|6.294e-224|2|10924|12820|12820[12820]:11384[11384]:1437[1437]|11322[11319]:10924[10924]:399[396]
5109	106881-945	0	3484	-1	35906at147550_9|scaffold8|-|293|3.07e-81|1|105937|106881|106881[106881]:105937[105937]:945[945]
5109	93182+447	0	7128	1	70861at147550_6|scaffold8|+|44|2.777e-06|1|93182|93628|93182[93182]:93628[93628]:447[447]
5109	112937+435	0	20554	1	85406at147550_8|scaffold8|+|67|3.311e-13|1|112937|113371|112937[112937]:113371[113371]:435[435]
5109	128448-3305	0	25514	-1	3549at147550_6|scaffold8|-|1813|0|2|125144|128448|128448[128448]:128125[128125]:324[324]|128068[128056]:125144[125144]:2925[2913]
5109	112427+297	0	27421	1	97268at147550_7|scaffold8|+|49|8.68e-08|1|112427|112723|112427[112427]:112723[112723]:297[297]
5109	8427-4051	0	28624	-1	25791at147550_9|scaffold8|-|673|1.247e-195|3|4377|8427|8427[8427]:8338[8338]:90[90]|8235[8220]:8047[8047]:189[174]|7928[7925]:4377[4377]:3552[3549]
5109	98548+1629	0	29736	1	36963at147550_5|scaffold8|+|854|4.068e-250|1|98548|100176|98548[98548]:100176[100176]:1629[1629]
5109	77148+2104	0	30158	1	35527at147550_4|scaffold8|+|992|1.167e-291|5|77148|79251|77148[77148]:77285[77285]:138[138]|77383[77383]:77469[77469]:87[87]|77534[77540]:78445[78445]:912[906]|78498[78501]:78968[78968]:471[468]|79024[79030]:79251[79251]:228[222]
5109	104706+790	0	31515	1	101878at147550_9|scaffold8|+|187|2.491e-49|2|104706|105495|104706[104706]:104897[104897]:192[192]|104980[104980]:105495[105495]:516[516]
5109	43074+635	0	37241	1	105296at147550_4|scaffold8|+|138|1.402e-34|3|43074|43708|43074[43074]:43163[43163]:90[90]|43273[43285]:43416[43416]:144[132]|43535[43535]:43708[43708]:174[174]
5109	45243+1300	0	38838	1	64481at147550_2|scaffold8|+|514|9.111e-148|5|45243|46542|45243[45243]:45293[45293]:51[51]|45433[45445]:45627[45627]:195[183]|45699[45702]:46163[46163]:465[462]|46218[46218]:46361[46361]:144[144]|46414[46414]:46542[46542]:129[129]
5109	48024-973	0	38904	-1	94852at147550_0|scaffold8|-|333|2.792e-93|4|47052|48024|48024[48024]:47611[47611]:414[414]|47524[47521]:47408[47408]:117[114]|47325[47325]:47224[47224]:102[102]|47168[47153]:47052[47052]:117[102]
5109	104163-2802	0	39313	-1	9298at147550_9|scaffold8|-|1354|0|5|101362|104163|104163[104163]:104014[104014]:150[150]|103879[103873]:103610[103610]:270[264]|103551[103548]:101809[101809]:1743[1740]|101743[101743]:101663[101663]:81[81]|101610[101604]:101362[101362]:249[243]
5109	81976+2376	0	39799	1	22349at147550_7|scaffold8|+|1219|0|1|81976|84351|81976[81976]:84351[84351]:2376[2376]
5109	42308-399	0	41792	-1	105291at147550_8|scaffold8|-|164|2.09e-42|1|41910|42308|42308[42308]:41910[41910]:399[399]
5131	20078+1087	0	308	1	61564at147550_5|scaffold712|+|598|4.71e-173|2|20078|21164|20078[20078]:20356[20356]:279[279]|20415[20421]:21164[21164]:750[744]
5131	28876+762	0	13585	1	87181at147550_5|scaffold712|+|390|1.938e-110|3|28876|29637|28876[28876]:28992[28992]:117[117]|29055[29061]:29333[29333]:279[273]|29374[29398]:29637[29637]:264[240]
5131	9216+1908	0	25354	1	48597at147550_4|scaffold712|+|827|5.46e-242|1|9216|11123|9216[9216]:11123[11123]:1908[1908]
5131	21954-626	0	28091	-1	100164at147550_1|scaffold712|-|228|1.133e-61|3|21329|21954|21954[21954]:21853[21853]:102[102]|21719[21719]:21588[21588]:132[132]|21511[21511]:21329[21329]:183[183]
5131	22503+1236	0	33129	1	70329at147550_1|scaffold712|+|442|4.302e-126|5|22503|23738|22503[22503]:22592[22592]:90[90]|22724[22724]:22768[22768]:45[45]|22834[22834]:22923[22923]:90[90]|23078[23078]:23383[23383]:306[306]|23430[23442]:23738[23738]:309[297]
5132	6611-1827	0	12947	-1	20174at147550_7|scaffold744|-|226|4.531e-61|2|4785|6611|6611[6611]:5328[5328]:1284[1284]|5105[5105]:4785[4785]:321[321]
5132	8422+1536	0	13459	1	68680at147550_0|scaffold744|+|410|1.848e-116|1|8422|9957|8422[8422]:9957[9957]:1536[1536]
5132	176+1044	0	40708	1	88608at147550_0|scaffold744|+|276|4.024e-76|1|176|1219|176[176]:1219[1219]:1044[1044]
5135	9181+768	0	272	1	46366at147550_7|scaffold840|+|98|1.542e-22|1|9181|9948|9181[9181]:9948[9948]:768[768]
5135	2922-1303	0	9028	-1	49746at147550_2|scaffold840|-|234|1.77e-63|3|1620|2922|2922[2922]:2629[2629]:294[294]|2476[2476]:2165[2165]:312[312]|2066[2066]:1620[1620]:447[447]
5135	12153+1994	0	41356	1	32578at147550_4|scaffold840|+|895|1.85e-262|2|12153|14146|12153[12153]:13817[13817]:1665[1665]|13889[13889]:14146[14146]:258[258]
5840	88663+2487	0	5035	1	20160at147550_5|scaffold73|+|1007|3.563e-296|1|88663|91149|88663[88663]:91149[91149]:2487[2487]
5840	18727+3801	0	12525	1	14399at147550_9|scaffold73|+|1234|0|3|18727|22527|18727[18727]:18849[18849]:123[123]|18923[18923]:21838[21838]:2916[2916]|21898[21901]:22527[22527]:630[627]
5840	26992-899	0	16641	-1	82837at147550_5|scaffold73|-|372|5.079e-105|2|26094|26992|26992[26992]:26312[26312]:681[681]|26207[26207]:26094[26094]:114[114]
5840	44239-782	0	17428	-1	88746at147550_2|scaffold73|-|392|4.844e-111|3|43458|44239|44239[44239]:44183[44183]:57[57]|44069[44069]:43938[43938]:132[132]|43832[43832]:43458[43458]:375[375]
5840	70312-3564	0	20284	-1	20069at147550_0|scaffold73|-|1193|0|3|66749|70312|70312[70312]:68918[68918]:1395[1395]|68852[68852]:67833[67833]:1020[1020]|67771[67771]:66749[66749]:1023[1023]
5840	7305-927	0	23771	-1	84355at147550_5|scaffold73|-|496|2.388e-142|3|6379|7305|7305[7305]:7255[7255]:51[51]|7196[7187]:6750[6750]:447[438]|6672[6672]:6379[6379]:294[294]
5840	18006-1887	0	23976	-1	37709at147550_2|scaffold73|-|553|1.657e-159|2|16120|18006|18006[18006]:17668[17668]:339[339]|17610[17604]:16120[16120]:1491[1485]
5840	38112+1273	0	29633	1	57916at147550_4|scaffold73|+|544|8.485e-157|2|38112|39384|38112[38112]:39239[39239]:1128[1128]|39277[39310]:39384[39384]:108[75]
5840	41470+1642	0	30453	1	41979at147550_5|scaffold73|+|661|5.107e-192|4|41470|43111|41470[41470]:41520[41520]:51[51]|41589[41601]:41894[41894]:306[294]|41997[42003]:42266[42266]:270[264]|42371[42371]:43111[43111]:741[741]
5840	60462-1241	0	30938	-1	52428at147550_3|scaffold73|-|660|1.021e-191|3|59222|60462|60462[60462]:59770[59770]:693[693]|59674[59671]:59372[59372]:303[300]|59317[59305]:59222[59222]:96[84]
5840	48084-3294	0	34577	-1	15536at147550_7|scaffold73|-|1500|0|1|44791|48084|48084[48084]:44791[44791]:3294[3294]
5840	23730+1779	0	37197	1	110385at147550_5|scaffold73|+|196|4.865e-52|1|23730|25508|23730[23730]:25508[25508]:1779[1779]
5840	40797-926	0	37760	-1	81788at147550_4|scaffold73|-|360|2.08e-101|2|39872|40797|40797[40797]:40228[40228]:570[570]|40096[40084]:39872[39872]:225[213]
5841	60898-1633	0	6515	-1	39806at147550_1|scaffold105|-|758|3.223e-221|3|59266|60898|60898[60898]:60170[60170]:729[729]|60122[60107]:59463[59463]:660[645]|59388[59388]:59266[59266]:123[123]
5841	48303+915	0	14239	1	74680at147550_5|scaffold105|+|490|1.529e-140|2|48303|49217|48303[48303]:48446[48446]:144[144]|48498[48498]:49217[49217]:720[720]
5841	72731+789	0	15963	1	100854at147550_5|scaffold105|+|225|9.062e-61|1|72731|73519|72731[72731]:73519[73519]:789[789]
5841	26808-2934	0	18481	-1	7820at147550_1|scaffold105|-|854|4.068e-250|4|23875|26808|26808[26808]:26347[26347]:462[462]|26293[26287]:26246[26246]:48[42]|26056[26056]:24839[24839]:1218[1218]|24765[24765]:23875[23875]:891[891]
5841	10284+5495	0	19061	1	2913at147550_3|scaffold105|+|2396|0|3|10284|15778|10284[10284]:10655[10655]:372[372]|10704[10707]:14804[14804]:4101[4098]|14855[14858]:15778[15778]:924[921]
5841	21039-4311	0	19278	-1	5502at147550_7|scaffold105|-|1584|0|4|16729|21039|21039[21039]:20980[20980]:60[60]|20902[20902]:18032[18032]:2871[2871]|17981[17975]:17253[17253]:729[723]|17196[17196]:16729[16729]:468[468]
5841	55956+1386	0	28863	1	27909at147550_5|scaffold105|+|491|7.643e-141|1|55956|57341|55956[55956]:57341[57341]:1386[1386]
5841	49977+2924	0	29268	1	54667at147550_9|scaffold105|+|882|1.515e-258|2|49977|52900|49977[49977]:50030[50030]:54[54]|50111[50114]:52900[52900]:2790[2787]
5841	9846-2028	0	30515	-1	27235at147550_5|scaffold105|-|891|2.96e-261|1|7819|9846|9846[9846]:7819[7819]:2028[2028]
5841	45243-1310	0	32371	-1	63619at147550_9|scaffold105|-|399|3.784e-113|2|43934|45243|45243[45243]:44980[44980]:264[264]|44908[44908]:43934[43934]:975[975]
5841	63733+1637	0	34945	1	39723at147550_9|scaffold105|+|776|1.229e-226|2|63733|65369|63733[63733]:64272[64272]:540[540]|64338[64338]:65369[65369]:1032[1032]
5841	86047-1637	0	38744	-1	32578at147550_2|scaffold105|-|307|1.874e-85|3|84411|86047|86047[86047]:85121[85121]:927[927]|85061[85061]:84744[84744]:318[318]|84641[84641]:84411[84411]:231[231]
5841	47080-699	0	39776	-1	89253at147550_7|scaffold105|-|343|2.727e-96|3|46382|47080|47080[47080]:46895[46895]:186[186]|46819[46819]:46514[46514]:306[306]|46471[46471]:46382[46382]:90[90]
5842	41877+2149	0	1089	1	25289at147550_2|scaffold137|+|764|5.036e-223|3|41877|44025|41877[41877]:42506[42506]:630[630]|42567[42567]:42728[42728]:162[162]|43081[43081]:44025[44025]:945[945]
5842	144069+3235	0	4713	1	25518at147550_3|scaffold137|+|1185|0|2|144069|147303|144069[144069]:144233[144233]:165[165]|144358[144358]:147303[147303]:2946[2946]
5842	112126+4430	0	7959	1	3281at147550_3|scaffold137|+|1870|0|3|112126|116555|112126[112126]:112794[112794]:669[669]|112865[112904]:114514[114514]:1650[1611]|114534[114570]:116555[116555]:2022[1986]
5842	159876+702	0	10281	1	107665at147550_2|scaffold137|+|209|5.939e-56|1|159876|160577|159876[159876]:160577[160577]:702[702]
5842	7241+1056	0	10391	1	57007at147550_6|scaffold137|+|593|1.507e-171|1|7241|8296|7241[7241]:8296[8296]:1056[1056]
5842	111216-1894	0	12418	-1	88198at147550_7|scaffold137|-|506|2.332e-145|3|109323|111216|111216[111216]:110563[110563]:654[654]|109942[109942]:109745[109745]:198[198]|109703[109679]:109323[109323]:381[357]
5842	85283+3520	0	14768	1	7134at147550_7|scaffold137|+|1755|0|4|85283|88802|85283[85283]:85420[85420]:138[138]|85495[85495]:87639[87639]:2145[2145]|87734[87740]:87823[87823]:90[84]|88248[88248]:88802[88802]:555[555]
5842	101503+3144	0	19166	1	29341at147550_8|scaffold137|+|1142|0|8|101503|104646|101503[101503]:101610[101610]:108[108]|101666[101669]:101722[101722]:57[54]|101767[101779]:102345[102345]:579[567]|102394[102403]:102801[102801]:408[399]|102807[102852]:103106[103106]:300[255]|103143[103161]:103697[103697]:555[537]|103744[103747]:104280[104280]:537[534]|104344[104344]:104646[104646]:303[303]
5842	76812+2000	0	19350	1	5696at147550_8|scaffold137|+|223|3.625e-60|2|76812|78811|76812[76812]:77324[77324]:513[513]|77825[77825]:78811[78811]:987[987]
5842	35981+3471	0	19411	1	9349at147550_6|scaffold137|+|1597|0|4|35981|39451|35981[35981]:36136[36136]:156[156]|36233[36233]:36343[36343]:111[111]|36408[36408]:36707[36707]:300[300]|36758[36758]:39451[39451]:2694[2694]
5842	14707+1163	0	21589	1	55550at147550_9|scaffold137|+|115|1.176e-27|2|14707|15869|14707[14707]:14907[14907]:201[201]|14979[14979]:15869[15869]:891[891]
5842	40748-894	0	22351	-1	86712at147550_8|scaffold137|-|312|5.856e-87|1|39855|40748|40748[40748]:39855[39855]:894[894]
5842	10921-1860	0	27672	-1	15642at147550_3|scaffold137|-|285|7.86e-79|1|9062|10921|10921[10921]:9062[9062]:1860[1860]
5842	82466-2103	0	33420	-1	41839at147550_3|scaffold137|-|880|6.061e-258|7|80364|82466|82466[82466]:82419[82419]:48[48]|82357[82354]:82238[82238]:120[117]|82190[82175]:82080[82080]:111[96]|82030[82027]:81980[81980]:51[48]|81928[81919]:81614[81614]:315[306]|81583[81562]:80996[80996]:588[567]|80942[80933]:80364[80364]:579[570]
5842	84734-1422	0	37845	-1	52587at147550_7|scaffold137|-|665|3.192e-193|4|83313|84734|84734[84734]:84669[84669]:66[66]|84570[84570]:84526[84526]:45[45]|84475[84454]:84380[84380]:96[75]|84323[84323]:83313[83313]:1011[1011]
5842	94455-666	0	40218	-1	99107at147550_7|scaffold137|-|205|9.502e-55|1|93790|94455|94455[94455]:93790[93790]:666[666]
5842	45312+978	0	40746	1	86820at147550_2|scaffold137|+|304|1.499e-84|1|45312|46289|45312[45312]:46289[46289]:978[978]
5842	165231+3788	0	41314	1	62773at147550_7|scaffold137|+|786|1.201e-229|2|165231|169018|165231[165231]:168323[168323]:3093[3093]|168374[168374]:169018[169018]:645[645]
5843	139976-1869	0	9618	-1	55362at147550_7|scaffold169|-|355|6.658e-100|1|138108|139976|139976[139976]:138108[138108]:1869[1869]
5843	49401+908	0	13442	1	102697at147550_6|scaffold169|+|246|4.321e-67|2|49401|50308|49401[49401]:49511[49511]:111[111]|49907[49907]:50308[50308]:402[402]
5843	28305-1614	0	16029	-1	43396at147550_5|scaffold169|-|765|2.518e-223|1|26692|28305|28305[28305]:26692[26692]:1614[1614]
5843	115817-1177	0	22125	-1	62572at147550_4|scaffold169|-|560|1.295e-161|3|114641|115817|115817[115817]:115647[115647]:171[171]|115593[115581]:114988[114988]:606[594]|114934[114922]:114641[114641]:294[282]
5843	59669+2077	0	27274	1	52779at147550_5|scaffold169|+|425|5.639e-121|2|59669|61745|59669[59669]:60739[60739]:1071[1071]|60801[60801]:61745[61745]:945[945]
5843	6843+1513	0	30054	1	34845at147550|scaffold169|+|159|6.686e-41|2|6843|8355|6843[6843]:7730[7730]:888[888]|7774[7801]:8355[8355]:582[555]
5843	139916-4407	0	30074	-1	55362at147550|scaffold169|-|824|4.368e-241|2|135510|139916|139916[139916]:138120[138120]:1797[1797]|136721[136712]:135510[135510]:1212[1203]
5846	2643-1137	0	1245	-1	84100at147550_3|scaffold265|-|383|2.48e-108|5|1507|2643|2643[2643]:2575[2575]:69[69]|2432[2432]:2385[2385]:48[48]|2179[2158]:1982[1982]:198[177]|1901[1898]:1803[1803]:99[96]|1752[1710]:1507[1507]:246[204]
5846	62714+1621	0	3234	1	38227at147550_5|scaffold265|+|614|7.187e-178|2|62714|64334|62714[62714]:63133[63133]:420[420]|63156[63189]:64334[64334]:1179[1146]
5846	51294+2267	0	6225	1	17765at147550_1|scaffold265|+|918|2.205e-269|3|51294|53560|51294[51294]:52289[52289]:996[996]|52367[52367]:52984[52984]:618[618]|53033[53036]:53560[53560]:528[525]
5846	74878+3718	0	8483	1	35222at147550_9|scaffold265|+|1379|0|7|74878|78595|74878[74878]:75006[75006]:129[129]|75109[75112]:75750[75750]:642[639]|75788[75803]:75991[75991]:204[189]|76066[76066]:76260[76260]:195[195]|76316[76316]:76492[76492]:177[177]|77468[77468]:77929[77929]:462[462]|77987[77990]:78595[78595]:609[606]
5846	34146+2557	0	16417	1	66814at147550_6|scaffold265|+|746|1.32e-217|4|34146|36702|34146[34146]:34265[34265]:120[120]|34403[34409]:34654[34654]:252[246]|34892[34892]:35017[35017]:126[126]|35482[35485]:36702[36702]:1221[1218]
5846	45912-901	0	17822	-1	83234at147550_1|scaffold265|-|410|1.848e-116|2|45012|45912|45912[45912]:45625[45625]:288[288]|45569[45569]:45012[45012]:558[558]
5846	28902-1017	0	18107	-1	65413at147550_9|scaffold265|-|524|8.897e-151|2|27886|28902|28902[28902]:28690[28690]:213[213]|28557[28557]:27886[27886]:672[672]
5846	54429+1021	0	19349	1	92723at147550_6|scaffold265|+|304|1.499e-84|4|54429|55449|54429[54429]:54581[54581]:153[153]|54745[54745]:55056[55056]:312[312]|55177[55186]:55281[55281]:105[96]|55336[55342]:55449[55449]:114[108]
5846	42228-2534	0	19850	-1	11908at147550_6|scaffold265|-|1350|0|3|39695|42228|42228[42228]:42112[42112]:117[117]|41782[41782]:39809[39809]:1974[1974]|39760[39751]:39695[39695]:66[57]
5846	74421-1406	0	24327	-1	50725at147550_6|scaffold265|-|757|6.446e-221|3|73016|74421|74421[74421]:74236[74236]:186[186]|74176[74170]:74093[74093]:84[78]|74020[74020]:73016[73016]:1005[1005]
5846	32153-1766	0	30131	-1	35160at147550|scaffold265|-|886|9.471e-260|5|30388|32153|32153[32153]:32043[32043]:111[111]|31896[31896]:31831[31831]:66[66]|31767[31755]:31561[31561]:207[195]|31505[31502]:30492[30492]:1014[1011]|30447[30417]:30388[30388]:60[30]
5846	56880-781	0	32304	-1	80358at147550_5|scaffold265|-|423|2.256e-120|3|56100|56880|56880[56880]:56677[56677]:204[204]|56628[56607]:56533[56533]:96[75]|56483[56456]:56100[56100]:384[357]
5846	61851-649	0	32563	-1	104765at147550_2|scaffold265|-|249|5.401e-68|3|61203|61851|61851[61851]:61720[61720]:132[132]|61676[61658]:61596[61596]:81[63]|61535[61535]:61203[61203]:333[333]
5846	9732-546	0	32847	-1	41724at147550_2|scaffold265|-|78|1.617e-16|1|9187|9732|9732[9732]:9187[9187]:546[546]
5846	13312-528	0	35347	-1	85406at147550|scaffold265|-|57|3.39e-10|1|12785|13312|13312[13312]:12785[12785]:528[528]
5846	24096+2715	0	35473	1	54073at147550_4|scaffold265|+|707|7.257e-206|1|24096|26810|24096[24096]:26810[26810]:2715[2715]
5846	48494+316	0	37741	1	108443at147550_1|scaffold265|+|131|1.795e-32|2|48494|48809|48494[48494]:48697[48697]:204[204]|48765[48765]:48809[48809]:45[45]
5846	48557-1778	0	40365	-1	103692at147550_2|scaffold265|-|259|5.275e-71|2|46780|48557|48557[48557]:48498[48498]:60[60]|47778[47778]:46780[46780]:999[999]
5846	38335+576	0	41757	1	100882at147550_4|scaffold265|+|141|1.753e-35|1|38335|38910|38335[38335]:38910[38910]:576[576]
5847	18420-927	0	31299	-1	25940at147550_6|scaffold297|-|58|1.695e-10|1|17494|18420|18420[18420]:17494[17494]:927[927]
5849	95522+2662	0	6100	1	51270at147550_6|scaffold361|+|601|5.888e-174|2|95522|98183|95522[95522]:96112[96112]:591[591]|96195[96195]:98183[98183]:1989[1989]
5849	9383-1491	0	6127	-1	40016at147550_0|scaffold361|-|405|5.913e-115|2|7893|9383|9383[9383]:8895[8895]:489[489]|8798[8795]:7893[7893]:906[903]
5849	6317+1175	0	8507	1	58533at147550_8|scaffold361|+|672|2.493e-195|2|6317|7491|6317[6317]:6856[6856]:540[540]|6916[6919]:7491[7491]:576[573]
5849	42833+1756	0	8804	1	27007at147550_7|scaffold361|+|293|3.07e-81|2|42833|44588|42833[42833]:43723[43723]:891[891]|43920[43920]:44588[44588]:669[669]
5849	51820+1443	0	11351	1	40016at147550_4|scaffold361|+|446|2.689e-127|3|51820|53262|51820[51820]:51903[51903]:84[84]|51952[51973]:53067[53067]:1116[1095]|53155[53155]:53262[53262]:108[108]
5849	72956+1719	0	19273	1	65984at147550_7|scaffold361|+|672|2.493e-195|1|72956|74674|72956[72956]:74674[74674]:1719[1719]
5849	94051-856	0	20595	-1	71700at147550_0|scaffold361|-|464|1.026e-132|3|93196|94051|94051[94051]:93854[93854]:198[198]|93800[93791]:93384[93384]:417[408]|93321[93321]:93196[93196]:126[126]
5849	105350-2520	0	25898	-1	54330at147550_9|scaffold361|-|630|1.097e-182|1|102831|105350|105350[105350]:102831[102831]:2520[2520]
5849	91996+846	0	34495	1	78659at147550_9|scaffold361|+|402|4.731e-114|1|91996|92841|91996[91996]:92841[92841]:846[846]
5849	13765-1496	0	36956	-1	48743at147550_6|scaffold361|-|351|1.065e-98|2|12270|13765|13765[13765]:12575[12575]:1191[1191]|12539[12497]:12270[12270]:270[228]
5849	21721+2787	0	40700	1	23252at147550_4|scaffold361|+|896|9.249e-263|3|21721|24507|21721[21721]:23031[23031]:1311[1311]|23081[23084]:23737[23737]:657[654]|23791[23791]:24507[24507]:717[717]
18228	1203-990	0	18163	-1	82747at147550_5|C183904|-|357|1.664e-100|1|214|1203|1203[1203]:214[214]:990[990]
18252	12293-612	0	3395	-1	60995at147550_3|scaffold698|-|130|3.59e-32|1|11682|12293|12293[12293]:11682[11682]:612[612]
18252	8947+2258	0	4499	1	51076at147550_0|scaffold698|+|717|7.087e-209|2|8947|11204|8947[8947]:9084[9084]:138[138]|9726[9762]:11204[11204]:1479[1443]
18252	16813+1404	0	5469	1	32249at147550_4|scaffold698|+|611|5.75e-177|1|16813|18216|16813[16813]:18216[18216]:1404[1404]
18252	7126+821	0	10829	1	73790at147550_2|scaffold698|+|379|3.968e-107|2|7126|7946|7126[7126]:7200[7200]:75[75]|7272[7272]:7946[7946]:675[675]
18252	13872+917	0	20726	1	81682at147550_5|scaffold698|+|257|2.11e-70|3|13872|14788|13872[13872]:14216[14216]:345[345]|14329[14329]:14487[14487]:159[159]|14552[14564]:14788[14788]:237[225]
18252	46754+557	0	38605	1	93246at147550_2|scaffold698|+|239|5.531e-65|2|46754|47310|46754[46754]:47146[47146]:393[393]|47224[47224]:47310[47310]:87[87]
18255	3240-1709	0	135	-1	95985at147550_5|scaffold794|-|311|1.171e-86|3|1532|3240|3240[3240]:3139[3139]:102[102]|3041[3041]:2127[2127]:915[915]|2086[2056]:1532[1532]:555[525]
18255	288+838	0	35306	1	102217at147550|scaffold794|+|221|1.45e-59|2|288|1125|288[288]:377[377]:90[90]|553[556]:1125[1125]:573[570]
1481	2257+1354	0	27775	1	75387at147550_8|scaffold675|+|334|1.396e-93|2|2257|3610|2257[2257]:3399[3399]:1143[1143]|3455[3494]:3610[3610]:156[117]
8040	23889+1350	0	6251	1	52233at147550_9|scaffold492|+|790|7.504e-231|1|23889|25238|23889[23889]:25238[25238]:1350[1350]
8040	82006+1272	0	10434	1	80565at147550_6|scaffold492|+|153|4.279e-39|1|82006|83277|82006[82006]:83277[83277]:1272[1272]
8040	41057-1225	0	11004	-1	85652at147550_5|scaffold492|-|363|2.601e-102|3|39833|41057|41057[41057]:40479[40479]:579[579]|40422[40398]:40096[40096]:327[303]|40048[40015]:39833[39833]:216[183]
8040	16496-1488	0	12795	-1	23722at147550_2|scaffold492|-|143|4.382e-36|1|15009|16496|16496[16496]:15009[15009]:1488[1488]
8040	63401+1297	0	16445	1	55034at147550_6|scaffold492|+|389|3.875e-110|3|63401|64697|63401[63401]:64066[64066]:666[666]|64118[64118]:64240[64240]:123[123]|64308[64308]:64697[64697]:390[390]
8040	62437-756	0	25581	-1	103721at147550_1|scaffold492|-|191|1.557e-50|3|61682|62437|62437[62437]:62351[62351]:87[87]|62124[62124]:62065[62065]:60[60]|61861[61861]:61682[61682]:180[180]
8040	84751-1091	0	26993	-1	71100at147550_6|scaffold492|-|451|8.403e-129|3|83661|84751|84751[84751]:84629[84629]:123[123]|84453[84453]:84163[84163]:291[291]|84020[84014]:83661[83661]:360[354]
8040	111151-1446	0	28138	-1	54725at147550_2|scaffold492|-|603|1.472e-174|1|109706|111151|111151[111151]:109706[109706]:1446[1446]
8040	85714+1212	0	29544	1	54449at147550_6|scaffold492|+|100|3.854e-23|1|85714|86925|85714[85714]:86925[86925]:1212[1212]
8040	114976-339	0	31296	-1	88950at147550_0|scaffold492|-|187|2.491e-49|1|114638|114976|114976[114976]:114638[114638]:339[339]
8040	11824-505	0	31520	-1	98342at147550_9|scaffold492|-|148|1.369e-37|2|11320|11824|11824[11824]:11540[11540]:285[285]|11463[11460]:11320[11320]:144[141]
8040	4022+1941	0	40479	1	16258at147550_3|scaffold492|+|475|5.009e-136|1|4022|5962|4022[4022]:5962[5962]:1941[1941]
13143	11383-843	0	4886	-1	27007at147550_4|scaffold499|-|84|2.526e-18|1|10541|11383|11383[11383]:10541[10541]:843[843]
13143	43337+3544	0	10119	1	35060at147550_6|scaffold499|+|1158|0|3|43337|46880|43337[43337]:43864[43864]:528[528]|43939[43942]:46155[46155]:2217[2214]|46224[46227]:46880[46880]:657[654]
13143	42436-1035	0	13361	-1	68653at147550_7|scaffold499|-|376|3.175e-106|1|41402|42436|42436[42436]:41402[41402]:1035[1035]
13147	4090-3065	0	1259	-1	9974at147550_1|scaffold627|-|1005|1.425e-295|2|1026|4090|4090[4090]:1628[1628]:2463[2463]|1583[1568]:1026[1026]:558[543]
13147	11530+1542	0	17289	1	18279at147550_2|scaffold627|+|131|1.795e-32|1|11530|13071|11530[11530]:13071[13071]:1542[1542]
9502	18466-1688	0	521	-1	43917at147550_9|scaffold622|-|803|9.16e-235|2|16779|18466|18466[18466]:18281[18281]:186[186]|18197[18188]:16779[16779]:1419[1410]
9502	32448-1050	0	5054	-1	30768at147550_3|scaffold622|-|282|6.288e-78|1|31399|32448|32448[32448]:31399[31399]:1050[1050]
9502	23771-1632	0	5270	-1	27428at147550|scaffold622|-|112|9.41e-27|1|22140|23771|23771[23771]:22140[22140]:1632[1632]
9502	9066-1344	0	9680	-1	66562at147550_8|scaffold622|-|714|5.67e-208|1|7723|9066|9066[9066]:7723[7723]:1344[1344]
9502	28545-1155	0	16612	-1	48666at147550_3|scaffold622|-|510|1.458e-146|1|27391|28545|28545[28545]:27391[27391]:1155[1155]
9502	34300+1364	0	18570	1	73952at147550_7|scaffold622|+|565|4.046e-163|2|34300|35663|34300[34300]:34635[34635]:336[336]|34734[34734]:35663[35663]:930[930]
9504	22378+756	0	7905	1	68418at147550|scaffold686|+|136|5.609e-34|1|22378|23133|22378[22378]:23133[23133]:756[756]
9504	13980-642	0	13863	-1	52951at147550_6|scaffold686|-|89|7.894e-20|1|13339|13980|13980[13980]:13339[13339]:642[642]
9504	3319-1517	0	15903	-1	68217at147550_9|scaffold686|-|524|8.897e-151|2|1803|3319|3319[3319]:3041[3041]:279[279]|2483[2477]:1803[1803]:681[675]
9504	3931+2006	0	20211	1	28349at147550_6|scaffold686|+|909|1.129e-266|2|3931|5936|3931[3931]:4164[4164]:234[234]|4248[4248]:5936[5936]:1689[1689]
9505	29437+1032	0	7333	1	52951at147550_1|scaffold718|+|123|4.595e-30|1|29437|30468|29437[29437]:30468[30468]:1032[1032]
9508	19236+1653	0	224	1	54966at147550_5|scaffold814|+|870|6.207e-255|1|19236|20888|19236[19236]:20888[20888]:1653[1653]
9508	16804+1530	0	33038	1	48743at147550_3|scaffold814|+|175|1.02e-45|1|16804|18333|16804[16804]:18333[18333]:1530[1530]
9508	22676-1040	0	36253	-1	57324at147550_4|scaffold814|-|371|1.016e-104|2|21637|22676|22676[22676]:21879[21879]:798[798]|21762[21759]:21637[21637]:126[123]
9509	8827+1742	0	6106	1	58396at147550_8|scaffold846|+|654|6.537e-190|2|8827|10568|8827[8827]:10413[10413]:1587[1587]|10464[10482]:10568[10568]:105[87]
10220	24121+639	0	15213	1	80012at147550_5|scaffold271|+|203|3.801e-54|3|24121|24759|24121[24121]:24303[24303]:183[183]|24396[24396]:24503[24503]:108[108]|24604[24607]:24759[24759]:156[153]
10220	21790-1869	0	37237	-1	77409at147550_6|scaffold271|-|568|5.057e-164|4|19922|21790|21790[21790]:21704[21704]:87[87]|21627[21621]:21580[21580]:48[42]|21532[21502]:21440[21440]:93[63]|21355[21352]:19922[19922]:1434[1431]
10220	27431-1179	0	37373	-1	57539at147550_8|scaffold271|-|431|8.811e-123|1|26253|27431|27431[27431]:26253[26253]:1179[1179]
10221	39683+792	0	2908	1	52274at147550_5|scaffold303|+|78|1.617e-16|1|39683|40474|39683[39683]:40474[40474]:792[792]
10221	37554-1329	0	21225	-1	34105at147550_3|scaffold303|-|181|1.594e-47|1|36226|37554|37554[37554]:36226[36226]:1329[1329]
10221	43389+627	0	28918	1	93357at147550_7|scaffold303|+|145|1.096e-36|1|43389|44015|43389[43389]:44015[44015]:627[627]
10221	41979-1167	0	41734	-1	68790at147550_8|scaffold303|-|387|1.55e-109|1|40813|41979|41979[41979]:40813[40813]:1167[1167]
4401	15217-1965	0	4622	-1	60331at147550_8|scaffold679|-|981|2.391e-288|1|13253|15217|15217[15217]:13253[13253]:1965[1965]
4401	35697+1119	0	13968	1	33917at147550_6|scaffold679|+|215|9.279e-58|1|35697|36815|35697[35697]:36815[36815]:1119[1119]
4401	8372+2608	0	22488	1	90480at147550_0|scaffold679|+|485|4.891e-139|2|8372|10979|8372[8372]:8506[8506]:135[135]|9576[9576]:10979[10979]:1404[1404]
4401	30950-1489	0	28373	-1	36638at147550_6|scaffold679|-|363|2.601e-102|3|29462|30950|30950[30950]:30444[30444]:507[507]|30317[30317]:30153[30153]:165[165]|30103[30103]:29462[29462]:642[642]
4401	36393+648	0	29913	1	53190at147550_1|scaffold679|+|118|1.47e-28|1|36393|37040|36393[36393]:37040[37040]:648[648]
4401	47188+1224	0	30139	1	7097at147550|scaffold679|+|133|4.487e-33|1|47188|48411|47188[47188]:48411[48411]:1224[1224]
4402	11194-939	0	14043	-1	85605at147550_1|scaffold711|-|104|2.409e-24|1|10256|11194|11194[11194]:10256[10256]:939[939]
4402	8865+279	0	14868	1	104882at147550_0|scaffold711|+|48|1.736e-07|1|8865|9143|8865[8865]:9143[9143]:279[279]
4402	4562-2091	0	35835	-1	27315at147550_8|scaffold711|-|1048|1.62e-308|2|2472|4562|4562[4562]:3990[3990]:573[573]|3926[3920]:2472[2472]:1455[1449]
4403	2523-1646	0	2852	-1	67339at147550_2|scaffold743|-|500|1.493e-143|3|878|2523|2523[2523]:1558[1558]:966[966]|1471[1471]:1103[1103]:369[369]|985[985]:878[878]:108[108]
4403	34576+2824	0	4447	1	14129at147550_6|scaffold743|+|1202|0|2|34576|37399|34576[34576]:35256[35256]:681[681]|35309[35312]:37399[37399]:2091[2088]
4403	72857+1621	0	8518	1	26559at147550_7|scaffold743|+|399|3.784e-113|3|72857|74477|72857[72857]:73645[73645]:789[789]|73768[73768]:73917[73917]:150[150]|73950[73950]:74477[74477]:528[528]
4403	62845-993	0	11700	-1	52380at147550_3|scaffold743|-|503|1.866e-144|1|61853|62845|62845[62845]:61853[61853]:993[993]
4403	63402+5265	0	22153	1	5521at147550_1|scaffold743|+|1766|0|3|63402|68666|63402[63402]:63524[63524]:123[123]|63590[63590]:64345[64345]:756[756]|64968[64968]:68666[68666]:3699[3699]
4403	24405-2964	0	22643	-1	39220at147550_5|scaffold743|-|1043|5.184e-307|1|21442|24405|24405[24405]:21442[21442]:2964[2964]
4403	28952+1842	0	33678	1	69373at147550_2|scaffold743|+|466|2.564e-133|1|28952|30793|28952[28952]:30793[30793]:1842[1842]
4403	54304+2355	0	33839	1	74200at147550_5|scaffold743|+|504|9.329e-145|2|54304|56658|54304[54304]:55596[55596]:1293[1293]|55654[55666]:56658[56658]:1005[993]
4403	14289+1476	0	35775	1	6579at147550_8|scaffold743|+|106|6.023e-25|1|14289|15764|14289[14289]:15764[15764]:1476[1476]
4403	60183-1133	0	39859	-1	108583at147550_5|scaffold743|-|391|9.688e-111|2|59051|60183|60183[60183]:59731[59731]:453[453]|59656[59656]:59051[59051]:606[606]
4403	8072+1430	0	40889	1	57268at147550_9|scaffold743|+|805|2.29e-235|2|8072|9501|8072[8072]:9112[9112]:1041[1041]|9178[9178]:9501[9501]:324[324]
4404	12742-1914	0	13180	-1	24743at147550_1|scaffold775|-|1008|1.781e-296|5|10829|12742|12742[12742]:12647[12647]:96[96]|12574[12568]:12314[12314]:261[255]|12265[12262]:11849[11849]:417[414]|11793[11787]:10969[10969]:825[819]|10903[10897]:10829[10829]:75[69]
4404	18360+3491	0	18477	1	4525at147550_3|scaffold775|+|1874|0|2|18360|21850|18360[18360]:21686[21686]:3327[3327]|21758[21761]:21850[21850]:93[90]
4405	4233-2618	0	3618	-1	11090at147550_6|scaffold807|-|1396|0|5|1616|4233|4233[4233]:4180[4180]:54[54]|4119[4107]:4012[4012]:108[96]|3954[3945]:3817[3817]:138[129]|3755[3755]:1767[1767]:1989[1989]|1711[1708]:1616[1616]:96[93]
4405	6680-620	0	35017	-1	101240at147550_9|scaffold807|-|273|3.219e-75|2|6061|6680|6680[6680]:6420[6420]:261[261]|6321[6318]:6061[6061]:261[258]
4407	479+2365	0	12647	1	65145at147550_5|scaffold871|+|719|1.772e-209|2|479|2843|479[479]:1606[1606]:1128[1128]|1671[1671]:2843[2843]:1173[1173]
4407	7176-1099	0	13572	-1	58456at147550_5|scaffold871|-|442|4.302e-126|3|6078|7176|7176[7176]:7051[7051]:126[126]|6971[6971]:6630[6630]:342[342]|6572[6572]:6078[6078]:495[495]
21150	239489+14793	0	198	1	103at147550_1|scaffold126|+|5060|0|1|239489|254281|239489[239489]:254281[254281]:14793[14793]
21150	10668-4236	0	861	-1	19349at147550_7|scaffold126|-|651|5.229e-189|1|6433|10668|10668[10668]:6433[6433]:4236[4236]
21150	313236-6190	0	1170	-1	1047at147550_9|scaffold126|-|2957|0|2|307047|313236|313236[313236]:307579[307579]:5658[5658]|307541[307520]:307047[307047]:495[474]
21150	56307+952	0	1744	1	92756at147550_3|scaffold126|+|343|2.727e-96|2|56307|57258|56307[56307]:56927[56927]:621[621]|57013[57013]:57258[57258]:246[246]
21150	31336-2304	0	3322	-1	53835at147550_9|scaffold126|-|785|2.401e-229|1|29033|31336|31336[31336]:29033[29033]:2304[2304]
21150	191557-4427	0	3713	-1	66351at147550_6|scaffold126|-|508|5.831e-146|3|187131|191557|191557[191557]:191381[191381]:177[177]|190992[190992]:188437[188437]:2556[2556]|188375[188375]:187131[187131]:1245[1245]
21150	23438+3687	0	5542	1	51623at147550_7|scaffold126|+|375|6.349e-106|1|23438|27124|23438[23438]:27124[27124]:3687[3687]
21150	222839-2503	0	5562	-1	16766at147550_9|scaffold126|-|1237|0|2|220337|222839|222839[222839]:220920[220920]:1920[1920]|220873[220864]:220337[220337]:537[528]
21150	305462+381	0	9968	1	77853at147550_9|scaffold126|+|47|3.472e-07|1|305462|305842|305462[305462]:305842[305842]:381[381]
21150	214411+1935	0	11890	1	43412at147550_4|scaffold126|+|699|1.858e-203|3|214411|216345|214411[214411]:214839[214839]:429[429]|214899[214899]:215231[215231]:333[333]|215266[215287]:216345[216345]:1080[1059]
21150	96924-1569	0	13522	-1	74044at147550_2|scaffold126|-|512|3.644e-147|1|95356|96924|96924[96924]:95356[95356]:1569[1569]
21150	39470-2939	0	15689	-1	12397at147550|scaffold126|-|1053|5.063e-310|7|36532|39470|39470[39470]:39297[39297]:174[174]|39145[39133]:38840[38840]:306[294]|38786[38786]:38661[38661]:126[126]|38609[38609]:38235[38235]:375[375]|38184[38178]:37960[37960]:225[219]|37899[37899]:37627[37627]:273[273]|37539[37539]:36532[36532]:1008[1008]
21150	238979-626	0	16236	-1	102968at147550_5|scaffold126|-|259|5.275e-71|2|238354|238979|238979[238979]:238755[238755]:225[225]|238683[238677]:238354[238354]:330[324]
21150	198239+1371	0	16693	1	45896at147550_0|scaffold126|+|641|5.355e-186|3|198239|199609|198239[198239]:198295[198295]:57[57]|198363[198363]:198482[198482]:120[120]|198515[198545]:199609[199609]:1095[1065]
21150	109901+1997	0	17547	1	27428at147550_6|scaffold126|+|1001|2.28e-294|4|109901|111897|109901[109901]:110395[110395]:495[495]|110454[110454]:110741[110741]:288[288]|110837[110837]:111490[111490]:654[654]|111586[111592]:111897[111897]:312[306]
21150	323952+575	0	18092	1	88297at147550_9|scaffold126|+|178|1.275e-46|3|323952|324526|323952[323952]:324020[324020]:69[69]|324061[324082]:324132[324132]:72[51]|324206[324206]:324526[324526]:321[321]
21150	274687-849	0	18295	-1	49204at147550|scaffold126|-|131|1.795e-32|1|273839|274687|274687[274687]:273839[273839]:849[849]
21150	313937+681	0	18783	1	97510at147550_7|scaffold126|+|289|4.912e-80|1|313937|314617|313937[313937]:314617[314617]:681[681]
21150	279159-2123	0	19995	-1	17264at147550_7|scaffold126|-|953|6.418e-280|5|277037|279159|279159[279159]:279085[279085]:75[75]|279023[279023]:277917[277917]:1107[1107]|277860[277860]:277597[277597]:264[264]|277558[277540]:277478[277478]:81[63]|277393[277393]:277037[277037]:357[357]
21150	229130-2240	0	20256	-1	17631at147550_7|scaffold126|-|1064|2.472e-313|5|226891|229130|229130[229130]:228672[228672]:459[459]|228616[228610]:228005[228005]:612[606]|227941[227941]:227582[227582]:360[360]|227517[227517]:227167[227167]:351[351]|227112[227109]:226891[226891]:222[219]
21150	210838-1799	0	20557	-1	36791at147550_4|scaffold126|-|836|1.066e-244|3|209040|210838|210838[210838]:210617[210617]:222[222]|210562[210559]:209702[209702]:861[858]|209633[209633]:209040[209040]:594[594]
21150	217203+2789	0	20831	1	15515at147550_8|scaffold126|+|1215|0|6|217203|219991|217203[217203]:217916[217916]:714[714]|217977[217977]:218141[218141]:165[165]|218177[218195]:218308[218308]:132[114]|218356[218359]:218448[218448]:93[90]|218505[218505]:218690[218690]:186[186]|218741[218741]:219991[219991]:1251[1251]
21150	177298+3021	0	23296	1	49250at147550_7|scaffold126|+|796|1.172e-232|1|177298|180318|177298[177298]:180318[180318]:3021[3021]
21150	290946+930	0	24610	1	87523at147550_4|scaffold126|+|416|2.887e-118|2|290946|291875|290946[290946]:291029[291029]:84[84]|291192[291192]:291875[291875]:684[684]
21150	40516-446	0	24791	-1	107497at147550_9|scaffold126|-|91|1.973e-20|2|40071|40516|40516[40516]:40337[40337]:180[180]|40199[40199]:40071[40071]:129[129]
21150	320338+483	0	25136	1	98293at147550_2|scaffold126|+|252|6.752e-69|1|320338|320820|320338[320338]:320820[320820]:483[483]
21150	318537-1824	0	25226	-1	31062at147550_5|scaffold126|-|866|9.931e-254|3|316714|318537|318537[318537]:318424[318424]:114[114]|318276[318270]:317701[317701]:576[570]|317664[317643]:316714[316714]:951[930]
21150	32089+3134	0	25983	1	10912at147550_4|scaffold126|+|1586|0|2|32089|35222|32089[32089]:34800[34800]:2712[2712]|34872[34878]:35222[35222]:351[345]
21150	426+750	0	26399	1	80915at147550_9|scaffold126|+|174|2.041e-45|1|426|1175|426[426]:1175[1175]:750[750]
21150	67665+756	0	27606	1	85458at147550_4|scaffold126|+|287|1.965e-79|1|67665|68420|67665[67665]:68420[68420]:756[756]
21150	41562+1764	0	27683	1	74174at147550_6|scaffold126|+|327|1.787e-91|3|41562|43325|41562[41562]:42377[42377]:816[816]|42653[42653]:42880[42880]:228[228]|42936[42936]:43325[43325]:390[390]
21150	280451+3238	0	29025	1	9944at147550_9|scaffold126|+|1392|0|3|280451|283688|280451[280451]:281008[281008]:558[558]|281281[281281]:283341[283341]:2061[2061]|283410[283410]:283688[283688]:279[279]
21150	83785-1545	0	29171	-1	98874at147550_6|scaffold126|-|383|2.48e-108|1|82241|83785|83785[83785]:82241[82241]:1545[1545]
21150	63530+800	0	30632	1	94639at147550_6|scaffold126|+|359|4.161e-101|3|63530|64329|63530[63530]:63694[63694]:165[165]|63768[63771]:64160[64160]:393[390]|64222[64225]:64329[64329]:108[105]
21150	3690-1960	0	31730	-1	16598at147550_8|scaffold126|-|967|3.917e-284|2|1731|3690|3690[3690]:3307[3307]:384[384]|3233[3233]:1731[1731]:1503[1503]
21150	78128-3495	0	32434	-1	58694at147550_6|scaffold126|-|274|1.61e-75|1|74634|78128|78128[78128]:74634[74634]:3495[3495]
21150	47557+1331	0	32689	1	48411at147550|scaffold126|+|707|7.257e-206|4|47557|48887|47557[47557]:47730[47730]:174[174]|47822[47861]:48541[48541]:720[681]|48613[48613]:48705[48705]:93[93]|48756[48762]:48887[48887]:132[126]
21150	225302-1220	0	33126	-1	55213at147550_5|scaffold126|-|677|7.792e-197|3|224083|225302|225302[225302]:225168[225168]:135[135]|225103[225100]:224645[224645]:459[456]|224586[224583]:224083[224083]:504[501]
21150	213988-2297	0	33840	-1	57211at147550_7|scaffold126|-|517|1.139e-148|2|211692|213988|213988[213988]:211973[211973]:2016[2016]|211919[211916]:211692[211692]:228[225]
21150	336024-1122	0	33966	-1	53311at147550|scaffold126|-|594|7.536e-172|1|334903|336024|336024[336024]:334903[334903]:1122[1122]
21150	70381+3278	0	35679	1	6164at147550_3|scaffold126|+|1232|0|2|70381|73658|70381[70381]:71322[71322]:942[942]|71334[71373]:73658[73658]:2325[2286]
21150	295403-2491	0	35986	-1	16304at147550_6|scaffold126|-|1253|0|4|292913|295403|295403[295403]:295353[295353]:51[51]|295312[295297]:293810[293810]:1503[1488]|293774[293750]:293460[293460]:315[291]|293398[293398]:292913[292913]:486[486]
21150	236823+912	0	36275	1	97689at147550_5|scaffold126|+|406|2.957e-115|3|236823|237734|236823[236823]:236978[236978]:156[156]|237037[237037]:237216[237216]:180[180]|237264[237270]:237734[237734]:471[465]
21150	17034+1041	0	36521	1	86936at147550_6|scaffold126|+|343|2.727e-96|2|17034|18074|17034[17034]:17591[17591]:558[558]|17637[17655]:18074[18074]:438[420]
21150	208012-3087	0	36705	-1	7297at147550_5|scaffold126|-|1324|0|2|204926|208012|208012[208012]:206450[206450]:1563[1563]|206419[206392]:204926[204926]:1494[1467]
21150	12165+1740	0	36717	1	36059at147550_9|scaffold126|+|922|1.378e-270|4|12165|13904|12165[12165]:12473[12473]:309[309]|12530[12530]:12598[12598]:69[69]|12674[12674]:12823[12823]:150[150]|12876[12879]:13904[13904]:1029[1026]
21150	175302-2608	0	36774	-1	15466at147550_4|scaffold126|-|1243|0|3|172695|175302|175302[175302]:173758[173758]:1545[1545]|173670[173670]:172870[172870]:801[801]|172859[172820]:172695[172695]:165[126]
21150	303930-1995	0	40667	-1	54143at147550_6|scaffold126|-|468|6.411e-134|1|301936|303930|303930[303930]:301936[301936]:1995[1995]
21150	234331+1477	0	40994	1	55345at147550_8|scaffold126|+|446|2.689e-127|2|234331|235807|234331[234331]:234669[234669]:339[339]|234725[234755]:235807[235807]:1083[1053]
21150	233467-1149	0	41375	-1	72102at147550_9|scaffold126|-|444|1.076e-126|2|232319|233467|233467[233467]:232559[232559]:909[909]|232504[232498]:232319[232319]:186[180]
21150	16030-564	0	41679	-1	101885at147550_9|scaffold126|-|144|2.191e-36|2|15467|16030|16030[16030]:15737[15737]:294[294]|15679[15652]:15467[15467]:213[186]
21151	75127-1191	0	11003	-1	75728at147550_3|scaffold158|-|608|4.6e-176|1|73937|75127|75127[75127]:73937[73937]:1191[1191]
21151	10379-1820	0	18649	-1	101636at147550_3|scaffold158|-|509|2.915e-146|3|8560|10379|10379[10379]:9723[9723]:657[657]|9651[9648]:9523[9523]:129[126]|9465[9465]:8560[8560]:906[906]
21151	23221-1093	0	20995	-1	93079at147550|scaffold158|-|422|4.511e-120|2|22129|23221|23221[23221]:23000[23000]:222[222]|22917[22917]:22129[22129]:789[789]
21151	51630+1236	0	30365	1	95565at147550_6|scaffold158|+|123|4.595e-30|1|51630|52865|51630[51630]:52865[52865]:1236[1236]
21151	78699+1309	0	30663	1	61914at147550_2|scaffold158|+|635|3.427e-184|2|78699|80007|78699[78699]:79091[79091]:393[393]|79237[79249]:80007[80007]:771[759]
21151	76578+1348	0	34045	1	53755at147550|scaffold158|+|553|1.657e-159|3|76578|77925|76578[76578]:76787[76787]:210[210]|76947[76947]:77285[77285]:339[339]|77338[77353]:77925[77925]:588[573]
21151	30169+1785	0	38516	1	77491at147550_2|scaffold158|+|573|1.58e-165|1|30169|31953|30169[30169]:31953[31953]:1785[1785]
21151	23704+522	0	40043	1	106272at147550_9|scaffold158|+|222|7.249e-60|1|23704|24225|23704[23704]:24225[24225]:522[522]
21151	65538-648	0	41068	-1	69109at147550_0|scaffold158|-|115|1.176e-27|1|64891|65538|65538[65538]:64891[64891]:648[648]
21152	98432-1903	0	2317	-1	86350at147550_5|scaffold190|-|336|3.49e-94|2|96530|98432|98432[98432]:98175[98175]:258[258]|97912[97912]:96530[96530]:1383[1383]
21152	129165+2628	0	3098	1	10591at147550_4|scaffold190|+|1283|0|1|129165|131792|129165[129165]:131792[131792]:2628[2628]
21152	170214-552	0	4385	-1	88300at147550_5|scaffold190|-|174|2.041e-45|2|169663|170214|170214[170214]:169939[169939]:276[276]|169839[169839]:169663[169663]:177[177]
21152	166572+2708	0	6885	1	11882at147550_4|scaffold190|+|739|1.69e-215|2|166572|169279|166572[166572]:168455[168455]:1884[1884]|168590[168590]:169279[169279]:690[690]
21152	91651-839	0	13508	-1	78088at147550_5|scaffold190|-|419|3.609e-119|2|90813|91651|91651[91651]:91586[91586]:66[66]|91523[91523]:90813[90813]:711[711]
21152	88351-1673	0	14035	-1	35970at147550_5|scaffold190|-|233|3.54e-63|2|86679|88351|88351[88351]:87845[87845]:507[507]|87779[87779]:86679[86679]:1101[1101]
21152	95091+876	0	14307	1	92124at147550_5|scaffold190|+|190|3.114e-50|1|95091|95966|95091[95091]:95966[95966]:876[876]
21152	177108-633	0	14751	-1	108394at147550_3|scaffold190|-|151|1.712e-38|1|176476|177108|177108[177108]:176476[176476]:633[633]
21152	74006+4701	0	15049	1	9758at147550_4|scaffold190|+|1578|0|4|74006|78706|74006[74006]:74215[74215]:210[210]|74368[74368]:74805[74805]:438[438]|74865[74877]:75161[75161]:297[285]|75218[75218]:78706[78706]:3489[3489]
21152	24398+2334	0	21286	1	32837at147550_8|scaffold190|+|459|3.282e-131|1|24398|26731|24398[24398]:26731[26731]:2334[2334]
21152	92619+429	0	21669	1	106299at147550_0|scaffold190|+|175|1.02e-45|2|92619|93047|92619[92619]:92684[92684]:66[66]|92865[92868]:93047[93047]:183[180]
21152	185430-1625	0	22420	-1	30816at147550_8|scaffold190|-|736|1.352e-214|2|183806|185430|185430[185430]:183997[183997]:1434[1434]|183943[183937]:183806[183806]:138[132]
21152	152056+2582	0	23549	1	9259at147550|scaffold190|+|535|4.344e-154|3|152056|154637|152056[152056]:153228[153228]:1173[1173]|153295[153295]:153702[153702]:408[408]|153864[153864]:154637[154637]:774[774]
21152	16236+2054	0	24093	1	71861at147550_3|scaffold190|+|423|2.256e-120|4|16236|18289|16236[16236]:16553[16553]:318[318]|16908[16908]:17507[17507]:600[600]|17563[17581]:18012[18012]:450[432]|18107[18107]:18289[18289]:183[183]
21152	64125-1762	0	27561	-1	42590at147550_4|scaffold190|-|779|1.537e-227|2|62364|64125|64125[64125]:63100[63100]:1026[1026]|63047[63038]:62364[62364]:684[675]
21152	126998+695	0	28582	1	96107at147550_0|scaffold190|+|296|3.838e-82|3|126998|127692|126998[126998]:127078[127078]:81[81]|127268[127271]:127522[127522]:255[252]|127579[127579]:127692[127692]:114[114]
21152	145526+1937	0	29095	1	42882at147550_7|scaffold190|+|664|6.383e-193|2|145526|147462|145526[145526]:147130[147130]:1605[1605]|147199[147205]:147462[147462]:264[258]
21152	102238+1890	0	29137	1	45745at147550_4|scaffold190|+|896|9.249e-263|1|102238|104127|102238[102238]:104127[104127]:1890[1890]
21152	13725-3231	0	30448	-1	36151at147550_5|scaffold190|-|1105|0|1|10495|13725|13725[13725]:10495[10495]:3231[3231]
21152	70240-4632	0	32450	-1	1944at147550_4|scaffold190|-|2077|0|3|65609|70240|70240[70240]:69899[69899]:342[342]|69545[69545]:65916[65916]:3630[3630]|65803[65803]:65609[65609]:195[195]
21152	122887-4308	0	39045	-1	3672at147550_8|scaffold190|-|1819|0|3|118580|122887|122887[122887]:120320[120320]:2568[2568]|120270[120267]:119605[119605]:666[663]|119554[119548]:118580[118580]:975[969]
21153	39034+3029	0	4725	1	35676at147550_7|scaffold222|+|989|9.339e-291|3|39034|42062|39034[39034]:40347[40347]:1314[1314]|40421[40421]:41278[41278]:858[858]|41376[41376]:42062[42062]:687[687]
21153	13866-2513	0	5379	-1	20465at147550_7|scaffold222|-|1015|1.392e-298|2|11354|13866|13866[13866]:11569[11569]:2298[2298]|11545[11515]:11354[11354]:192[162]
21153	6837+1050	0	7011	1	68807at147550_5|scaffold222|+|162|8.358e-42|1|6837|7886|6837[6837]:7886[7886]:1050[1050]
21153	43650-963	0	8135	-1	76271at147550_9|scaffold222|-|513|1.822e-147|2|42688|43650|43650[43650]:43423[43423]:228[228]|43332[43329]:42688[42688]:645[642]
21153	62881-878	0	9212	-1	108159at147550|scaffold222|-|169|6.53e-44|2|62004|62881|62881[62881]:62588[62588]:294[294]|62474[62474]:62004[62004]:471[471]
21153	65058+927	0	12259	1	94948at147550_4|scaffold222|+|305|7.496e-85|3|65058|65984|65058[65058]:65114[65114]:57[57]|65192[65192]:65821[65821]:630[630]|65910[65913]:65984[65984]:75[72]
21153	59490+1461	0	13007	1	69118at147550_6|scaffold222|+|475|5.009e-136|2|59490|60950|59490[59490]:59561[59561]:72[72]|59673[59673]:60950[60950]:1278[1278]
21153	71330-1284	0	17447	-1	59415at147550_9|scaffold222|-|183|3.985e-48|1|70047|71330|71330[71330]:70047[70047]:1284[1284]
21153	24670+1626	0	18468	1	37830at147550_5|scaffold222|+|640|1.071e-185|1|24670|26295|24670[24670]:26295[26295]:1626[1626]
21153	77310-958	0	19572	-1	72213at147550_5|scaffold222|-|406|2.957e-115|2|76353|77310|77310[77310]:76741[76741]:570[570]|76685[76676]:76353[76353]:333[324]
21153	23934-7971	0	20362	-1	491at147550_7|scaffold222|-|2958|0|1|15964|23934|23934[23934]:15964[15964]:7971[7971]
21153	31465-1825	0	20663	-1	63976at147550_3|scaffold222|-|598|4.71e-173|4|29641|31465|31465[31465]:31226[31226]:240[240]|31160[31160]:31062[31062]:99[99]|31027[31021]:30821[30821]:207[201]|30732[30732]:29641[29641]:1092[1092]
21153	1667+1256	0	31290	1	69582at147550_8|scaffold222|+|514|9.111e-148|4|1667|2922|1667[1667]:1747[1747]:81[81]|1809[1815]:1907[1907]:99[93]|2006[2006]:2734[2734]:729[729]|2791[2794]:2922[2922]:132[129]
21153	15049+267	0	37700	1	105629at147550_0|scaffold222|+|169|6.53e-44|1|15049|15315|15049[15049]:15315[15315]:267[267]
21153	119113+10012	0	40550	1	13030at147550|scaffold222|+|1658|0|3|119113|129124|119113[119113]:123018[123018]:3906[3906]|127232[127232]:128578[128578]:1347[1347]|128696[128702]:129124[129124]:429[423]
21154	11693+1714	0	3198	1	45808at147550_9|scaffold254|+|676|1.558e-196|2|11693|13406|11693[11693]:11962[11962]:270[270]|12021[12021]:13406[13406]:1386[1386]
21154	130593+1212	0	13359	1	61178at147550_3|scaffold254|+|293|3.07e-81|1|130593|131804|130593[130593]:131804[131804]:1212[1212]
21154	75286-1630	0	13657	-1	67666at147550_9|scaffold254|-|602|2.944e-174|2|73657|75286|75286[75286]:74375[74375]:912[912]|74322[74319]:73657[73657]:666[663]
21154	133509+1041	0	17253	1	53369at147550_4|scaffold254|+|167|2.612e-43|1|133509|134549|133509[133509]:134549[134549]:1041[1041]
21154	122910+1477	0	18360	1	32578at147550|scaffold254|+|370|2.032e-104|2|122910|124386|122910[122910]:123053[123053]:144[144]|123151[123151]:124386[124386]:1236[1236]
21154	22579-1790	0	21900	-1	6062at147550_9|scaffold254|-|251|1.35e-68|2|20790|22579|22579[22579]:22382[22382]:198[198]|22355[22310]:20790[20790]:1566[1521]
21154	158738+1676	0	26920	1	42239at147550_0|scaffold254|+|854|4.068e-250|2|158738|160413|158738[158738]:158815[158815]:78[78]|158926[158926]:160413[160413]:1488[1488]
21154	65112+3149	0	30046	1	7820at147550|scaffold254|+|828|2.73e-242|8|65112|68260|65112[65112]:65204[65204]:93[93]|65288[65288]:65515[65515]:228[228]|65838[65838]:66302[66302]:465[465]|66334[66358]:66897[66897]:564[540]|66951[66954]:67004[67004]:54[51]|67079[67079]:67267[67267]:189[189]|67324[67327]:67584[67584]:261[258]|67640[67643]:68260[68260]:621[618]
21154	179892-931	0	30568	-1	94774at147550_8|scaffold254|-|318|9.15e-89|2|178962|179892|179892[179892]:179749[179749]:144[144]|179642[179642]:178962[178962]:681[681]
21154	191033+5112	0	31127	1	8261at147550_3|scaffold254|+|1906|0|1|191033|196144|191033[191033]:196144[196144]:5112[5112]
21154	107082-2166	0	31551	-1	16225at147550_2|scaffold254|-|558|5.179e-161|3|104917|107082|107082[107082]:106576[106576]:507[507]|106465[106465]:105818[105818]:648[648]|105759[105741]:104917[104917]:843[825]
21154	177789+1031	0	33178	1	95187at147550_6|scaffold254|+|332|5.585e-93|2|177789|178819|177789[177789]:178061[178061]:273[273]|178157[178160]:178819[178819]:663[660]
21154	78470-1077	0	34280	-1	105745at147550_3|scaffold254|-|282|6.288e-78|1|77394|78470|78470[78470]:77394[77394]:1077[1077]
21154	76093+653	0	37831	1	100760at147550_5|scaffold254|+|257|2.11e-70|2|76093|76745|76093[76093]:76449[76449]:357[357]|76509[76530]:76745[76745]:237[216]
21154	182723+1791	0	41069	1	69382at147550_2|scaffold254|+|425|5.639e-121|1|182723|184513|182723[182723]:184513[184513]:1791[1791]
21156	1900-585	0	15087	-1	49284at147550_4|scaffold318|-|91|1.973e-20|2|1316|1900|1900[1900]:1490[1490]:411[411]|1465[1465]:1316[1316]:150[150]
15334	17541+2907	0	6790	1	4057at147550_6|scaffold630|+|1442|0|1|17541|20447|17541[17541]:20447[20447]:2907[2907]
15334	33126-1228	0	12051	-1	52930at147550_8|scaffold630|-|668|3.99e-194|2|31899|33126|33126[33126]:32254[32254]:873[873]|32195[32171]:31899[31899]:297[273]
15334	49319-1281	0	24663	-1	46785at147550_5|scaffold630|-|183|3.985e-48|1|48039|49319|49319[49319]:48039[48039]:1281[1281]
15335	7764-1191	0	7586	-1	45240at147550_8|scaffold662|-|709|1.814e-206|1|6574|7764|7764[7764]:6574[6574]:1191[1191]
15335	24610+1183	0	31215	1	66982at147550_4|scaffold662|+|538|5.43e-155|2|24610|25792|24610[24610]:24888[24888]:279[279]|24980[24989]:25792[25792]:813[804]
15336	3024+2546	0	7829	1	19742at147550_8|scaffold694|+|1222|0|4|3024|5569|3024[3024]:3254[3254]:231[231]|3369[3369]:4634[4634]:1266[1266]|4684[4687]:4887[4887]:204[201]|4922[4946]:5569[5569]:648[624]
15336	28423+2589	0	24339	1	57215at147550_0|scaffold694|+|432|4.406e-123|1|28423|31011|28423[28423]:31011[31011]:2589[2589]
15337	43156-839	0	2311	-1	66639at147550_6|scaffold726|-|425|5.639e-121|2|42318|43156|43156[43156]:42998[42998]:159[159]|42932[42932]:42318[42318]:615[615]
15337	24263+828	0	5501	1	34845at147550_9|scaffold726|+|74|2.587e-15|1|24263|25090|24263[24263]:25090[25090]:828[828]
15337	9921-950	0	12158	-1	72884at147550_9|scaffold726|-|434|1.101e-123|2|8972|9921|9921[9921]:9265[9265]:657[657]|9202[9202]:8972[8972]:231[231]
15337	4853-1662	0	15010	-1	89898at147550_8|scaffold726|-|420|1.805e-119|1|3192|4853|4853[4853]:3192[3192]:1662[1662]
15337	2283-2239	0	18592	-1	23564at147550_7|scaffold726|-|1006|7.125e-296|2|45|2283|2283[2283]:1852[1852]:432[432]|1562[1556]:45[45]:1518[1512]
15337	46226-1293	0	21802	-1	84401at147550_8|scaffold726|-|90|3.947e-20|1|44934|46226|46226[46226]:44934[44934]:1293[1293]
15337	56441-4752	0	23526	-1	41920at147550|scaffold726|-|1303|0|7|51690|56441|56441[56441]:56235[56235]:207[207]|56156[56156]:54234[54234]:1923[1923]|53236[53236]:52751[52751]:486[486]|52699[52690]:52652[52652]:48[39]|52613[52595]:52461[52461]:153[135]|52378[52378]:52028[52028]:351[351]|51974[51974]:51690[51690]:285[285]
15337	47529+960	0	38758	1	60774at147550_7|scaffold726|+|522|3.559e-150|2|47529|48488|47529[47529]:47645[47645]:117[117]|47745[47745]:48488[48488]:744[744]
15338	3294-2235	0	12442	-1	70066at147550_2|scaffold758|-|778|3.073e-227|1|1060|3294|3294[3294]:1060[1060]:2235[2235]
15338	7175+1680	0	38997	1	82239at147550_3|scaffold758|+|445|5.378e-127|3|7175|8854|7175[7175]:7390[7390]:216[216]|7522[7537]:7719[7719]:198[183]|7802[7805]:8854[8854]:1053[1050]
